{"LShoulderRoll": 23.819814921217613, "LShoulderPitch": 110.9964953683976, "RShoulderRoll": -23.008126233345003, "LElbowYaw": -90, "LAnklePitch": -14.028905125977872, "RHipRoll": -1.7895150805817193, "RAnklePitch": -4.467829572107718, "LHipPitch": -6.44265894137969, "LKneePitch": 21.819049926582466, "LHipRoll": -0.13731415338419553, "RHipPitch": -10.11115568235138, "LElbowRoll": -32.36734120457285, "RKneePitch": 6.477797544219413, "RElbowRoll": 24.398701371820266, "RElbowYaw": 90, "RShoulderPitch": 92.8876838586742}