{"LShoulderRoll": 22.734597620913732, "LShoulderPitch": 100.0811958898899, "RShoulderRoll": -18.850087396789323, "LElbowYaw": -90, "LAnklePitch": -6.274456994085682, "RHipRoll": -12.655933674258076, "RAnklePitch": -20.396848664500908, "LHipPitch": -10.200261269698686, "LKneePitch": 5.8409417660963925, "LHipRoll": -0.009224443354040709, "RHipPitch": -4.112444921980256, "LElbowRoll": -17.254035468259957, "RKneePitch": 26.87408116518796, "RElbowRoll": 28.450629191554185, "RElbowYaw": 90, "RShoulderPitch": 101.88286496495715}