{"LShoulderRoll": 49.61272580484482, "LShoulderPitch": 21.14966058301914, "RShoulderRoll": -46.85392026909979, "LElbowYaw": 50.2516986306608, "LAnklePitch": -43.42190619612607, "RHipRoll": 31.251891655943233, "RAnklePitch": -4.333280518833675, "LHipPitch": -53.81183451042248, "LKneePitch": 10.510064610502383, "LHipRoll": -0.986972065001297, "RHipPitch": -5.031402824785218, "LElbowRoll": -33.11098349784976, "RKneePitch": 8.754867052368581, "RElbowRoll": 25.30802690879733, "RElbowYaw": -105.74607831124493, "RShoulderPitch": 26.6216523827429}