{"LShoulderRoll": 49.23085891687599, "LShoulderPitch": -18.69665918482557, "RShoulderRoll": -46.14464273673158, "LElbowYaw": 97.71640837278889, "LAnklePitch": -64.22762359743065, "RHipRoll": 27.06993411214673, "RAnklePitch": -3.117309914217884, "LHipPitch": -75.56769224859013, "LKneePitch": 5.654067119223214, "LHipRoll": -1.06094006921388, "RHipPitch": -5.30894494173414, "LElbowRoll": -38.04718743524785, "RKneePitch": 8.858025172622888, "RElbowRoll": 28.23689514729864, "RElbowYaw": -125.99323350874292, "RShoulderPitch": 44.850543425719}