{"LShoulderRoll": 49.0669770694686, "LShoulderPitch": -16.507512179610952, "RShoulderRoll": -49.27166849819237, "LElbowYaw": 99.2951598348522, "LAnklePitch": -51.961046743593144, "RHipRoll": 32.15585288927854, "RAnklePitch": -3.109325129600606, "LHipPitch": -71.14420622541037, "LKneePitch": 9.481678945642841, "LHipRoll": -1.0803030374733271, "RHipPitch": -5.8406465642054854, "LElbowRoll": -36.33715840512173, "RKneePitch": 11.489762126355487, "RElbowRoll": 29.29896119960091, "RElbowYaw": -112.9478426161983, "RShoulderPitch": 50.61113937958809}