{"LShoulderRoll": 50.90419063316329, "LShoulderPitch": -20.964120376918306, "RShoulderRoll": -29.970401451431478, "LElbowYaw": 102.4484154022381, "LAnklePitch": -29.248884839560752, "RHipRoll": 22.77116067750235, "RAnklePitch": -4.354503282762153, "LHipPitch": -4.064531692752865, "LKneePitch": 53.12533753276381, "LHipRoll": -1.1036446072632864, "RHipPitch": -4.5418873799547725, "LElbowRoll": -38.94159301826289, "RKneePitch": 5.541832049483759, "RElbowRoll": 42.26273282019511, "RElbowYaw": -63.970685505271774, "RShoulderPitch": 101.71603343029653}