{"LShoulderRoll": 62.795525302039955, "LShoulderPitch": 30.010058364709543, "RShoulderRoll": -34.790346749718104, "LElbowYaw": 44.34084101313665, "LAnklePitch": -27.38406874532709, "RHipRoll": 0.6062973503026595, "RAnklePitch": -26.421836822444746, "LHipPitch": -28.374775135936986, "LKneePitch": 4.10833745613229, "LHipRoll": -0.17929222360375058, "RHipPitch": -5.084999292154478, "LElbowRoll": -45.549070731921375, "RKneePitch": 25.694053680672226, "RElbowRoll": 37.01422647266051, "RElbowYaw": -68.88392812948908, "RShoulderPitch": 102.3638266564395}