{"LShoulderRoll": 52.12483842435765, "LShoulderPitch": 46.08063480976217, "RShoulderRoll": -49.024965024017504, "LElbowYaw": 26.698799798856065, "LAnklePitch": -14.040040004766013, "RHipRoll": 11.111388307463885, "RAnklePitch": -29.774408875309163, "LHipPitch": -25.652914686929577, "LKneePitch": 11.677503048672435, "LHipRoll": -0.1310517476325825, "RHipPitch": -23.042445572080894, "LElbowRoll": -42.613780166930155, "RKneePitch": 8.994135772731767, "RElbowRoll": 27.166718593995682, "RElbowYaw": -135.96106711408848, "RShoulderPitch": 127.48963854981224}