{"LShoulderRoll": 45.571613357358316, "LShoulderPitch": 42.499351188335474, "RShoulderRoll": -57.31608758484504, "LElbowYaw": 21.312691145559597, "LAnklePitch": -0.1380432301606902, "RHipRoll": 3.3176865093126704, "RAnklePitch": -28.220121166922283, "LHipPitch": -24.406349318637368, "LKneePitch": 24.808637024472603, "LHipRoll": -0.040485191126484674, "RHipPitch": -18.91591855502716, "LElbowRoll": -32.58351671476291, "RKneePitch": 13.820157367023228, "RElbowRoll": 35.57809707206394, "RElbowYaw": -119.30583935710273, "RShoulderPitch": 132.94483689207865}