{"LShoulderRoll": 36.33505178857507, "LShoulderPitch": 54.74035806122629, "RShoulderRoll": -61.2053218581634, "LElbowYaw": -12.878630327318035, "LAnklePitch": -6.568701830728003, "RHipRoll": -6.372183401913836, "RAnklePitch": -66.21761755186857, "LHipPitch": -3.2877969150269877, "LKneePitch": 3.2845976765170803, "LHipRoll": 0.053934995399190465, "RHipPitch": -67.85730386512081, "LElbowRoll": -37.58040600531467, "RKneePitch": 20.782177302033233, "RElbowRoll": 32.20167876820787, "RElbowYaw": 0, "RShoulderPitch": -4.8260210236384555}