{"LShoulderRoll": 37.77471207708415, "LShoulderPitch": 63.21174221009575, "RShoulderRoll": -64.1687486828276, "LElbowYaw": -41.220980130550025, "LAnklePitch": -7.451781134674604, "RHipRoll": -1.4468284732989156, "RAnklePitch": -68, "LHipPitch": -8.120764139789415, "LKneePitch": 5.737696944678731, "LHipRoll": 0.24082960650115165, "RHipPitch": -72.41128361236159, "LElbowRoll": -3.5484497715000884, "RKneePitch": 20.805688501373112, "RElbowRoll": 20.064047184600298, "RElbowYaw": 0, "RShoulderPitch": -12.589953465432336}