{"LShoulderRoll": 51.379952655331856, "LShoulderPitch": 54.40158222945306, "RShoulderRoll": -58.2603226983367, "LElbowYaw": -12.750001558115201, "LAnklePitch": -9.274216989275345, "RHipRoll": -18.396297186412593, "RAnklePitch": -49.217008752057204, "LHipPitch": -2.84607923112614, "LKneePitch": 6.82767732238014, "LHipRoll": 0.006104779160563976, "RHipPitch": -78.2376278174454, "LElbowRoll": -33.46767172979759, "RKneePitch": 52.472337970283235, "RElbowRoll": 26.963876570628003, "RElbowYaw": 0, "RShoulderPitch": -32.05556156151989}