{"LShoulderRoll": 27.193131489281953, "LShoulderPitch": 98.08727674456385, "RShoulderRoll": -22.6544139076648, "LElbowYaw": -90, "LAnklePitch": -12.53198308287898, "RHipRoll": 3.295061328905621, "RAnklePitch": -0.2780781335369795, "LHipPitch": -5.7045180928451344, "LKneePitch": 7.166968044731334, "LHipRoll": -0.22000940324520638, "RHipPitch": -7.801872433396696, "LElbowRoll": -24.12059383013846, "RKneePitch": 8.257129302848796, "RElbowRoll": 19.985889984667182, "RElbowYaw": 90, "RShoulderPitch": 95.70312849560132}