{"LShoulderRoll": 45.700220529107625, "LShoulderPitch": 53.27895360373618, "RShoulderRoll": -53.11739879995684, "LElbowYaw": -2.5091733875660864, "LAnklePitch": -9.326824847452343, "RHipRoll": -25.98048605837952, "RAnklePitch": -60.28750346923832, "LHipPitch": -4.774643753311565, "LKneePitch": 5.412234459061239, "LHipRoll": 0.07543529080360864, "RHipPitch": -83.21726382519118, "LElbowRoll": -44.077749541437555, "RKneePitch": 23.51118181563615, "RElbowRoll": 27.352405281590336, "RElbowYaw": 0, "RShoulderPitch": -23.49429196688292}