{"LShoulderRoll": 34.19968142212845, "LShoulderPitch": 63.71892736328519, "RShoulderRoll": -62.196240159226754, "LElbowYaw": -41.67392961550473, "LAnklePitch": -5.187421429919851, "RHipRoll": -41.604760279844655, "RAnklePitch": -46.08884932779537, "LHipPitch": -2.1436842704083006, "LKneePitch": 3.1739664860149617, "LHipRoll": 0.04850761819279306, "RHipPitch": -73.74732780693043, "LElbowRoll": -3.444419832839941, "RKneePitch": 22.277816980072686, "RElbowRoll": 31.5787017368159, "RElbowYaw": 0, "RShoulderPitch": -21.884243147061273}