{"LShoulderRoll": 35.79162007545978, "LShoulderPitch": 54.17632349831621, "RShoulderRoll": -57.996050229761636, "LElbowYaw": 0, "LAnklePitch": -8.279459737346471, "RHipRoll": -34.88641315560634, "RAnklePitch": -59.489804082411695, "LHipPitch": -1.3167503623296426, "LKneePitch": 7.338382256640983, "LHipRoll": 0.0577501338394061, "RHipPitch": -77.20790979265057, "LElbowRoll": -49.079431100059765, "RKneePitch": 17.59154283781001, "RElbowRoll": 29.741221872737754, "RElbowYaw": 0, "RShoulderPitch": -22.33444611875142}