{"LShoulderRoll": 51.629981130733476, "LShoulderPitch": 51.31174208139408, "RShoulderRoll": -58.20312870529923, "LElbowYaw": 0, "LAnklePitch": -7.526623439654571, "RHipRoll": -33.12257537230696, "RAnklePitch": -49.82945261314353, "LHipPitch": -1.0827790516330396, "LKneePitch": 6.784594042396975, "LHipRoll": 0.07618043707794048, "RHipPitch": -76.40351597135323, "LElbowRoll": -43.40128545390721, "RKneePitch": 22.64287670201685, "RElbowRoll": 31.738365660436727, "RElbowYaw": 0, "RShoulderPitch": -20.891404818772653}