{"LShoulderRoll": 45.378736782794874, "LShoulderPitch": 56.51680962497973, "RShoulderRoll": -62.85996155582505, "LElbowYaw": 0, "LAnklePitch": -7.538813269738, "RHipRoll": -35.99021653313229, "RAnklePitch": -30.115285843969083, "LHipPitch": -0.003472020111701113, "LKneePitch": 7.833727836057335, "LHipRoll": -0.0783660683144112, "RHipPitch": -41.672559696000214, "LElbowRoll": -44.561420186854264, "RKneePitch": 11.322627524187396, "RElbowRoll": 42.992281466154026, "RElbowYaw": -161.73853815132793, "RShoulderPitch": 179.83508299989927}