{"LShoulderRoll": 25.205119582490475, "LShoulderPitch": 75.94026820108287, "RShoulderRoll": -43.27606198978649, "LElbowYaw": 0, "LAnklePitch": -0.9199486243561239, "RHipRoll": -35.60628149475427, "RAnklePitch": -12.968177596283141, "LHipPitch": -8.146834921530527, "LKneePitch": 7.210615420319385, "LHipRoll": -0.21766917725448245, "RHipPitch": -18.683438310960724, "LElbowRoll": -46.48108029645971, "RKneePitch": 12.702913969325067, "RElbowRoll": 52.83738129607073, "RElbowYaw": -86.58419952497415, "RShoulderPitch": 117.18919535986504}