{"LShoulderRoll": 30.492632882495357, "LShoulderPitch": 89.31999319836503, "RShoulderRoll": -24.19569044920244, "LElbowYaw": -54.869251506507375, "LAnklePitch": -17.328520189558233, "RHipRoll": -1.9454549922535878, "RAnklePitch": -10.499815289088858, "LHipPitch": -5.810562694191944, "LKneePitch": 22.801299943871754, "LHipRoll": -0.436232822681291, "RHipPitch": -0.3561391299545136, "LElbowRoll": -44.138718805224556, "RKneePitch": 13.601075252823648, "RElbowRoll": 35.29132386505523, "RElbowYaw": -69.80120307925289, "RShoulderPitch": 97.97550124812147}