{"LShoulderRoll": 36.17404231906883, "LShoulderPitch": 96.00784290538381, "RShoulderRoll": -51.38909012096501, "LElbowYaw": -86.61663454628953, "LAnklePitch": -0.12618996262261817, "RHipRoll": -9.339559030824573, "RAnklePitch": -0.8258164817302287, "LHipPitch": -14.862815904751542, "LKneePitch": 14.731199143761188, "LHipRoll": -0.30011495910985775, "RHipPitch": -8.661251826687604, "LElbowRoll": -12.951711848917512, "RKneePitch": 9.510903683474027, "RElbowRoll": 15.77505941192885, "RElbowYaw": -233.18585437087384, "RShoulderPitch": 144.75975886036906}