{"LShoulderRoll": 16.837954787198424, "LShoulderPitch": 104.32393709147954, "RShoulderRoll": -43.45671343462065, "LElbowYaw": -90, "LAnklePitch": -2.68295536761606, "RHipRoll": 0.9321252456676716, "RAnklePitch": -6.49818419637397, "LHipPitch": -11.41377095105338, "LKneePitch": 14.750717143216207, "LHipRoll": -0.40051189691383676, "RHipPitch": -8.837796132902014, "LElbowRoll": -10.92798489445073, "RKneePitch": 15.379276780323835, "RElbowRoll": 6.968669407407958, "RElbowYaw": 88.24320409343333, "RShoulderPitch": -65.15035957866428}