{"LShoulderRoll": 15.969367398597344, "LShoulderPitch": 104.30951614555913, "RShoulderRoll": -48.604262040738575, "LElbowYaw": -90, "LAnklePitch": -2.551100720522399, "RHipRoll": -5.8703537513806765, "RAnklePitch": -7.681906195617273, "LHipPitch": -11.304514101591053, "LKneePitch": 14.056679267587782, "LHipRoll": -0.43378530640276797, "RHipPitch": -10.103742769044885, "LElbowRoll": -16.269032341942818, "RKneePitch": 19.389352791227054, "RElbowRoll": 12.332824371628988, "RElbowYaw": 68.82120880706353, "RShoulderPitch": -58.45849420297633}