{"LShoulderRoll": 27.43914491341383, "LShoulderPitch": 91.74487732678075, "RShoulderRoll": -68.11198926688127, "LElbowYaw": -90, "LAnklePitch": -1.65068982506547, "RHipRoll": -10.28603409237868, "RAnklePitch": -0.8385625367619269, "LHipPitch": -12.773087361411413, "LKneePitch": 11.806148072487503, "LHipRoll": -0.056495625531567756, "RHipPitch": -0.8889163236533619, "LElbowRoll": -15.339885890862462, "RKneePitch": 1.480490845832719, "RElbowRoll": 18.2102729738788, "RElbowYaw": -81.02219901667397, "RShoulderPitch": 151.23703934219276}