{"LShoulderRoll": 24.07788144905805, "LShoulderPitch": 98.47065509746511, "RShoulderRoll": -45.15517678294296, "LElbowYaw": -90, "LAnklePitch": -0.9513557930266501, "RHipRoll": -18.3257759753216, "RAnklePitch": -0.9681433183425412, "LHipPitch": -11.548195077181262, "LKneePitch": 12.501622843413344, "LHipRoll": -0.053784348252922734, "RHipPitch": -4.51076848275882, "LElbowRoll": -26.874660670561383, "RKneePitch": 3.954628339872073, "RElbowRoll": 42.97611770017386, "RElbowYaw": -84.00366951654337, "RShoulderPitch": 123.00751343563726}