{"LShoulderRoll": 20.75740956666796, "LShoulderPitch": 98.12059970159052, "RShoulderRoll": -29.45362027666331, "LElbowYaw": -90, "LAnklePitch": -4.293401693236859, "RHipRoll": -23.182906715740373, "RAnklePitch": -10.70558867538908, "LHipPitch": -8.79568343922287, "LKneePitch": 6.48582503879814, "LHipRoll": 0.0926662728228518, "RHipPitch": -9.704451111384671, "LElbowRoll": -24.855784013891565, "RKneePitch": 20.26641603374955, "RElbowRoll": 27.203671626541876, "RElbowYaw": -73.9628636945904, "RShoulderPitch": 97.29524679179204}