{"LShoulderRoll": 21.72818564575522, "LShoulderPitch": 103.85394911883498, "RShoulderRoll": -27.69133120320135, "LElbowYaw": -90, "LAnklePitch": -6.628452723091172, "RHipRoll": 2.6481408211362467, "RAnklePitch": -8.103929107411517, "LHipPitch": -15.140409974073535, "LKneePitch": 13.911052359226346, "LHipRoll": -0.12554201889373048, "RHipPitch": -9.752251237981383, "LElbowRoll": -35.79913745743721, "RKneePitch": 2.17609843827492, "RElbowRoll": 25.85559523366274, "RElbowYaw": 90, "RShoulderPitch": 98.48947155308998}