{"LShoulderRoll": 25.96349143742139, "LShoulderPitch": 118.2307046363814, "RShoulderRoll": -6.451204261381641, "LElbowYaw": -90, "LAnklePitch": -10.239384631221967, "RHipRoll": -27.69466569448679, "RAnklePitch": -29.416530406349047, "LHipPitch": -8.753616327128015, "LKneePitch": 1.4657339618317167, "LHipRoll": -0.32115926094584357, "RHipPitch": -14.121926993415855, "LElbowRoll": -46.9655478762287, "RKneePitch": 16.16385468281726, "RElbowRoll": 49.14275725533656, "RElbowYaw": 0, "RShoulderPitch": 67.57258509314389}