{"LShoulderRoll": 34.325017649390176, "LShoulderPitch": 158.17994888601493, "RShoulderRoll": 57.38632178948207, "LElbowYaw": 0, "LAnklePitch": -67.70338400730083, "RHipRoll": -27.707804991788183, "RAnklePitch": -42.23071504193256, "LHipPitch": -12.082664386266444, "LKneePitch": 121, "LHipRoll": -0.734834626136332, "RHipPitch": -40.48663692886646, "LElbowRoll": -99.11850081106402, "RKneePitch": 1.7169200065817165, "RElbowRoll": 114.17172238472278, "RElbowYaw": 29.279772581654992, "RShoulderPitch": -29.727005213725068}