{"LShoulderRoll": 34.31731870981891, "LShoulderPitch": 158.18568062468893, "RShoulderRoll": 35.08727046514579, "LElbowYaw": -90, "LAnklePitch": -65.77840210256475, "RHipRoll": -25.541141147931366, "RAnklePitch": -45.424154521596705, "LHipPitch": -13.780844987154751, "LKneePitch": 121, "LHipRoll": -0.8803428173420432, "RHipPitch": -43.77852838095776, "LElbowRoll": -86.54409564946116, "RKneePitch": 1.636044008730721, "RElbowRoll": 139.88891001117105, "RElbowYaw": 63.194849113588056, "RShoulderPitch": -65.19825247348159}