{"LShoulderRoll": 34.311209120631915, "LShoulderPitch": 158.19016825932272, "RShoulderRoll": 35.071692093367325, "LElbowYaw": -90, "LAnklePitch": -66.78878388759888, "RHipRoll": -24.399839647745537, "RAnklePitch": -45.123962429351984, "LHipPitch": -13.026533018644429, "LKneePitch": 121, "LHipRoll": -0.8545840215983651, "RHipPitch": -43.477805398888336, "LElbowRoll": -86.58820688364659, "RKneePitch": 1.6368658609376325, "RElbowRoll": 140.0262803802559, "RElbowYaw": 63.74164699503259, "RShoulderPitch": -65.79499875540995}