{"LShoulderRoll": 31.987333416279785, "LShoulderPitch": 91.22140666650512, "RShoulderRoll": -53.07681871375809, "LElbowYaw": -76.26386886996939, "LAnklePitch": -9.41646322223616, "RHipRoll": 1.2237582977032488, "RAnklePitch": -4.749101551828133, "LHipPitch": -12.632607896449997, "LKneePitch": 3.4627503778879145, "LHipRoll": -0.2119246448295382, "RHipPitch": -1.2993110833042039, "LElbowRoll": -14.316889250538765, "RKneePitch": 6.232088555951435, "RElbowRoll": 24.405903260262505, "RElbowYaw": 37.17555146246932, "RShoulderPitch": -71.04894710680158}