{"LShoulderRoll": 45.4343701360937, "LShoulderPitch": 97.48782251379598, "RShoulderRoll": -49.18540331891274, "LElbowYaw": -70.93661911832424, "LAnklePitch": -43.099505023196635, "RHipRoll": 17.484961851176486, "RAnklePitch": -1.955632784799974, "LHipPitch": -51.72058549835272, "LKneePitch": 15.967545280302147, "LHipRoll": -0.32131644550775607, "RHipPitch": -6.6856251255335195, "LElbowRoll": -30.598190524058396, "RKneePitch": 6.164904199529246, "RElbowRoll": 31.43927714317917, "RElbowYaw": -96.64044694889607, "RShoulderPitch": 29.329056319774054}