{"LShoulderRoll": 47.67156522774559, "LShoulderPitch": 54.854799632285754, "RShoulderRoll": -64.97573411668425, "LElbowYaw": 7.016595203412862, "LAnklePitch": -56.5562613902122, "RHipRoll": 20.503343577291137, "RAnklePitch": -3.7861879113437595, "LHipPitch": -56.692728657156856, "LKneePitch": 7.509677492822647, "LHipRoll": -0.31757563604428024, "RHipPitch": -5.194642677242982, "LElbowRoll": -31.18342851606741, "RKneePitch": 3.7209914210737622, "RElbowRoll": 19.594438377866197, "RElbowYaw": -37.76423798016428, "RShoulderPitch": -27.879953824716925}