{"LShoulderRoll": 47.86880923857015, "LShoulderPitch": 51.53128250592079, "RShoulderRoll": -64.12485780117346, "LElbowYaw": 16.6746259964145, "LAnklePitch": -55.27929508430652, "RHipRoll": 17.277697027312254, "RAnklePitch": -4.691020132858654, "LHipPitch": -53.62246608381449, "LKneePitch": 16.91652943235141, "LHipRoll": -0.3295833556593012, "RHipPitch": -5.361497028464527, "LElbowRoll": -32.926917870795904, "RKneePitch": 1.7941630908333082, "RElbowRoll": 24.720629335418806, "RElbowYaw": -56.59980425353311, "RShoulderPitch": -9.462438596065784}