{"LShoulderRoll": 47.515926627031874, "LShoulderPitch": 47.81206161564358, "RShoulderRoll": -64.68361024933199, "LElbowYaw": 12.769701461212833, "LAnklePitch": -48.04021388006973, "RHipRoll": 17.40207856163374, "RAnklePitch": -4.842275015616906, "LHipPitch": -52.2280792378976, "LKneePitch": 11.429095496546978, "LHipRoll": -0.3133370899174945, "RHipPitch": -4.805779359731702, "LElbowRoll": -35.534630934293745, "RKneePitch": 2.016226275860731, "RElbowRoll": 23.643703079134326, "RElbowYaw": -58.125302372363194, "RShoulderPitch": -9.544601649851316}