{"LShoulderRoll": 48.522725543342915, "LShoulderPitch": 39.20518346659339, "RShoulderRoll": -47.95744713646979, "LElbowYaw": 22.22304151718548, "LAnklePitch": -31.326745797680687, "RHipRoll": 20.032248518918433, "RAnklePitch": -4.209523619935112, "LHipPitch": -44.56805720301862, "LKneePitch": 13.338111654873217, "LHipRoll": -0.4953603983002699, "RHipPitch": -6.054857782971808, "LElbowRoll": -36.96121796481353, "RKneePitch": 3.9834992357286296, "RElbowRoll": 28.30173951152406, "RElbowYaw": -70.0860361885846, "RShoulderPitch": 2.2628729530943588}