{"min_typicality": [0.9450000000000001, 0.7540909090909091, 0.7011538461538461, 0.4464705882352942, 0.4714705882352941, 0.5407142857142857, 0.3914705882352941, 0.8440909090909092, 0.7949999999999999, 0.8440909090909092], "azrttywgaxxnzywmtdxttxwgaxxnzywmrzrtxywtaxlnzibmoirdlewsaxxnetwjobjavxwgajxnkthqmwytttegadxuzydlhdymlymskzxnutbmazrttywgaxxuzywmazrttywgaqlnzywmazrthywgaxxnzyw": 0.6875, "criterion2": 0, "single_results": {"oirdlewsaxxnetwj": 0.27450980392156865, "azrttywgaxxuzywm": 0.22448979591836735, "mwytttegadxuzydl": 0.22, "azrttywgaxxnzywm": 0.1836734693877551, "rzrtxywtaxlnzibm": 0.24, "azrthywgaxxnzyw": 0.20833333333333334, "tdxttxwgaxxnzywm": 0.22, "hdymlymskzxnutbm": 0.25, "azrttywgaqlnzywm": 0.23529411764705882, "objavxwgajxnkthq": 0.28}, "average_typicality Criterion1": 0.23363005202080833}