{"min_typicality": [0.96, 0.7586363636363637, 0.8395454545454546, 0.6, 0.7916666666666667, 0.6476923076923078, 0.5349999999999999, 0.7176923076923076, 0.6726923076923077, 0.5], "azrtwygtwxzxmynaawrtwygwwxfxtynaawrtwygwwezxmenaadutwxcqwxaxmynauzrtwygqnxqxmynaawmtwygwwguxvpnaawutwxcwwgdxvindazrtwyoqwxarppnaazrndygwwedxoeedbdotwxcwzxdxmpr": 0.6583333333333333, "criterion2": 0, "single_results": {"uzrtwygqnxqxmyna": 0.2, "azrtwyoqwxarppna": 0.23529411764705882, "awrtwygwwxfxtyna": 0.20408163265306123, "adutwxcqwxaxmyna": 0.22, "awutwxcwwgdxvind": 0.24, "bdotwxcwzxdxmpr": 0.22, "azrtwygtwxzxmyna": 0.1875, "awrtwygwwezxmena": 0.19607843137254902, "awmtwygwwguxvpna": 0.23529411764705882, "azrndygwwedxoeed": 0.24}, "average_typicality Criterion1": 0.2178248299319728}