{"azorwghayuphmwry": 0.23529411764705882, "aartxgwayntzmwdy": 0.2, "aartxeqayntbmwdy": 0.21568627450980393, "azrtxgwayntzmwgy": 0.16326530612244897, "akrtxgwaynjzewgy": 0.19607843137254902, "cartvewapntziwwsaartvuqayntumwnyamrtxghayntbmwgyazorwghayuphmwryakrtxgwaynjzewgyazrtxgwayntzmwgyaartxeqayntbmwdyaartxgwayntzmwdyazrtxjwayvtpmvgycartvewayntfnww": 0.6639344262295082, "amrtxghayntbmwgy": 0.22, "average_typicality": 0.21356182472989196, "azrtxjwayvtpmvgy": 0.2, "cartvewayntfnww": 0.25, "aartvuqayntumwny": 0.22, "cartvewapntziwws": 0.23529411764705882}