{"sbrvagwwghynjzyz": 0.2549019607843137, "qzitxcwwbxyntzma": 0.22, "average_typicality": 0.21099759903961585, "azrtxawwgxyntzmaqzitxcwwbxyntzmaavrvagwwgxyntzmawzftxawwgxyntzmyrirtxawjgxjnnzkaazrtxawtgxyntzmaazrjujwtuxynjzmasbrtnanebsyntzyzsbrvagwwghynjzyzazotnftwdgjnrzk": 0.6428571428571429, "wzftxawwgxyntzmy": 0.20408163265306123, "azrtxawtgxyntzma": 0.14285714285714285, "azrtxawwgxyntzma": 0.12244897959183673, "azotnftwdgjnrzk": 0.24, "sbrtnanebsyntzyz": 0.25, "avrvagwwgxyntzma": 0.21568627450980393, "rirtxawjgxjnnzka": 0.24, "azrjujwtuxynjzma": 0.22}