{"azrtxawwgxyntzmaqzitxcwwbxyntzmaavrvagwwgxyntzmawzftxawwgxyntzmyrirtxawjgxjnnzkaazrtxawtgxyntzmaazrjujwtuxynjzmasbrtnanebsyntzyzsbrvagwwghynjzyzazotnftwdgjnrzk": 0.6428571428571429, "min_typicality": [0.995, 0.7107142857142857, 0.8745454545454545, 0.8440909090909092, 0.6576923076923077, 0.9650000000000001, 0.7949999999999999, 0.5107692307692309, 0.5433333333333334, 0.5733333333333335], "criterion2": 0, "single_results": {"sbrvagwwghynjzyz": 0.2549019607843137, "qzitxcwwbxyntzma": 0.22, "wzftxawwgxyntzmy": 0.20408163265306123, "azrtxawtgxyntzma": 0.14285714285714285, "azrtxawwgxyntzma": 0.12244897959183673, "azotnftwdgjnrzk": 0.24, "sbrtnanebsyntzyz": 0.25, "avrvagwwgxyntzma": 0.21568627450980393, "rirtxawjgxjnnzka": 0.24, "azrjujwtuxynjzma": 0.22}, "average_typicality Criterion1": 0.21099759903961585}