{"supportLeg": "Legs", "angles": {"LShoulderRoll": 73.57125239425147, "LShoulderPitch": -30.830813328698877, "RShoulderRoll": 18, "LElbowYaw": 78.13753394432828, "LElbowRoll": -75.93498901157189, "RElbowRoll": 49.269391150541594, "RElbowYaw": 57.2037331517174, "RShoulderPitch": -8.886063918781717}}