{"supportLeg": "Legs", "angles": {"LShoulderRoll": 76, "LShoulderPitch": 28.06407676181625, "RShoulderRoll": -16.542655080331173, "LElbowYaw": 0, "LElbowRoll": -41.95942383004294, "RElbowRoll": 43.51317388455121, "RElbowYaw": -136.39606607331638, "RShoulderPitch": 102.24557442077081}}