{"supportLeg": "Legs", "angles": {"LShoulderRoll": 76, "LShoulderPitch": 27.651106572361275, "RShoulderRoll": -18.554220419766693, "LElbowYaw": 0, "LElbowRoll": -42.2979641609148, "RElbowRoll": 43.46364528958787, "RElbowYaw": 0, "RShoulderPitch": 104.3093373608168}}