{"supportLeg": "Legs", "angles": {"LShoulderRoll": 76, "LShoulderPitch": 26.418759264363374, "RShoulderRoll": -17.45680785093346, "LElbowYaw": 0, "LElbowRoll": -43.08116653655645, "RElbowRoll": 44.26881842172534, "RElbowYaw": 0, "RShoulderPitch": 103.92233479645348}}