{"supportLeg": "Legs", "angles": {"LShoulderRoll": 76, "LShoulderPitch": 24.67842305597451, "RShoulderRoll": -18.703714055089222, "LElbowYaw": 0, "LElbowRoll": -40.89687243902708, "RElbowRoll": 45.394199355669485, "RElbowYaw": -136.25349385161462, "RShoulderPitch": 103.92336358998475}}