{"supportLeg": "Legs", "angles": {"LShoulderRoll": 76, "LShoulderPitch": 16.790309745753664, "RShoulderRoll": -24.787149075211786, "LElbowYaw": 29.128570940771095, "LElbowRoll": -41.13798649094605, "RElbowRoll": 46.4461763809899, "RElbowYaw": -138.47909040025945, "RShoulderPitch": 104.916106986231}}