{"supportLeg": "Legs", "angles": {"LShoulderRoll": 76, "LShoulderPitch": 12.638721557109966, "RShoulderRoll": -34.64656066679537, "LElbowYaw": 34.15934914857979, "LElbowRoll": -40.58775900666649, "RElbowRoll": 44.37307359167613, "RElbowYaw": 0, "RShoulderPitch": 110.17764614113334}}