{"supportLeg": "Legs", "angles": {"LShoulderRoll": 76, "LShoulderPitch": 10.16394745077606, "RShoulderRoll": -37.22884686568189, "LElbowYaw": 36.4510662084698, "LElbowRoll": -41.85778293625208, "RElbowRoll": 45.49062528675876, "RElbowYaw": 0, "RShoulderPitch": 110.88654287148913}}