{"supportLeg": "Legs", "angles": {"LShoulderRoll": 76, "LShoulderPitch": 12.924964214917543, "RShoulderRoll": -34.430701248247786, "LElbowYaw": 30.48404118722877, "LElbowRoll": -49.408213538289914, "RElbowRoll": 44.49748849832406, "RElbowYaw": 0, "RShoulderPitch": 111.52251818754097}}