{"supportLeg": "Legs", "angles": {"LShoulderRoll": 76, "LShoulderPitch": 6.317345082439045, "RShoulderRoll": -30.007417172491103, "LElbowYaw": 38.363383109628934, "LElbowRoll": -47.12324716951258, "RElbowRoll": 38.468568790001, "RElbowYaw": -176.95869193364564, "RShoulderPitch": 111.99039073166432}}