{"supportLeg": "Legs", "angles": {"LShoulderRoll": 76, "LShoulderPitch": 4.605829244043485, "RShoulderRoll": 5.964116082978364, "LElbowYaw": 42.214656403988336, "LElbowRoll": -43.93879428828447, "RElbowRoll": 21.444304167719878, "RElbowYaw": -115.98805909271488, "RShoulderPitch": 79.09662773910425}}