{"supportLeg": "Legs", "angles": {"LShoulderRoll": 76, "LShoulderPitch": 22.28756739133996, "RShoulderRoll": 18, "LElbowYaw": 44.26659592229525, "LElbowRoll": -54.35306127541038, "RElbowRoll": 47.41133620655455, "RElbowYaw": 69.14717358027838, "RShoulderPitch": -10.668200214259372}}