{"supportLeg": "Legs", "angles": {"LShoulderRoll": 76, "LShoulderPitch": 7.776749203627603, "RShoulderRoll": 18, "LElbowYaw": 38.54921497489348, "LElbowRoll": -46.435845459894324, "RElbowRoll": 16.188094335568223, "RElbowYaw": 0, "RShoulderPitch": 37.24693880190603}}