{"supportLeg": "Legs", "angles": {"LShoulderRoll": 76, "LShoulderPitch": 11.530836223495365, "RShoulderRoll": 18, "LElbowYaw": 33.90630639936645, "LElbowRoll": -47.59334364059032, "RElbowRoll": 11.09836254624048, "RElbowYaw": 40.037213905046585, "RShoulderPitch": 28.818395424172376}}