{"supportLeg": "Legs", "angles": {"LShoulderRoll": 76, "LShoulderPitch": 9.70056718947599, "RShoulderRoll": 12.1659489370672, "LElbowYaw": 35.27275939770934, "LElbowRoll": -49.53378281813812, "RElbowRoll": 21.356055462462564, "RElbowYaw": -100.20258361395081, "RShoulderPitch": 56.95307177198066}}