{"supportLeg": "Legs", "angles": {"LShoulderRoll": 76, "LShoulderPitch": 12.533842155996552, "RShoulderRoll": -28.459491726318547, "LElbowYaw": 34.25314323976145, "LElbowRoll": -44.10108370219368, "RElbowRoll": 27.68139618437698, "RElbowYaw": -202.02474063888772, "RShoulderPitch": 118}}