{"supportLeg": "Legs", "angles": {"LShoulderRoll": 76, "LShoulderPitch": 15.127442387076345, "RShoulderRoll": -51.99948607710496, "LElbowYaw": 0, "LElbowRoll": -48.749982445869364, "RElbowRoll": 32.123602346386605, "RElbowYaw": 90, "RShoulderPitch": 118}}