{"supportLeg": "Legs", "angles": {"LShoulderRoll": 76, "LShoulderPitch": 16.940430382545074, "RShoulderRoll": -66.31179286174577, "LElbowYaw": 0, "LElbowRoll": -51.153239210755544, "RElbowRoll": 29.02137242111567, "RElbowYaw": 0, "RShoulderPitch": 118}}