{"supportLeg": "Legs", "angles": {"LShoulderRoll": 76, "LShoulderPitch": 24.3713861770967, "RShoulderRoll": -67.89215045851901, "LElbowYaw": 0, "LElbowRoll": -49.503001780067706, "RElbowRoll": 26.30540532750561, "RElbowYaw": 0, "RShoulderPitch": 118}}