{"supportLeg": "Legs", "angles": {"LShoulderRoll": 76, "LShoulderPitch": 27.596124848891275, "RShoulderRoll": -64.7338257751247, "LElbowYaw": 0, "LElbowRoll": -51.45456815100309, "RElbowRoll": 30.843485655658753, "RElbowYaw": 90, "RShoulderPitch": 118}}