{"supportLeg": "Legs", "angles": {"LShoulderRoll": 76, "LShoulderPitch": 28.559468098718586, "RShoulderRoll": -59.882140763232314, "LElbowYaw": 0, "LElbowRoll": -51.88449922848679, "RElbowRoll": 33.127755936858705, "RElbowYaw": 90, "RShoulderPitch": 118}}