{"supportLeg": "Legs", "angles": {"LShoulderRoll": 76, "LShoulderPitch": 26.668564627004926, "RShoulderRoll": -58.114368008605425, "LElbowYaw": 0, "LElbowRoll": -51.82327497690909, "RElbowRoll": 36.00807477694559, "RElbowYaw": 90, "RShoulderPitch": 118}}