{"supportLeg": "RLeg", "angles": {"LShoulderRoll": 76, "LShoulderPitch": 2.803942375908424, "RShoulderRoll": 18, "LElbowYaw": 52.106786643518355, "LElbowRoll": -49.56023252912249, "RElbowRoll": 39.23786844529326, "RElbowYaw": 52.230565473936025, "RShoulderPitch": 7.401725563935087}}