{"supportLeg": "Legs", "angles": {"LShoulderRoll": 76, "LShoulderPitch": 26.65375336359387, "RShoulderRoll": -50.856543950360674, "LElbowYaw": 0, "LElbowRoll": -50.48205289222835, "RElbowRoll": 44.6406484513638, "RElbowYaw": 90, "RShoulderPitch": 118}}