{"supportLeg": "Legs", "angles": {"LShoulderRoll": 76, "LShoulderPitch": 28.737980614822114, "RShoulderRoll": 18, "LElbowYaw": 0, "LElbowRoll": -50.57216238771505, "RElbowRoll": 43.313747173307064, "RElbowYaw": 90, "RShoulderPitch": 70.66450992430703}}