{"supportLeg": "Legs", "angles": {"LShoulderRoll": 76, "LShoulderPitch": 28.917008134185238, "RShoulderRoll": 18, "LElbowYaw": 0, "LElbowRoll": -48.84796475653263, "RElbowRoll": 23.997036442307888, "RElbowYaw": -13.732180291984395, "RShoulderPitch": 43.03803498628215}}