{"supportLeg": "Legs", "angles": {"LShoulderRoll": 76, "LShoulderPitch": 25.36201379148742, "RShoulderRoll": 18, "LElbowYaw": 0, "LElbowRoll": -47.08341108403687, "RElbowRoll": 26.77628133114436, "RElbowYaw": 10.616366611333973, "RShoulderPitch": 31.649886755635073}}