{"supportLeg": "Legs", "angles": {"LShoulderRoll": 76, "LShoulderPitch": 25.434226803187254, "RShoulderRoll": 18, "LElbowYaw": 0, "LElbowRoll": -47.411318097460764, "RElbowRoll": 32.248234514190415, "RElbowYaw": -27.67546286627268, "RShoulderPitch": 51.317687894590364}}