{"supportLeg": "Legs", "angles": {"LShoulderRoll": 76, "LShoulderPitch": 26.05920539744504, "RShoulderRoll": 18, "LElbowYaw": 0, "LElbowRoll": -47.99958312264303, "RElbowRoll": 42.57612691691111, "RElbowYaw": 90, "RShoulderPitch": 61.301113165394085}}