{"supportLeg": "Legs", "angles": {"LShoulderRoll": 76, "LShoulderPitch": 26.294687592578672, "RShoulderRoll": 18, "LElbowYaw": 0, "LElbowRoll": -46.68996060191171, "RElbowRoll": 39.888092212145295, "RElbowYaw": 90, "RShoulderPitch": 79.2788464569997}}