{"supportLeg": "Legs", "angles": {"LShoulderRoll": 76, "LShoulderPitch": 27.454668687297087, "RShoulderRoll": 18, "LElbowYaw": 0, "LElbowRoll": -46.77250136310491, "RElbowRoll": 35.119469178195345, "RElbowYaw": 90, "RShoulderPitch": 78.57085327326807}}