{"supportLeg": "Legs", "angles": {"LShoulderRoll": 76, "LShoulderPitch": 29.24906143408785, "RShoulderRoll": 18, "LElbowYaw": 0, "LElbowRoll": -46.95780367387394, "RElbowRoll": 37.213392979200535, "RElbowYaw": 90, "RShoulderPitch": 79.051627353767}}