{"supportLeg": "Legs", "angles": {"LShoulderRoll": 76, "LShoulderPitch": 29.8010556273479, "RShoulderRoll": 18, "LElbowYaw": 0, "LElbowRoll": -45.68113242051501, "RElbowRoll": 34.66251266079507, "RElbowYaw": 90, "RShoulderPitch": 78.15935840560884}}