{"supportLeg": "RLeg", "angles": {"LShoulderRoll": 76, "LShoulderPitch": -1.8734770529822253, "RShoulderRoll": 18, "LElbowYaw": 0, "LElbowRoll": -55.35497887084466, "RElbowRoll": 51.18700401430283, "RElbowYaw": 56.080724920158474, "RShoulderPitch": -2.862429565727376}}