{"supportLeg": "Legs", "angles": {"LShoulderRoll": 76, "LShoulderPitch": 34.1427359881996, "RShoulderRoll": 18, "LElbowYaw": 0, "LElbowRoll": -46.87653839624866, "RElbowRoll": 30.05809853782199, "RElbowYaw": 90, "RShoulderPitch": 77.86244816544311}}