{"supportLeg": "Legs", "angles": {"LShoulderRoll": 76, "LShoulderPitch": 67.87748479801972, "RShoulderRoll": 18, "LElbowYaw": -90, "LElbowRoll": -53.86735305879644, "RElbowRoll": 33.99948848252248, "RElbowYaw": 90, "RShoulderPitch": 78.67659215525387}}