{"supportLeg": "Legs", "angles": {"LShoulderRoll": 76, "LShoulderPitch": 77.29956962521835, "RShoulderRoll": 18, "LElbowYaw": -90, "LElbowRoll": -46.578246489993234, "RElbowRoll": 31.45689803480164, "RElbowYaw": 90, "RShoulderPitch": 77.8749699369963}}