{"supportLeg": "Legs", "angles": {"LShoulderRoll": 76, "LShoulderPitch": 79.23657538643398, "RShoulderRoll": 18, "LElbowYaw": -90, "LElbowRoll": -35.17477190342507, "RElbowRoll": 32.63395695183965, "RElbowYaw": 90, "RShoulderPitch": 78.8431088289467}}