{"supportLeg": "Legs", "angles": {"LShoulderRoll": 76, "LShoulderPitch": 77.03815653413594, "RShoulderRoll": 18, "LElbowYaw": -90, "LElbowRoll": -47.38609703762546, "RElbowRoll": 34.97642142415012, "RElbowYaw": 90, "RShoulderPitch": 77.4912696311844}}