{"supportLeg": "Legs", "angles": {"LShoulderRoll": 76, "LShoulderPitch": 67.50058060633287, "RShoulderRoll": 18, "LElbowYaw": -90, "LElbowRoll": -54.25948525083692, "RElbowRoll": 34.75361179161507, "RElbowYaw": 90, "RShoulderPitch": 77.55466973539731}}