{"supportLeg": "Legs", "angles": {"LShoulderRoll": 76, "LShoulderPitch": 74.28491449016214, "RShoulderRoll": 18, "LElbowYaw": -90, "LElbowRoll": -48.65052345046948, "RElbowRoll": 29.727974911700784, "RElbowYaw": 90, "RShoulderPitch": 77.86484201330063}}