{"supportLeg": "Legs", "angles": {"LShoulderRoll": 76, "LShoulderPitch": 74.85146849434021, "RShoulderRoll": 15.671608861488778, "LElbowYaw": -90, "LElbowRoll": -45.60791826462713, "RElbowRoll": 25.859186553605383, "RElbowYaw": 90, "RShoulderPitch": 75.71287925778746}}