{"supportLeg": "Legs", "angles": {"LShoulderRoll": 76, "LShoulderPitch": 70.03825224134506, "RShoulderRoll": 10.749830200085, "LElbowYaw": -90, "LElbowRoll": -51.615720585716446, "RElbowRoll": 32.34012896224027, "RElbowYaw": -76.20913723981184, "RShoulderPitch": 69.0468049841711}}