{"supportLeg": "Legs", "angles": {"LShoulderRoll": 76, "LShoulderPitch": 28.69408766468752, "RShoulderRoll": 13.326354932834434, "LElbowYaw": -23.423733161486915, "LElbowRoll": -41.58644962656621, "RElbowRoll": 32.45850369430502, "RElbowYaw": -52.01304462852745, "RShoulderPitch": 45.900981164459814}}