{"supportLeg": "Legs", "angles": {"LShoulderRoll": 76, "LShoulderPitch": 9.313479812097407, "RShoulderRoll": 18, "LElbowYaw": 0, "LElbowRoll": -49.93121104779169, "RElbowRoll": 54.99026577137465, "RElbowYaw": 65.00361424223946, "RShoulderPitch": -12.876211350458055}}