{"supportLeg": "Legs", "angles": {"LShoulderRoll": 76, "LShoulderPitch": 17.191675856398355, "RShoulderRoll": 13.096458052989092, "LElbowYaw": -8.366852971614149, "LElbowRoll": -41.477322028527425, "RElbowRoll": 31.064046634984464, "RElbowYaw": -42.45081068636491, "RShoulderPitch": 32.55698777478544}}