{"supportLeg": "Legs", "angles": {"LShoulderRoll": 76, "LShoulderPitch": 17.197480939197806, "RShoulderRoll": 13.337777132312041, "LElbowYaw": -9.169623915583342, "LElbowRoll": -41.48766244501016, "RElbowRoll": 29.66015161288672, "RElbowYaw": -35.42992393114385, "RShoulderPitch": 26.158374165026128}}