{"supportLeg": "Legs", "angles": {"LShoulderRoll": 76, "LShoulderPitch": 22.683734927183583, "RShoulderRoll": 13.284605687238624, "LElbowYaw": -16.99562007956696, "LElbowRoll": -42.37413670411365, "RElbowRoll": 31.676378844577272, "RElbowYaw": -41.28191212231515, "RShoulderPitch": 29.472006538203228}}