{"supportLeg": "Legs", "angles": {"LShoulderRoll": 76, "LShoulderPitch": 21.61699868069784, "RShoulderRoll": 14.705761326052453, "LElbowYaw": -14.797397512267125, "LElbowRoll": -46.064462353443815, "RElbowRoll": 34.7269118374638, "RElbowYaw": -42.040810408873824, "RShoulderPitch": 31.37169807282757}}