{"supportLeg": "Legs", "angles": {"LShoulderRoll": 76, "LShoulderPitch": 31.672800576578656, "RShoulderRoll": 18, "LElbowYaw": -23.63611302560882, "LElbowRoll": -63.71894029938815, "RElbowRoll": 42.042522359977056, "RElbowYaw": -35.7175878079716, "RShoulderPitch": 32.86313926114874}}