{"supportLeg": "Legs", "angles": {"LShoulderRoll": 76, "LShoulderPitch": 47.40904464227461, "RShoulderRoll": 18, "LElbowYaw": -38.94482462777557, "LElbowRoll": -63.477684970361025, "RElbowRoll": 41.99349249865418, "RElbowYaw": -38.51403828463548, "RShoulderPitch": 43.384530322166896}}