{"supportLeg": "Legs", "angles": {"LShoulderRoll": 76, "LShoulderPitch": 37.57280271482558, "RShoulderRoll": 18, "LElbowYaw": -28.756607851593934, "LElbowRoll": -77.55835401154107, "RElbowRoll": 59.81943959923548, "RElbowYaw": 90, "RShoulderPitch": 51.68413318434172}}