{"supportLeg": "Legs", "angles": {"LShoulderRoll": 76, "LShoulderPitch": 58.1705679024864, "RShoulderRoll": 18, "LElbowYaw": -48.42031642171153, "LElbowRoll": -76.50493162686202, "RElbowRoll": 63.33960574416206, "RElbowYaw": 90, "RShoulderPitch": 62.726122863166864}}