{"supportLeg": "Legs", "angles": {"LShoulderRoll": 76, "LShoulderPitch": 59.17268638111526, "RShoulderRoll": 18, "LElbowYaw": 0, "LElbowRoll": -77.35186516207304, "RElbowRoll": 77.44411703970378, "RElbowYaw": -51.54279014235668, "RShoulderPitch": 55.28322758273807}}