{"supportLeg": "Legs", "angles": {"LShoulderRoll": 76, "LShoulderPitch": 61.06288624901507, "RShoulderRoll": 18, "LElbowYaw": 0, "LElbowRoll": -83.73900919869205, "RElbowRoll": 82.10041141343876, "RElbowYaw": -53.71512992551307, "RShoulderPitch": 57.08040871341956}}