{"supportLeg": "Legs", "angles": {"LShoulderRoll": 76, "LShoulderPitch": -1.3038420924240632, "RShoulderRoll": 18, "LElbowYaw": 0, "LElbowRoll": -53.38488263174625, "RElbowRoll": 58.22607770248263, "RElbowYaw": 0, "RShoulderPitch": -4.968323307995022}}