{"supportLeg": "Legs", "angles": {"LShoulderRoll": 76, "LShoulderPitch": 61.45633885304944, "RShoulderRoll": 12.546999921394956, "LElbowYaw": 0, "LElbowRoll": -85.38137187513978, "RElbowRoll": 56.13815554278176, "RElbowYaw": -94.8902449899142, "RShoulderPitch": 84.28256943767383}}