{"supportLeg": "Legs", "angles": {"LShoulderRoll": 76, "LShoulderPitch": 55.76549026300502, "RShoulderRoll": 18, "LElbowYaw": 0, "LElbowRoll": -92.72008373602709, "RElbowRoll": 45.75684689983635, "RElbowYaw": 90, "RShoulderPitch": 78.96060899077222}}