{"supportLeg": "Legs", "angles": {"LShoulderRoll": 76, "LShoulderPitch": 56.59980163281795, "RShoulderRoll": 18, "LElbowYaw": 0, "LElbowRoll": -84.12354340601892, "RElbowRoll": 29.823832646138726, "RElbowYaw": 90, "RShoulderPitch": 83.40332817894989}}