{"supportLeg": "Legs", "angles": {"LShoulderRoll": 76, "LShoulderPitch": 53.0170794127374, "RShoulderRoll": 13.300784301375217, "LElbowYaw": 0, "LElbowRoll": -88.76774820861591, "RElbowRoll": 16.12325680284431, "RElbowYaw": 90, "RShoulderPitch": 88.92455557328441}}