{"supportLeg": "Legs", "angles": {"LShoulderRoll": 76, "LShoulderPitch": 50.6400769072663, "RShoulderRoll": -29.845813694875005, "LElbowYaw": 0, "LElbowRoll": -85.49783105443993, "RElbowRoll": 12.140715453522802, "RElbowYaw": 90, "RShoulderPitch": 91.38773383622565}}