{"supportLeg": "Legs", "angles": {"LShoulderRoll": 76, "LShoulderPitch": 50.561933947186326, "RShoulderRoll": -66.82560363910383, "LElbowYaw": 0, "LElbowRoll": -84.25508106878861, "RElbowRoll": 9.536748247150484, "RElbowYaw": 90, "RShoulderPitch": 92.60457080167872}}