{"supportLeg": "Legs", "angles": {"LShoulderRoll": 76, "LShoulderPitch": 50.50538843130527, "RShoulderRoll": 18, "LElbowYaw": 0, "LElbowRoll": -83.62306961317587, "RElbowRoll": 7.326673194743677, "RElbowYaw": 90, "RShoulderPitch": 92.39801773055437}}