{"supportLeg": "Legs", "angles": {"LShoulderRoll": 76, "LShoulderPitch": 46.05252398642346, "RShoulderRoll": -26.977736729965855, "LElbowYaw": 0, "LElbowRoll": -87.4079435270489, "RElbowRoll": 19.320966270816513, "RElbowYaw": 90, "RShoulderPitch": 94.33539906608023}}