{"supportLeg": "Legs", "angles": {"LShoulderRoll": 76, "LShoulderPitch": 17.84943648775587, "RShoulderRoll": -3.2593151068025463, "LElbowYaw": 18.4949689643642, "LElbowRoll": -57.88663728222352, "RElbowRoll": 20.44481277665014, "RElbowYaw": 90, "RShoulderPitch": 90.53462466289994}}