{"supportLeg": "Legs", "angles": {"LShoulderRoll": 76, "LShoulderPitch": 3.8210085745641265, "RShoulderRoll": 18, "LElbowYaw": 49.3682693566468, "LElbowRoll": -34.43837734231096, "RElbowRoll": 22.521879008933638, "RElbowYaw": 90, "RShoulderPitch": 84.59948187231188}}