{"supportLeg": "Legs", "angles": {"LShoulderRoll": 76, "LShoulderPitch": 6.974662875768821, "RShoulderRoll": 18, "LElbowYaw": 0, "LElbowRoll": -52.37295892213773, "RElbowRoll": 55.178930812557084, "RElbowYaw": 0, "RShoulderPitch": -2.26119975913012}}