{"supportLeg": "Legs", "angles": {"LShoulderRoll": 76, "LShoulderPitch": -12.562604310317871, "RShoulderRoll": 18, "LElbowYaw": 72.32969366317717, "LElbowRoll": -40.834200992416754, "RElbowRoll": 22.827296323917068, "RElbowYaw": 90, "RShoulderPitch": 83.12621173809823}}