{"supportLeg": "Legs", "angles": {"LShoulderRoll": 76, "LShoulderPitch": -14.761294628800927, "RShoulderRoll": 18, "LElbowYaw": 73.58881789901258, "LElbowRoll": -47.93685724288662, "RElbowRoll": 25.06033465069325, "RElbowYaw": 90, "RShoulderPitch": 81.16109287300452}}