{"supportLeg": "Legs", "angles": {"LShoulderRoll": 76, "LShoulderPitch": -12.866002316911164, "RShoulderRoll": 18, "LElbowYaw": 70.79132179435263, "LElbowRoll": -46.87114533033383, "RElbowRoll": 18.243012850544602, "RElbowYaw": 90, "RShoulderPitch": 81.80891832250202}}