{"supportLeg": "Legs", "angles": {"LShoulderRoll": 76, "LShoulderPitch": -11.791398702497633, "RShoulderRoll": -7.777551828275449, "LElbowYaw": 68.55879251943146, "LElbowRoll": -49.92886657192824, "RElbowRoll": 17.78929234099357, "RElbowYaw": 90, "RShoulderPitch": 95.04982195407534}}