{"supportLeg": "Legs", "angles": {"LShoulderRoll": 76, "LShoulderPitch": -1.267027402379291, "RShoulderRoll": -10.763211593868931, "LElbowYaw": 58.30539909291636, "LElbowRoll": -44.095214690864054, "RElbowRoll": 16.690783423811496, "RElbowYaw": -130.89608861422826, "RShoulderPitch": 103.80106575556295}}