{"supportLeg": "Legs", "angles": {"LShoulderRoll": 76, "LShoulderPitch": -2.6390501299967206, "RShoulderRoll": -7.90015372625939, "LElbowYaw": 59.89197086931277, "LElbowRoll": -45.21967035225774, "RElbowRoll": 16.549951125222492, "RElbowYaw": -168.99382959623284, "RShoulderPitch": 111.33265904905831}}