{"supportLeg": "Legs", "angles": {"LShoulderRoll": 76, "LShoulderPitch": -2.495270941449461, "RShoulderRoll": 1.908599562955601, "LElbowYaw": 59.47359754469563, "LElbowRoll": -45.90981206911064, "RElbowRoll": 18.80252519298361, "RElbowYaw": 0, "RShoulderPitch": 12.628002127118137}}