{"supportLeg": "Legs", "angles": {"LShoulderRoll": 76, "LShoulderPitch": -0.3869575827966585, "RShoulderRoll": 6.383743390670205, "LElbowYaw": 56.80760818697039, "LElbowRoll": -49.55182203815016, "RElbowRoll": 18.822555802003677, "RElbowYaw": 0, "RShoulderPitch": -39.82550853140898}}