{"supportLeg": "Legs", "angles": {"LShoulderRoll": 76, "LShoulderPitch": 2.888841284416825, "RShoulderRoll": 2.6173851097884437, "LElbowYaw": 53.33445655670351, "LElbowRoll": -48.792522630609454, "RElbowRoll": 17.927493253909006, "RElbowYaw": 0, "RShoulderPitch": -68.98420055813843}}