{"supportLeg": "Legs", "angles": {"LShoulderRoll": 76, "LShoulderPitch": 3.017919546290984, "RShoulderRoll": -13.014230425464746, "LElbowYaw": 52.349707570157605, "LElbowRoll": -48.640309105022766, "RElbowRoll": 20.98324401443307, "RElbowYaw": 183.3614102784723, "RShoulderPitch": -118}}