{"supportLeg": "Legs", "angles": {"LShoulderRoll": 76, "LShoulderPitch": -4.543028195438417, "RShoulderRoll": 18, "LElbowYaw": 0, "LElbowRoll": -55.641620595466335, "RElbowRoll": 48.318607128185306, "RElbowYaw": 0, "RShoulderPitch": 2.918231759988782}}