{"supportLeg": "Legs", "angles": {"LShoulderRoll": 76, "LShoulderPitch": 1.8775718336990483, "RShoulderRoll": -35.338448960472206, "LElbowYaw": 52.2118427201701, "LElbowRoll": -49.4440031486761, "RElbowRoll": 29.06874168433137, "RElbowYaw": -32.84472781719977, "RShoulderPitch": 118}}