{"supportLeg": "Legs", "angles": {"LShoulderRoll": 76, "LShoulderPitch": 0.8132171336947219, "RShoulderRoll": -53.948567268972766, "LElbowYaw": 53.47468643077306, "LElbowRoll": -47.50194707444359, "RElbowRoll": 26.054362395974124, "RElbowYaw": 90, "RShoulderPitch": 118}}