{"supportLeg": "Legs", "angles": {"LShoulderRoll": 76, "LShoulderPitch": 0.6148906217566036, "RShoulderRoll": -64.01893985775939, "LElbowYaw": 52.06047977521884, "LElbowRoll": -49.31901373320355, "RElbowRoll": 25.274550273209, "RElbowYaw": 0, "RShoulderPitch": 118}}