{"supportLeg": "Legs", "angles": {"LShoulderRoll": 76, "LShoulderPitch": 7.345220664791263, "RShoulderRoll": -57.83907047942972, "LElbowYaw": 47.45129855340361, "LElbowRoll": -37.34000244776854, "RElbowRoll": 25.02505528959992, "RElbowYaw": 0, "RShoulderPitch": 106.25828191050287}}