{"supportLeg": "Legs", "angles": {"LShoulderRoll": 76, "LShoulderPitch": -0.3084454693644613, "RShoulderRoll": -42.375489182241836, "LElbowYaw": 56.88646416355588, "LElbowRoll": -45.937828281111535, "RElbowRoll": 29.064311747043718, "RElbowYaw": 90, "RShoulderPitch": 96.09548526168892}}