{"supportLeg": "Legs", "angles": {"LShoulderRoll": 76, "LShoulderPitch": -1.7653033754704621, "RShoulderRoll": 7.328182146926181, "LElbowYaw": 57.70430084577688, "LElbowRoll": -49.089462589404974, "RElbowRoll": 40.867329709239584, "RElbowYaw": -102.37587935539668, "RShoulderPitch": 88.08033514765293}}