{"supportLeg": "Legs", "angles": {"LShoulderRoll": 76, "LShoulderPitch": -1.0117442750975179, "RShoulderRoll": -3.0426390884623373, "LElbowYaw": 56.20485458821028, "LElbowRoll": -48.79881290825463, "RElbowRoll": 40.97466307183518, "RElbowYaw": -93.45401030076948, "RShoulderPitch": 90.82693071359868}}