{"supportLeg": "Legs", "angles": {"LShoulderRoll": 76, "LShoulderPitch": -0.47694758994793823, "RShoulderRoll": -2.8897966405387905, "LElbowYaw": 54.39587218597014, "LElbowRoll": -48.45863170018524, "RElbowRoll": 38.506206548876435, "RElbowYaw": -94.81455071193886, "RShoulderPitch": 90.75779401273454}}