{"supportLeg": "Legs", "angles": {"LShoulderRoll": 76, "LShoulderPitch": 0.5198036904872777, "RShoulderRoll": 2.9162108906527777, "LElbowYaw": 54.01363279899729, "LElbowRoll": -47.560205656537505, "RElbowRoll": 36.958316280202894, "RElbowYaw": 90, "RShoulderPitch": 89.22918893718841}}