{"supportLeg": "Legs", "angles": {"LShoulderRoll": 76, "LShoulderPitch": 0.9451591164326288, "RShoulderRoll": 8.568301889370389, "LElbowYaw": 53.44350742881068, "LElbowRoll": -47.48759153042181, "RElbowRoll": 34.57409435465232, "RElbowYaw": 90, "RShoulderPitch": 87.91112936698165}}