{"supportLeg": "Legs", "angles": {"LShoulderRoll": 76, "LShoulderPitch": -1.4740915451261085, "RShoulderRoll": 18, "LElbowYaw": 0, "LElbowRoll": -62.819113837290374, "RElbowRoll": 51.81811081855261, "RElbowYaw": 0, "RShoulderPitch": 6.4571580272957565}}