{"supportLeg": "Legs", "angles": {"LShoulderRoll": 76, "LShoulderPitch": 0.7936815137299091, "RShoulderRoll": 13.186849562355931, "LElbowYaw": 53.216127690949286, "LElbowRoll": -47.76659594674922, "RElbowRoll": 29.96508058441313, "RElbowYaw": 90, "RShoulderPitch": 87.0236462974134}}