{"supportLeg": "Legs", "angles": {"LShoulderRoll": 76, "LShoulderPitch": 0.22007527548135727, "RShoulderRoll": 13.946373364352311, "LElbowYaw": 53.23909412665069, "LElbowRoll": -49.4596355653446, "RElbowRoll": 32.093814427031276, "RElbowYaw": 90, "RShoulderPitch": 86.76263359661245}}