{"supportLeg": "Legs", "angles": {"LShoulderRoll": 76, "LShoulderPitch": 1.5599660354058722, "RShoulderRoll": 15.134297407567232, "LElbowYaw": 51.88093351755457, "LElbowRoll": -48.9159076878511, "RElbowRoll": 31.1810488889858, "RElbowYaw": 90, "RShoulderPitch": 86.50041960153763}}