{"supportLeg": "Legs", "angles": {"LShoulderRoll": 76, "LShoulderPitch": 1.871130841204793, "RShoulderRoll": 16.159303211832608, "LElbowYaw": 51.98214439555832, "LElbowRoll": -48.26790953025639, "RElbowRoll": 32.65482346409166, "RElbowYaw": 90, "RShoulderPitch": 85.94034153416685}}