{"supportLeg": "Legs", "angles": {"LShoulderRoll": 76, "LShoulderPitch": 3.3254765325604656, "RShoulderRoll": 17.357872235388697, "LElbowYaw": 49.932080502311045, "LElbowRoll": -47.43027798852239, "RElbowRoll": 29.51231704024636, "RElbowYaw": 90, "RShoulderPitch": 85.65125605033553}}