{"supportLeg": "Legs", "angles": {"LShoulderRoll": 76, "LShoulderPitch": 4.079897764499413, "RShoulderRoll": 15.699419172133886, "LElbowYaw": 48.72632547986123, "LElbowRoll": -47.4281551377463, "RElbowRoll": 41.75622733265695, "RElbowYaw": 90, "RShoulderPitch": 83.46357661722915}}