{"supportLeg": "Legs", "angles": {"LShoulderRoll": 76, "LShoulderPitch": 4.356653520344784, "RShoulderRoll": 16.25587785706938, "LElbowYaw": 47.78635877887664, "LElbowRoll": -48.23981976498612, "RElbowRoll": 45.09002017318463, "RElbowYaw": 90, "RShoulderPitch": 82.52548892901338}}