{"supportLeg": "Legs", "angles": {"LShoulderRoll": 76, "LShoulderPitch": 4.191190654949346, "RShoulderRoll": 11.647311591283511, "LElbowYaw": 48.06607912832294, "LElbowRoll": -48.166272937685164, "RElbowRoll": 41.65062900654755, "RElbowYaw": 90, "RShoulderPitch": 85.1022276811658}}