{"supportLeg": "Legs", "angles": {"LShoulderRoll": 76, "LShoulderPitch": 4.4191341607558146, "RShoulderRoll": 11.718761425604526, "LElbowYaw": 46.1274992152453, "LElbowRoll": -50.463509829576424, "RElbowRoll": 46.174323874160905, "RElbowYaw": 90, "RShoulderPitch": 84.46131975548404}}