{"supportLeg": "Legs", "angles": {"LShoulderRoll": 76, "LShoulderPitch": 5.000399250701114, "RShoulderRoll": 16.81495155624114, "LElbowYaw": 47.13752893909797, "LElbowRoll": -49.53001244623789, "RElbowRoll": 48.26771694329369, "RElbowYaw": 90, "RShoulderPitch": 81.69593345669729}}