{"supportLeg": "Legs", "angles": {"LShoulderRoll": 76, "LShoulderPitch": 5.030004952191194, "RShoulderRoll": 18, "LElbowYaw": 0, "LElbowRoll": -66.792020893007, "RElbowRoll": 48.338816657184054, "RElbowYaw": 0, "RShoulderPitch": 2.9234571962622624}}