{"supportLeg": "Legs", "angles": {"LShoulderRoll": 76, "LShoulderPitch": 5.0800272520491285, "RShoulderRoll": 17.16755460150044, "LElbowYaw": 47.219628290118095, "LElbowRoll": -49.336634386491994, "RElbowRoll": 34.65333803994886, "RElbowYaw": 90, "RShoulderPitch": 84.19797109539311}}