{"supportLeg": "Legs", "angles": {"LShoulderRoll": 76, "LShoulderPitch": 5.761584710671484, "RShoulderRoll": 17.316816453849697, "LElbowYaw": 46.586811638520004, "LElbowRoll": -49.41778980138807, "RElbowRoll": 48.354774278496166, "RElbowYaw": 90, "RShoulderPitch": 81.39212529331562}}