{"supportLeg": "Legs", "angles": {"LShoulderRoll": 76, "LShoulderPitch": 6.770177947535304, "RShoulderRoll": 18, "LElbowYaw": 46.81167407912627, "LElbowRoll": -48.38970216716686, "RElbowRoll": 30.986034232973765, "RElbowYaw": 90, "RShoulderPitch": 73.37111922379825}}