{"supportLeg": "Legs", "angles": {"LShoulderRoll": 76, "LShoulderPitch": 7.815791260854383, "RShoulderRoll": 18, "LElbowYaw": 47.768516599396584, "LElbowRoll": -49.51020106127831, "RElbowRoll": 36.739733085211014, "RElbowYaw": 90, "RShoulderPitch": 51.26792192224286}}