{"supportLeg": "Legs", "angles": {"LShoulderRoll": 76, "LShoulderPitch": -2.2800150910160024, "RShoulderRoll": 18, "LElbowYaw": 60.93645872405434, "LElbowRoll": -61.565130341694996, "RElbowRoll": 31.559130771582772, "RElbowYaw": -6.904882029402206, "RShoulderPitch": 32.00917327818746}}