{"supportLeg": "Legs", "angles": {"LShoulderRoll": 76, "LShoulderPitch": -0.9321601144989955, "RShoulderRoll": 18, "LElbowYaw": 56.57848146596519, "LElbowRoll": -62.383458318983216, "RElbowRoll": 28.65106097447824, "RElbowYaw": 3.286530939699901, "RShoulderPitch": 29.006303942381408}}