{"supportLeg": "Legs", "angles": {"LShoulderRoll": 76, "LShoulderPitch": 45.826875488438475, "RShoulderRoll": 18, "LElbowYaw": 15.36196888142522, "LElbowRoll": -63.674741255670284, "RElbowRoll": 31.106170885650727, "RElbowYaw": 31.010807057092876, "RShoulderPitch": 11.664623119539462}}