{"supportLeg": "Legs", "angles": {"LShoulderRoll": 76, "LShoulderPitch": 60.002235991161186, "RShoulderRoll": 18, "LElbowYaw": 0, "LElbowRoll": -88.11044533421283, "RElbowRoll": 35.86633360709965, "RElbowYaw": 54.45377391498361, "RShoulderPitch": 5.012780009869266}}