{"supportLeg": "Legs", "angles": {"LShoulderRoll": 76, "LShoulderPitch": 29.183088346366, "RShoulderRoll": 2.2634993866769264, "LElbowYaw": 0, "LElbowRoll": -59.22975457042864, "RElbowRoll": 57.13480574298366, "RElbowYaw": 155.33448636564918, "RShoulderPitch": -85.40688403554195}}