{"supportLeg": "Legs", "angles": {"LShoulderRoll": 76, "LShoulderPitch": -1.2304550514963606, "RShoulderRoll": 18, "LElbowYaw": 0, "LElbowRoll": -6.768713236981256, "RElbowRoll": 86.1263828625969, "RElbowYaw": 0, "RShoulderPitch": -76.84000935461468}}