{"supportLeg": "Legs", "angles": {"LShoulderRoll": 76, "LShoulderPitch": 7.748657453486757, "RShoulderRoll": 18, "LElbowYaw": 0, "LElbowRoll": -58.49089687700868, "RElbowRoll": 47.056777251324064, "RElbowYaw": 0, "RShoulderPitch": 12.01386186370272}}