{"supportLeg": "Legs", "angles": {"LShoulderRoll": 76, "LShoulderPitch": 16.032895303953804, "RShoulderRoll": 18, "LElbowYaw": 0, "LElbowRoll": -54.51776786628676, "RElbowRoll": 53.28354966866351, "RElbowYaw": 0, "RShoulderPitch": 27.190441323755945}}