{"supportLeg": "Legs", "angles": {"LShoulderRoll": 76, "LShoulderPitch": 18.92274606890094, "RShoulderRoll": 18, "LElbowYaw": 0, "LElbowRoll": -54.897494782949494, "RElbowRoll": 40.805359646189885, "RElbowYaw": 0, "RShoulderPitch": 21.98845236554414}}