{"supportLeg": "Legs", "angles": {"LShoulderRoll": 76, "LShoulderPitch": 15.904355378027983, "RShoulderRoll": 18, "LElbowYaw": 0, "LElbowRoll": -53.724199299986736, "RElbowRoll": 47.30055190183617, "RElbowYaw": 0, "RShoulderPitch": 22.263688767033557}}