{"supportLeg": "Legs", "angles": {"LShoulderRoll": 76, "LShoulderPitch": 14.017792140101923, "RShoulderRoll": 18, "LElbowYaw": 0, "LElbowRoll": -53.44123642416591, "RElbowRoll": 56.818871740529474, "RElbowYaw": 0, "RShoulderPitch": 18.244749964799983}}