{"supportLeg": "Legs", "angles": {"LShoulderRoll": 76, "LShoulderPitch": 17.718066625387934, "RShoulderRoll": 18, "LElbowYaw": 0, "LElbowRoll": -56.76060247025872, "RElbowRoll": 53.955603507511256, "RElbowYaw": 0, "RShoulderPitch": 18.200463417830306}}