{"supportLeg": "Legs", "angles": {"LShoulderRoll": 76, "LShoulderPitch": 15.898930189931338, "RShoulderRoll": 18, "LElbowYaw": 0, "LElbowRoll": -58.162978825876934, "RElbowRoll": 54.66743318698457, "RElbowYaw": 0, "RShoulderPitch": 19.334599239682657}}