{"supportLeg": "Legs", "angles": {"LShoulderRoll": 76, "LShoulderPitch": 16.511326542647613, "RShoulderRoll": 18, "LElbowYaw": 0, "LElbowRoll": -58.18464116979435, "RElbowRoll": 55.2098691794714, "RElbowYaw": 0, "RShoulderPitch": 19.277862006341987}}