{"supportLeg": "Legs", "angles": {"LShoulderRoll": 76, "LShoulderPitch": 14.014390310422536, "RShoulderRoll": 18, "LElbowYaw": 0, "LElbowRoll": -58.716551759313404, "RElbowRoll": 56.042043528898674, "RElbowYaw": 0, "RShoulderPitch": 20.90345423989132}}