{"supportLeg": "Legs", "angles": {"LShoulderRoll": 76, "LShoulderPitch": 10.051090126701386, "RShoulderRoll": 18, "LElbowYaw": 0, "LElbowRoll": -60.46084123435159, "RElbowRoll": 56.17487015860499, "RElbowYaw": 0, "RShoulderPitch": 18.493063282311002}}