{"supportLeg": "Legs", "angles": {"LShoulderRoll": 76, "LShoulderPitch": 11.393645931627725, "RShoulderRoll": 18, "LElbowYaw": 0, "LElbowRoll": -61.49312082310803, "RElbowRoll": 56.63153595132462, "RElbowYaw": 0, "RShoulderPitch": 16.726656441656225}}