{"supportLeg": "Legs", "angles": {"LShoulderRoll": 76, "LShoulderPitch": 12.729645492294754, "RShoulderRoll": 18, "LElbowYaw": 0, "LElbowRoll": -57.32226030123357, "RElbowRoll": 55.77016341759858, "RElbowYaw": 0, "RShoulderPitch": 14.228720785870577}}