{"supportLeg": "Legs", "angles": {"LShoulderRoll": 76, "LShoulderPitch": 14.060379647221358, "RShoulderRoll": 18, "LElbowYaw": 0, "LElbowRoll": -56.00913994666071, "RElbowRoll": 52.95548323384526, "RElbowYaw": 0, "RShoulderPitch": 16.049318561564462}}