{"supportLeg": "Legs", "angles": {"LShoulderRoll": 76, "LShoulderPitch": 13.822448927139686, "RShoulderRoll": 18, "LElbowYaw": 0, "LElbowRoll": -56.62549810799088, "RElbowRoll": 47.787096772489434, "RElbowYaw": 0, "RShoulderPitch": 16.235953473957107}}