{"supportLeg": "Legs", "angles": {"LShoulderRoll": 76, "LShoulderPitch": 14.888856130680724, "RShoulderRoll": 18, "LElbowYaw": 0, "LElbowRoll": -56.81495336463357, "RElbowRoll": 48.724598217996686, "RElbowYaw": 0, "RShoulderPitch": 16.783912220199163}}