{"supportLeg": "Legs", "angles": {"LShoulderRoll": 76, "LShoulderPitch": 15.983638694141792, "RShoulderRoll": 18, "LElbowYaw": 0, "LElbowRoll": -56.804699325332535, "RElbowRoll": 47.40738768060126, "RElbowYaw": -17.956554149897606, "RShoulderPitch": 50.063420936420485}}