{"supportLeg": "Legs", "angles": {"LShoulderRoll": 76, "LShoulderPitch": 18.3275478113631, "RShoulderRoll": -1.93461565606367, "LElbowYaw": 0, "LElbowRoll": -56.79415772689268, "RElbowRoll": 49.161844806084275, "RElbowYaw": 90, "RShoulderPitch": 91.14222436179507}}