{"supportLeg": "Legs", "angles": {"LShoulderRoll": 76, "LShoulderPitch": 20.337073842395167, "RShoulderRoll": 16.832203016829993, "LElbowYaw": 34.085495033220596, "LElbowRoll": -55.725259343630086, "RElbowRoll": 45.74612215049717, "RElbowYaw": 90, "RShoulderPitch": 81.25611508862674}}