{"supportLeg": "Legs", "angles": {"LShoulderRoll": 76, "LShoulderPitch": 17.25398365649629, "RShoulderRoll": 18, "LElbowYaw": 36.50819772700668, "LElbowRoll": -56.9023829650822, "RElbowRoll": 45.72546298285789, "RElbowYaw": 90, "RShoulderPitch": 80.79386404459835}}