{"supportLeg": "Legs", "angles": {"LShoulderRoll": 76, "LShoulderPitch": 18.958031890408, "RShoulderRoll": 8.329507820418456, "LElbowYaw": 0, "LElbowRoll": -56.959800691186814, "RElbowRoll": 43.51962264234808, "RElbowYaw": 90, "RShoulderPitch": 85.74281560281922}}