{"supportLeg": "Legs", "angles": {"LShoulderRoll": 76, "LShoulderPitch": 19.373356495131937, "RShoulderRoll": 0.5859754762331733, "LElbowYaw": 0, "LElbowRoll": -57.56821200073867, "RElbowRoll": 45.68016179122782, "RElbowYaw": 90, "RShoulderPitch": 89.67915399541907}}