{"supportLeg": "Legs", "angles": {"LShoulderRoll": 76, "LShoulderPitch": 18.897267489633748, "RShoulderRoll": 13.564856501526947, "LElbowYaw": 0, "LElbowRoll": -58.003862342929864, "RElbowRoll": 45.720232737384435, "RElbowYaw": 90, "RShoulderPitch": 83.10395546993801}}