{"supportLeg": "Legs", "angles": {"LShoulderRoll": 76, "LShoulderPitch": 19.73043593710304, "RShoulderRoll": 18, "LElbowYaw": 0, "LElbowRoll": -57.77684086156468, "RElbowRoll": 43.36096299914749, "RElbowYaw": 90, "RShoulderPitch": 81.4638655771785}}