{"supportLeg": "Legs", "angles": {"LShoulderRoll": 76, "LShoulderPitch": 20.850818504404902, "RShoulderRoll": 18, "LElbowYaw": 0, "LElbowRoll": -57.11934996414534, "RElbowRoll": 42.16201531425375, "RElbowYaw": 90, "RShoulderPitch": 82.297767995167}}