{"supportLeg": "Legs", "angles": {"LShoulderRoll": 76, "LShoulderPitch": 19.214089804533177, "RShoulderRoll": 18, "LElbowYaw": 0, "LElbowRoll": -57.01675387873405, "RElbowRoll": 47.90094268800502, "RElbowYaw": 90, "RShoulderPitch": 80.51195262938468}}