{"supportLeg": "Legs", "angles": {"LShoulderRoll": 76, "LShoulderPitch": 21.22017626549514, "RShoulderRoll": 18, "LElbowYaw": 0, "LElbowRoll": -56.406974081104195, "RElbowRoll": 35.80278443800722, "RElbowYaw": 90, "RShoulderPitch": 81.65564886754214}}