{"supportLeg": "Legs", "angles": {"LShoulderRoll": 76, "LShoulderPitch": 23.38774399265563, "RShoulderRoll": 18, "LElbowYaw": 0, "LElbowRoll": -57.01956111308402, "RElbowRoll": 42.390039627541654, "RElbowYaw": 90, "RShoulderPitch": 80.8908013090038}}