{"supportLeg": "Legs", "angles": {"LShoulderRoll": 76, "LShoulderPitch": 34.90262475800478, "RShoulderRoll": 18, "LElbowYaw": 0, "LElbowRoll": -56.746870145732984, "RElbowRoll": 43.814796648777616, "RElbowYaw": 90, "RShoulderPitch": 80.89432627017622}}