{"supportLeg": "Legs", "angles": {"LShoulderRoll": 76, "LShoulderPitch": 87.13117148205569, "RShoulderRoll": 18, "LElbowYaw": -90, "LElbowRoll": -55.867831923718356, "RElbowRoll": 42.0322008989273, "RElbowYaw": 90, "RShoulderPitch": 81.5380903637152}}