{"supportLeg": "Legs", "angles": {"LShoulderRoll": 76, "LShoulderPitch": 84.23798151602901, "RShoulderRoll": 18, "LElbowYaw": -90, "LElbowRoll": -63.864549418387966, "RElbowRoll": 52.644427584881086, "RElbowYaw": 90, "RShoulderPitch": 75.95284446254345}}