{"supportLeg": "Legs", "angles": {"LShoulderRoll": 76, "LShoulderPitch": 84.69293477899697, "RShoulderRoll": 17.953674751883526, "LElbowYaw": -90, "LElbowRoll": -68.18835981319316, "RElbowRoll": 49.38877365261186, "RElbowYaw": 90, "RShoulderPitch": 79.79680374736499}}