{"supportLeg": "Legs", "angles": {"LShoulderRoll": 76, "LShoulderPitch": 85.21385709536646, "RShoulderRoll": 18, "LElbowYaw": -90, "LElbowRoll": -60.71116691835353, "RElbowRoll": 60.98366708679306, "RElbowYaw": 90, "RShoulderPitch": 75.22933434213203}}