{"supportLeg": "Legs", "angles": {"LShoulderRoll": 76, "LShoulderPitch": 81.38687060294416, "RShoulderRoll": 18, "LElbowYaw": -90, "LElbowRoll": -60.640219900583446, "RElbowRoll": 59.55066248404667, "RElbowYaw": 90, "RShoulderPitch": 72.12497251351809}}