{"supportLeg": "Legs", "angles": {"LShoulderRoll": 76, "LShoulderPitch": 78.44332482680319, "RShoulderRoll": 18, "LElbowYaw": -90, "LElbowRoll": -62.29713172046276, "RElbowRoll": 51.34794024240048, "RElbowYaw": 90, "RShoulderPitch": 76.94938313020867}}