{"supportLeg": "Legs", "angles": {"LShoulderRoll": 76, "LShoulderPitch": 76.67063878209939, "RShoulderRoll": 18, "LElbowYaw": -90, "LElbowRoll": -62.58025896292797, "RElbowRoll": 55.17835950258771, "RElbowYaw": 90, "RShoulderPitch": 76.01586058303309}}