{"supportLeg": "Legs", "angles": {"LShoulderRoll": 76, "LShoulderPitch": 81.42144348409468, "RShoulderRoll": 16.353026084916763, "LElbowYaw": -90, "LElbowRoll": -62.375021716862165, "RElbowRoll": 58.741393410952696, "RElbowYaw": 90, "RShoulderPitch": 78.39134257593489}}