{"supportLeg": "Legs", "angles": {"LShoulderRoll": 76, "LShoulderPitch": 81.8631099722569, "RShoulderRoll": 14.713574770487497, "LElbowYaw": -90, "LElbowRoll": -65.62346016951182, "RElbowRoll": 59.66036184364626, "RElbowYaw": 90, "RShoulderPitch": 78.60734952886435}}