{"supportLeg": "Legs", "angles": {"LShoulderRoll": 76, "LShoulderPitch": 82.80282681052901, "RShoulderRoll": 11.659562527677195, "LElbowYaw": -90, "LElbowRoll": -62.87015567024176, "RElbowRoll": 62.48092538905071, "RElbowYaw": 90, "RShoulderPitch": 79.76417320754139}}