{"supportLeg": "Legs", "angles": {"LShoulderRoll": 76, "LShoulderPitch": 80.90341260368908, "RShoulderRoll": 12.41654080087605, "LElbowYaw": -90, "LElbowRoll": -65.30905010593654, "RElbowRoll": 66.51962941304073, "RElbowYaw": 90, "RShoulderPitch": 77.61394444255056}}