{"supportLeg": "Legs", "angles": {"LShoulderRoll": 76, "LShoulderPitch": 82.4560461187776, "RShoulderRoll": 12.151348594110303, "LElbowYaw": -90, "LElbowRoll": -68.57144968332054, "RElbowRoll": 68.4345311934572, "RElbowYaw": -88.38872909393768, "RShoulderPitch": 80.80521353094393}}