{"supportLeg": "Legs", "angles": {"LShoulderRoll": 76, "LShoulderPitch": 73.87105794750346, "RShoulderRoll": 13.71899563955138, "LElbowYaw": -90, "LElbowRoll": -69.39096943760688, "RElbowRoll": 63.97571551799011, "RElbowYaw": -89.97886496201986, "RShoulderPitch": 81.39268342550227}}