{"supportLeg": "Legs", "angles": {"LShoulderRoll": 76, "LShoulderPitch": 75.14026202452742, "RShoulderRoll": 11.762501911834846, "LElbowYaw": -90, "LElbowRoll": -70.97084199321304, "RElbowRoll": 55.65447575822317, "RElbowYaw": -87.76132807617508, "RShoulderPitch": 82.85189449025397}}