{"supportLeg": "Legs", "angles": {"LShoulderRoll": 76, "LShoulderPitch": 78.59287967314124, "RShoulderRoll": 8.938261696349016, "LElbowYaw": -90, "LElbowRoll": -71.55556523936075, "RElbowRoll": 65.6183161590544, "RElbowYaw": -89.86751807659373, "RShoulderPitch": 84.12745765108828}}