{"supportLeg": "Legs", "angles": {"LShoulderRoll": 76, "LShoulderPitch": 80.98979443216395, "RShoulderRoll": 6.275788502142191, "LElbowYaw": -83.03766506692945, "LElbowRoll": -72.309722363497, "RElbowRoll": 67.37155678069804, "RElbowYaw": -89.63987881417282, "RShoulderPitch": 85.88231029056027}}