{"supportLeg": "Legs", "angles": {"LShoulderRoll": 76, "LShoulderPitch": 77.68764435806604, "RShoulderRoll": 5.121443801754424, "LElbowYaw": -90, "LElbowRoll": -74.34614593296125, "RElbowRoll": 67.06727049690915, "RElbowYaw": -89.76419050764271, "RShoulderPitch": 86.52590090342575}}