{"supportLeg": "Legs", "angles": {"LShoulderRoll": 76, "LShoulderPitch": 49.50894554996524, "RShoulderRoll": 5.603390475690631, "LElbowYaw": -51.34089272460182, "LElbowRoll": -71.92373185196851, "RElbowRoll": 62.60892820777181, "RElbowYaw": -89.4555384064975, "RShoulderPitch": 86.52025648056888}}