{"supportLeg": "Legs", "angles": {"LShoulderRoll": 76, "LShoulderPitch": 74.10575964768579, "RShoulderRoll": 0.618301549612724, "LElbowYaw": -90, "LElbowRoll": -55.787084996258315, "RElbowRoll": 52.59551503665509, "RElbowYaw": 90, "RShoulderPitch": 88.93416415201519}}