{"supportLeg": "Legs", "angles": {"LShoulderRoll": 76, "LShoulderPitch": 66.58638476445756, "RShoulderRoll": 3.871990629257624, "LElbowYaw": -60.27222424331882, "LElbowRoll": -39.080674711849895, "RElbowRoll": 38.37024438481191, "RElbowYaw": -80.21974697546074, "RShoulderPitch": 72.06992280875087}}