{"supportLeg": "Legs", "angles": {"LShoulderRoll": 76, "LShoulderPitch": -17.16941198340217, "RShoulderRoll": 5.2298420536909305, "LElbowYaw": 20.16405738000354, "LElbowRoll": -38.05608357165278, "RElbowRoll": 38.20374795311963, "RElbowYaw": 15.33895358322768, "RShoulderPitch": -25.313181273690287}}