{"supportLeg": "Legs", "angles": {"LShoulderRoll": 76, "LShoulderPitch": -23.333747453205266, "RShoulderRoll": 8.102300748347758, "LElbowYaw": 26.855579118449818, "LElbowRoll": -36.70846470697924, "RElbowRoll": 34.79411013182971, "RElbowYaw": 0, "RShoulderPitch": -16.540219437827364}}