{"supportLeg": "Legs", "angles": {"LShoulderRoll": 76, "LShoulderPitch": -7.130118888262561, "RShoulderRoll": 18, "LElbowYaw": 31.00094925433653, "LElbowRoll": -32.11350464753542, "RElbowRoll": 26.69465370940233, "RElbowYaw": 0, "RShoulderPitch": 5.22578601703022}}