{"supportLeg": "Legs", "angles": {"LShoulderRoll": 76, "LShoulderPitch": 3.6323136957126376, "RShoulderRoll": 18, "LElbowYaw": 36.66155015612876, "LElbowRoll": -29.394770153384428, "RElbowRoll": 23.411297423246964, "RElbowYaw": 29.810171960078073, "RShoulderPitch": 10.800560518924016}}