{"supportLeg": "Legs", "angles": {"LShoulderRoll": 76, "LShoulderPitch": 7.473189851104735, "RShoulderRoll": 18, "LElbowYaw": 39.64763887244238, "LElbowRoll": -29.030581404519467, "RElbowRoll": 17.543093081465287, "RElbowYaw": 35.8951901421364, "RShoulderPitch": 15.198924383440385}}