{"supportLeg": "Legs", "angles": {"LShoulderRoll": 76, "LShoulderPitch": 13.129162129404557, "RShoulderRoll": 18, "LElbowYaw": 33.08407359225836, "LElbowRoll": -30.022641639627324, "RElbowRoll": 20.788581582480106, "RElbowYaw": 25.974724374082307, "RShoulderPitch": 20.98218955825312}}