{"supportLeg": "Legs", "angles": {"LShoulderRoll": 76, "LShoulderPitch": 15.983578108362536, "RShoulderRoll": 18, "LElbowYaw": 31.95224843087393, "LElbowRoll": -31.04178856568106, "RElbowRoll": 21.14356336354973, "RElbowYaw": 23.25865059303836, "RShoulderPitch": 23.37801129788943}}