{"supportLeg": "Legs", "angles": {"LShoulderRoll": 76, "LShoulderPitch": 20.237048662611983, "RShoulderRoll": 18, "LElbowYaw": 26.66102386282106, "LElbowRoll": -32.27562546997714, "RElbowRoll": 30.706707432432466, "RElbowYaw": 22.366213681388317, "RShoulderPitch": 24.032634565404187}}