{"supportLeg": "Legs", "angles": {"LShoulderRoll": 76, "LShoulderPitch": 24.859068496095915, "RShoulderRoll": 18, "LElbowYaw": 23.16649778780853, "LElbowRoll": -33.39984668998213, "RElbowRoll": 30.917833931380585, "RElbowYaw": 18.850848410300696, "RShoulderPitch": 27.314687188012268}}