{"supportLeg": "Legs", "angles": {"LShoulderRoll": 76, "LShoulderPitch": 26.277672715001188, "RShoulderRoll": 18, "LElbowYaw": 22.606123801545742, "LElbowRoll": -32.88668977758135, "RElbowRoll": 29.871065744828257, "RElbowYaw": 18.304684176197856, "RShoulderPitch": 27.881392836360067}}