{"supportLeg": "Legs", "angles": {"LShoulderRoll": 76, "LShoulderPitch": 25.469538554829697, "RShoulderRoll": 18, "LElbowYaw": 23.094210648203422, "LElbowRoll": -33.913290680381834, "RElbowRoll": 30.694997527481434, "RElbowYaw": 18.20580394300077, "RShoulderPitch": 27.672509959478536}}