{"supportLeg": "Legs", "angles": {"LShoulderRoll": 76, "LShoulderPitch": 23.50539641777188, "RShoulderRoll": 18, "LElbowYaw": 23.332329831823866, "LElbowRoll": -38.232341538398856, "RElbowRoll": 30.67636175764153, "RElbowYaw": 16.533661801209927, "RShoulderPitch": 28.30820800330523}}