{"supportLeg": "Legs", "angles": {"LShoulderRoll": 76, "LShoulderPitch": 14.664577509032956, "RShoulderRoll": 18, "LElbowYaw": 0, "LElbowRoll": -28.275905407736275, "RElbowRoll": 105.09252975059573, "RElbowYaw": 0, "RShoulderPitch": 118}}