{"supportLeg": "Legs", "angles": {"LShoulderRoll": 76, "LShoulderPitch": 22.261135041714553, "RShoulderRoll": 18, "LElbowYaw": 24.059001089489072, "LElbowRoll": -39.20011675060766, "RElbowRoll": 30.393112904538384, "RElbowYaw": 14.824240687166128, "RShoulderPitch": 28.78633658497883}}