{"supportLeg": "Legs", "angles": {"LShoulderRoll": 76, "LShoulderPitch": 20.8444108784602, "RShoulderRoll": 18, "LElbowYaw": 27.03858288451291, "LElbowRoll": -37.733721675633035, "RElbowRoll": 32.98167946617153, "RElbowYaw": 14.234531763674937, "RShoulderPitch": 28.82764125177067}}