{"supportLeg": "Legs", "angles": {"LShoulderRoll": 76, "LShoulderPitch": 20.51066487897792, "RShoulderRoll": 18, "LElbowYaw": 27.451649533539687, "LElbowRoll": -35.93714148757877, "RElbowRoll": 32.66594366777835, "RElbowYaw": 12.48642571928385, "RShoulderPitch": 30.188567351519858}}