{"supportLeg": "Legs", "angles": {"LShoulderRoll": 76, "LShoulderPitch": 20.800370807894197, "RShoulderRoll": 18, "LElbowYaw": 26.931157806226565, "LElbowRoll": -37.04163008059305, "RElbowRoll": 34.01632927895801, "RElbowYaw": 14.528501165111827, "RShoulderPitch": 28.20199886451077}}