{"supportLeg": "Legs", "angles": {"LShoulderRoll": 76, "LShoulderPitch": 24.240531231700277, "RShoulderRoll": 18, "LElbowYaw": 23.266654542628235, "LElbowRoll": -35.76958898207772, "RElbowRoll": 35.10918949043494, "RElbowYaw": 17.169048797429184, "RShoulderPitch": 25.113077431996317}}