{"supportLeg": "Legs", "angles": {"LShoulderRoll": 76, "LShoulderPitch": 26.80716268300903, "RShoulderRoll": 18, "LElbowYaw": 19.77203930061035, "LElbowRoll": -36.96904045236971, "RElbowRoll": 33.078833205426406, "RElbowYaw": 19.506859723800336, "RShoulderPitch": 22.89536461155947}}