{"supportLeg": "Legs", "angles": {"LShoulderRoll": 76, "LShoulderPitch": 30.915170994557872, "RShoulderRoll": 18, "LElbowYaw": 0, "LElbowRoll": -38.57011986386226, "RElbowRoll": 27.208662334061614, "RElbowYaw": 27.258171932840884, "RShoulderPitch": 19.00140514562776}}