{"supportLeg": "Legs", "angles": {"LShoulderRoll": 76, "LShoulderPitch": 34.8340637728224, "RShoulderRoll": 18, "LElbowYaw": 0, "LElbowRoll": -41.89277653224917, "RElbowRoll": 30.993259479192204, "RElbowYaw": 31.024127807199736, "RShoulderPitch": 13.500355472748684}}