{"supportLeg": "Legs", "angles": {"LShoulderRoll": 76, "LShoulderPitch": 38.003532703708444, "RShoulderRoll": 18, "LElbowYaw": 0, "LElbowRoll": -38.993761455280975, "RElbowRoll": 32.109220914283554, "RElbowYaw": 28.30996364453201, "RShoulderPitch": 13.577629737132954}}