{"supportLeg": "Legs", "angles": {"LShoulderRoll": 76, "LShoulderPitch": 42.1473613170471, "RShoulderRoll": 18, "LElbowYaw": 0, "LElbowRoll": -47.31208576300148, "RElbowRoll": 32.39968584497558, "RElbowYaw": 33.99573973041363, "RShoulderPitch": 10.754324104971825}}