{"supportLeg": "RLeg", "angles": {"LShoulderRoll": 61.906341905264796, "LShoulderPitch": 39.07694777366019, "RShoulderRoll": 18, "LElbowYaw": 20.553313823446764, "LElbowRoll": -14.408857570081096, "RElbowRoll": 157.8693260802811, "RElbowYaw": 0, "RShoulderPitch": -7.866396389502097}}