{"supportLeg": "Legs", "angles": {"LShoulderRoll": 76, "LShoulderPitch": 41.43438125471054, "RShoulderRoll": 18, "LElbowYaw": 0, "LElbowRoll": -49.73577946893192, "RElbowRoll": 35.94360350364886, "RElbowYaw": 39.29571725156583, "RShoulderPitch": 6.7996783550179325}}