{"supportLeg": "Legs", "angles": {"LShoulderRoll": 76, "LShoulderPitch": 37.147396951971906, "RShoulderRoll": 18, "LElbowYaw": 0, "LElbowRoll": -42.74717262328764, "RElbowRoll": 37.34233814130923, "RElbowYaw": 28.978136984340487, "RShoulderPitch": 12.794586860612606}}