{"supportLeg": "Legs", "angles": {"LShoulderRoll": 76, "LShoulderPitch": 21.13502559224164, "RShoulderRoll": 18, "LElbowYaw": 0, "LElbowRoll": -43.412862062848376, "RElbowRoll": 38.826949725632346, "RElbowYaw": 23.982676279283336, "RShoulderPitch": 20.819334880203602}}