{"supportLeg": "Legs", "angles": {"LShoulderRoll": 76, "LShoulderPitch": 15.340841757441952, "RShoulderRoll": 18, "LElbowYaw": 32.880920144571625, "LElbowRoll": -41.56408624371693, "RElbowRoll": 41.363286818396574, "RElbowYaw": 2.098428250868004, "RShoulderPitch": 33.48417324789353}}