{"supportLeg": "Legs", "angles": {"LShoulderRoll": 76, "LShoulderPitch": 19.10771103478934, "RShoulderRoll": 18, "LElbowYaw": 26.07483158062751, "LElbowRoll": -41.978818581968, "RElbowRoll": 56.711681583917795, "RElbowYaw": -43.46512906327607, "RShoulderPitch": 49.85906095464866}}