{"supportLeg": "Legs", "angles": {"LShoulderRoll": 76, "LShoulderPitch": 18.659856237781028, "RShoulderRoll": 8.221374343164129, "LElbowYaw": 0, "LElbowRoll": -43.98375891109157, "RElbowRoll": 57.578356269207646, "RElbowYaw": -119.79328081285337, "RShoulderPitch": 82.46285531401792}}