{"supportLeg": "Legs", "angles": {"LShoulderRoll": 76, "LShoulderPitch": 19.84716351027529, "RShoulderRoll": 5.853790136954018, "LElbowYaw": 0, "LElbowRoll": -43.885250635796524, "RElbowRoll": 55.440243679139144, "RElbowYaw": -122.40802270427736, "RShoulderPitch": 84.25544301399529}}