{"supportLeg": "Legs", "angles": {"LShoulderRoll": 76, "LShoulderPitch": 32.562498215380266, "RShoulderRoll": -9.310727637326721, "LElbowYaw": 0, "LElbowRoll": -41.490115157118964, "RElbowRoll": 49.38798653267807, "RElbowYaw": -145.93132592007197, "RShoulderPitch": 99.86705942749794}}