{"supportLeg": "Legs", "angles": {"LShoulderRoll": 76, "LShoulderPitch": 30.296045067858795, "RShoulderRoll": -28.20920159187058, "LElbowYaw": 0, "LElbowRoll": -41.523864293101155, "RElbowRoll": 43.15076662868282, "RElbowYaw": -174.07541284301684, "RShoulderPitch": 118}}