{"supportLeg": "Legs", "angles": {"LShoulderRoll": 76, "LShoulderPitch": 28.36215786246046, "RShoulderRoll": -12.577779802194641, "LElbowYaw": 0, "LElbowRoll": -41.54946268440199, "RElbowRoll": 46.26239174318198, "RElbowYaw": -137.31390445998662, "RShoulderPitch": 101.81663415226917}}