{"min_typicality": [0.4, 0.5244444444444445, 0.4928947368421052, 0.4928947368421052, 0.4872222222222222, 0.27999999999999997, 0.38026315789473686, 0.33999999999999997, 0.3988888888888889, 0.34888888888888886], "criterion2": 1, "azffeskjgnguyubaazbhezxwrnjuyqbaazbhezxwinrvyubaazbhezxwcnrvyubalzbhlzxwcnrqyuvaapffeskjgnguyuiaasbvtzxginivtahaazfdeskjgnguyumaajvvtzswlnoulaiaezbvtskmgnguyum": 0.6825396825396826, "single_results": {"azbhezxwrnjuyqba": 0.5729166666666666, "azffeskjgnguyuba": 0.59375, "ajvvtzswlnoulaia": 0.5833333333333334, "azbhezxwinrvyuba": 0.5729166666666666, "ezbvtskmgnguyum": 0.59375, "azbhezxwcnrvyuba": 0.5729166666666666, "apffeskjgnguyuia": 0.59375, "asbvtzxginivtaha": 0.6041666666666666, "azfdeskjgnguyuma": 0.625, "lzbhlzxwcnrqyuva": 0.5520833333333334}, "average_typicality Criterion1": 0.5864583333333333}