{"azbhezxwrnjuyqba": 0.5729166666666666, "azffeskjgnguyuba": 0.59375, "ajvvtzswlnoulaia": 0.5833333333333334, "azbhezxwinrvyuba": 0.5729166666666666, "ezbvtskmgnguyum": 0.59375, "azffeskjgnguyubaazbhezxwrnjuyqbaazbhezxwinrvyubaazbhezxwcnrvyubalzbhlzxwcnrqyuvaapffeskjgnguyuiaasbvtzxginivtahaazfdeskjgnguyumaajvvtzswlnoulaiaezbvtskmgnguyum": 0.6825396825396826, "azbhezxwcnrvyuba": 0.5729166666666666, "average_typicality": 0.5864583333333333, "apffeskjgnguyuia": 0.59375, "asbvtzxginivtaha": 0.6041666666666666, "azfdeskjgnguyuma": 0.625, "lzbhlzxwcnrqyuva": 0.5520833333333334}