{"wnuzurjqhwywcrmarzlarzyzhwowvnkaanbzttyarxywvrmaannzhkatgxycvrmaanlarzytgwywvvzawnuzrzyarxywcrmaanlarzlagwywvvzaambzhzitgwywvrmaanbzuritgxycvvzaanbzhzitgxywvrm": 0.6470588235294118, "rzlarzyzhwowvnka": 0.5119047619047619, "annzhkatgxycvrma": 0.5119047619047619, "average_typicality": 0.5202380952380953, "anbzttyarxywvrma": 0.5238095238095238, "anlarzlagwywvvza": 0.5238095238095238, "anbzuritgxycvvza": 0.5357142857142857, "wnuzurjqhwywcrma": 0.5476190476190477, "wnuzrzyarxywcrma": 0.5238095238095238, "anbzhzitgxywvrm": 0.4880952380952381, "ambzhzitgwywvrma": 0.5238095238095238, "anlarzytgwywvvza": 0.5119047619047619}