{"azvbxwynczhebryaazvbxwwnczhebryaazubxuwnszhgbayaaxvbxwwnlzheyryaaxubxuwnszhgbayaaxvbxwwnwzfebryaauvbxwynczhebryatxvbxuunuzfebryaazubxuwnszhgbryaazelxponlzheyry": 0.6698113207547169, "azubxuwnszhgbrya": 0.59375, "azubxuwnszhgbaya": 0.5520833333333334, "txvbxuunuzfebrya": 0.59375, "azvbxwwnczhebrya": 0.59375, "auvbxwynczhebrya": 0.5625, "axubxuwnszhgbaya": 0.5520833333333334, "average_typicality": 0.5750000000000001, "azvbxwynczhebrya": 0.5625, "azelxponlzheyry": 0.6041666666666666, "axvbxwwnwzfebrya": 0.5833333333333334, "axvbxwwnlzheyrya": 0.5520833333333334}