{"min_typicality": [0.4099999999999999, 0.3152631578947368, 0.4070588235294118, 0.42157894736842105, 0.3949999999999999, 0.25000000000000006, 0.44625000000000004, 0.42289473684210527, 0.4478947368421053, 0.4464705882352942], "azvrxhwrqnyzobagozovxhwgentmxlcqazvrxhwrqntmxlagazvrxhwrqnyzdbayazbvxhwrenyzcbayodusxhwdmoqmxbaqazvrxqwrqnyzmeagaybvshwjvzqmxlaqazbvxhwrenymxlawxzbhxhwrnnytdba": 0.7295081967213115, "criterion2": 1, "single_results": {"azbvxhwrenymxlaw": 0.6111111111111112, "xzbhxhwrnnytdba": 0.6111111111111112, "azvrxhwrqntmxlag": 0.6296296296296297, "azbvxhwrenyzcbay": 0.6203703703703703, "azvrxqwrqnyzmeag": 0.6296296296296297, "ozovxhwgentmxlcq": 0.6203703703703703, "odusxhwdmoqmxbaq": 0.6388888888888888, "aybvshwjvzqmxlaq": 0.6111111111111112, "azvrxhwrqnyzobag": 0.6481481481481481, "azvrxhwrqnyzdbay": 0.6203703703703703}, "average_typicality Criterion1": 0.624074074074074}