{"anbzhbcvwweuxzwr": 0.37681159420289856, "anbuhbcvvseubziw": 0.43478260869565216, "anzzhbcvwyeuxzar": 0.37681159420289856, "yniuhbqvayeuvzvw": 0.42028985507246375, "ynbuhbdvwijuvziw": 0.43478260869565216, "anbzhbcdfyeubaiw": 0.391304347826087, "anbzhxivfyeubziw": 0.36231884057971014, "average_typicality": 0.4057971014492754, "ynbuhbdvwijuvziwanbzhbcvwweuxzwranzzhbcvwyeuxzaranbuhbcvvseubziwanbuhxivfyeubeiwanbzhbcdfyeubaiwagbzxxiqqyeuvzrryniuhbqvayeuvzvwanbzhxivfyeubziwanxzotiqqijuvzi": 0.6774193548387096, "agbzxxiqqyeuvzrr": 0.43478260869565216, "anbuhxivfyeubeiw": 0.37681159420289856, "anxzotiqqijuvzi": 0.4492753623188406}