{"azvbxwhnuohemuya": 0.5833333333333334, "azvbxwwnczhebrya": 0.59375, "azutuswewakekeya": 0.625, "afutuwweczhemryf": 0.5833333333333334, "azdgxpwnrzqhmrxaazutxwhnwzhvbrxaazdgxpwnrzhvyrymazvbxwwnczhebryaaavexwwnwaxekeyaazvbxwhnuohemuyaafutuwweczhemryfazaiuewnczuvyrxaazutuswewakekeyaazvbxwwnczhebfy": 0.6615384615384615, "azutxwhnwzhvbrxa": 0.5833333333333334, "azdgxpwnrzhvyrym": 0.59375, "azdgxpwnrzqhmrxa": 0.5729166666666666, "azaiuewnczuvyrxa": 0.5833333333333334, "average_typicality": 0.590625, "aavexwwnwaxekeya": 0.6145833333333334, "azvbxwwnczhebfy": 0.5729166666666666}