{"min_typicality": [0.37764705882352945, 0.46888888888888897, 0.5025, 0.5166666666666666, 0.41384615384615386, 0.56875, 0.41625, 0.4766666666666667, 0.3870588235294118, 0.5216666666666666], "azdgxpwnrzqhmrxaazutxwhnwzhvbrxaazdgxpwnrzhvyrymazvbxwwnczhebryaaavexwwnwaxekeyaazvbxwhnuohemuyaafutuwweczhemryfazaiuewnczuvyrxaazutuswewakekeyaazvbxwwnczhebfy": 0.6615384615384615, "criterion2": 1, "single_results": {"azvbxwhnuohemuya": 0.5833333333333334, "azvbxwwnczhebrya": 0.59375, "azutuswewakekeya": 0.625, "afutuwweczhemryf": 0.5833333333333334, "azutxwhnwzhvbrxa": 0.5833333333333334, "azdgxpwnrzhvyrym": 0.59375, "azdgxpwnrzqhmrxa": 0.5729166666666666, "azaiuewnczuvyrxa": 0.5833333333333334, "aavexwwnwaxekeya": 0.6145833333333334, "azvbxwwnczhebfy": 0.5729166666666666}, "average_typicality Criterion1": 0.590625}