{"azrttywgnxmdzywxazrttywghxzazywxazrttywgnxmazywxqzrnadwgnxmazyuxazwttdsjfifiuywgzywttybinvmazywxazrtxywgnxmnpywxazremywgnxmazywxzzrtmwwgnxmauuwgazrttywghxmnzyw": 0.631578947368421, "azwttdsjfifiuywg": 0.27450980392156865, "zywttybinvmazywx": 0.19607843137254902, "azrtxywgnxmnpywx": 0.23529411764705882, "qzrnadwgnxmazyux": 0.21568627450980393, "azrttywgnxmazywx": 0.1836734693877551, "azrttywghxzazywx": 0.20408163265306123, "zzrtmwwgnxmauuwg": 0.20833333333333334, "azrttywghxmnzyw": 0.2, "average_typicality": 0.21578331332533013, "azremywgnxmazywx": 0.22448979591836735, "azrttywgnxmdzywx": 0.21568627450980393}