{"min_typicality": [0.5800000000000001, 0.6042857142857143, 0.47750000000000004, 0.38357142857142856, 0.61, 0.6976923076923077, 0.675, 0.6942307692307692, 0.665, 0.5075000000000001], "apvzfhuhebhnzukranbzwhnxaehbzucractzfhuhewhbzikrziczehmheghnzuiwanbywrnjaehbzucranbzwhnxvwebzyiranbzwhuxvwebzucranbzwhuxvwhbzucranbzwhnxawebzyirapvzfhuhebhbzyk": 0.6403508771929824, "criterion2": 0, "single_results": {"apvzfhuhebhbzyk": 0.42028985507246375, "actzfhuhewhbzikr": 0.4492753623188406, "ziczehmheghnzuiw": 0.43478260869565216, "anbzwhuxvwhbzucr": 0.36231884057971014, "anbzwhnxawebzyir": 0.37681159420289856, "apvzfhuhebhnzukr": 0.4057971014492754, "anbzwhnxvwebzyir": 0.391304347826087, "anbywrnjaehbzucr": 0.37681159420289856, "anbzwhnxaehbzucr": 0.391304347826087, "anbzwhuxvwebzucr": 0.391304347826087}, "average_typicality Criterion1": 0.39999999999999997}