{"apvzfhuhebhbzyk": 0.42028985507246375, "actzfhuhewhbzikr": 0.4492753623188406, "apvzfhuhebhnzukranbzwhnxaehbzucractzfhuhewhbzikrziczehmheghnzuiwanbywrnjaehbzucranbzwhnxvwebzyiranbzwhuxvwebzucranbzwhuxvwhbzucranbzwhnxawebzyirapvzfhuhebhbzyk": 0.6403508771929824, "ziczehmheghnzuiw": 0.43478260869565216, "anbzwhuxvwhbzucr": 0.36231884057971014, "anbzwhnxawebzyir": 0.37681159420289856, "apvzfhuhebhnzukr": 0.4057971014492754, "average_typicality": 0.39999999999999997, "anbzwhnxvwebzyir": 0.391304347826087, "anbywrnjaehbzucr": 0.37681159420289856, "anbzwhnxaehbzucr": 0.391304347826087, "anbzwhuxvwebzucr": 0.391304347826087}