{"anlzhzitggacvrma": 0.5357142857142857, "agbhkuirdxywvrlc": 0.5, "average_typicality": 0.5249999999999999, "anbzhritgxpwyrqc": 0.5357142857142857, "anbzhzatgwywvrm": 0.5119047619047619, "atozyuitgxywvria": 0.5238095238095238, "anbzhzitgxywvrma": 0.5119047619047619, "aebzhzatgwywvrmaagbhkuirdxywvrlcanlzhzitggacvrmaanbzhritgxpwyrqcanbzhzitgxywvrmaatozyuitgxywvriaaotzhuhuugacmroaanbznliuveswdtmaaobzhuwuugacmrrdanbzhzatgwywvrm": 0.7086614173228346, "anbznliuveswdtma": 0.5238095238095238, "aotzhuhuugacmroa": 0.5595238095238095, "aobzhuwuugacmrrd": 0.5357142857142857, "aebzhzatgwywvrma": 0.5119047619047619}