{"jzcwpwcpncwrymmd": 0.6354166666666666, "azxwbwcnzeyrybru": 0.5833333333333334, "azxwbwcnzeyyhbru": 0.59375, "azxwbwcnzeyvcbrv": 0.5520833333333334, "azxwbwcnzeyvhbru": 0.59375, "jzxhbtcnzeyvceru": 0.5833333333333334, "azxwbwcnneyvcbr": 0.5520833333333334, "azbhbwcnncbvcmmd": 0.6041666666666666, "aaxebucnieyvhbru": 0.59375, "azxwbwcnzeyvhbruazxwbwcnzeyvcbrvjzxhbtcnzeyvceruazxwbwcnzeyrybruazbhbwcnncbvcmmdazxwbwcnzeyyhbruaaxebucnieyvhbruazxwbwunheovwbrujzcwpwcpncwrymmdazxwbwcnneyvcbr": 0.7079646017699115, "average_typicality": 0.584375, "azxwbwunheovwbru": 0.5520833333333334}