{"LShoulderRoll": 26.770864334028225, "LShoulderPitch": 69.78468488321818, "RShoulderRoll": -44.96235037450713, "LElbowYaw": -4.8987651185973675, "LHipYawPitch": -0.7529238599964827, "LHipPitch": null, "LKneePitch": 23.28031500787057, "RHipPitch": null, "LElbowRoll": -55.79583294361886, "RKneePitch": 21.76199706660711, "RElbowRoll": 43.83251970695656, "RElbowYaw": 0, "RShoulderPitch": 63.87347279719292}