{"LShoulderRoll": 28.30963679034542, "LShoulderPitch": 71.15087641849281, "RShoulderRoll": -28.20990226754775, "LElbowYaw": -90, "LHipYawPitch": -0.7535694661493723, "LHipPitch": null, "LKneePitch": 22.565219373089803, "RHipPitch": null, "LElbowRoll": -59.290067491189944, "RKneePitch": 21.514916059216148, "RElbowRoll": 45.01870628292659, "RElbowYaw": 0, "RShoulderPitch": 68.15612697257887}