{"LShoulderRoll": 29.179004045013286, "LShoulderPitch": 68.35810964571752, "RShoulderRoll": -26.3183913888475, "LElbowYaw": -6.855229611017826, "LHipYawPitch": -0.7746056274678687, "LHipPitch": null, "LKneePitch": 17.86509343990309, "RHipPitch": null, "LElbowRoll": -55.45611830688779, "RKneePitch": 9.880893924934213, "RElbowRoll": 41.85387865115183, "RElbowYaw": -14.408966477782286, "RShoulderPitch": 71.1674650624588}