{"LShoulderRoll": 40.269368981811375, "LShoulderPitch": 61.679220993108615, "RShoulderRoll": -47.0221675129077, "LElbowYaw": -1.282294271379854, "LHipYawPitch": -0.7786064153586226, "LHipPitch": null, "LKneePitch": 17.143024351437873, "RHipPitch": null, "LElbowRoll": -53.528920008105175, "RKneePitch": 4.237554532036057, "RElbowRoll": 41.94587937036599, "RElbowYaw": 0, "RShoulderPitch": 61.60702393380259}