{"LShoulderRoll": 45.096784918699164, "LShoulderPitch": 63.60667737724134, "RShoulderRoll": -28.819920897649205, "LElbowYaw": -90, "LHipYawPitch": -0.7685393548881716, "LHipPitch": null, "LKneePitch": 18.527942965214095, "RHipPitch": null, "LElbowRoll": -48.39100998371211, "RKneePitch": 11.936877902986566, "RElbowRoll": 46.30099524874532, "RElbowYaw": 0, "RShoulderPitch": 65.7440994445482}