{"LShoulderRoll": 42.560767929779125, "LShoulderPitch": 64.40754335310208, "RShoulderRoll": -51.233298650926436, "LElbowYaw": -90, "LHipYawPitch": -0.7677179243665597, "LHipPitch": null, "LKneePitch": 19.119673960220865, "RHipPitch": null, "LElbowRoll": -61.76226026617661, "RKneePitch": 11.60818774720633, "RElbowRoll": 46.31242213522506, "RElbowYaw": 0, "RShoulderPitch": 63.02255747844767}