{"LShoulderRoll": 40.26699072935361, "LShoulderPitch": 63.80637793885923, "RShoulderRoll": -28.46573026347414, "LElbowYaw": -90, "LHipYawPitch": -0.7741885577239492, "LHipPitch": null, "LKneePitch": 14.547293844423223, "RHipPitch": null, "LElbowRoll": -50.663204593825355, "RKneePitch": 13.790665133685678, "RElbowRoll": 42.070515696033624, "RElbowYaw": 0, "RShoulderPitch": 66.13148885743516}