{"LShoulderRoll": 32.42166367783749, "LShoulderPitch": 69.9901466995148, "RShoulderRoll": -36.10505451803054, "LElbowYaw": -11.203881577745776, "LHipYawPitch": -0.7546317481690397, "LHipPitch": null, "LKneePitch": 29.083318826827366, "RHipPitch": null, "LElbowRoll": -62.093652691714865, "RKneePitch": 2.642536127522021, "RElbowRoll": 37.99028372192819, "RElbowYaw": 0, "RShoulderPitch": 60.503456033319154}