{"azuheluwcnrvwrxaazbhezxwcnrvwybaalrgfzxwcnrytyraalrqfpxwcnrtwiwjazbhfpxyqertryraazbhezxyqnrytyraazbgupxyqnrvwinrazbhczxyqnrvwinryokgfuvwwnrvwybayxkgupiyqertryr": 0.75, "azbhezxyqnrytyra": 0.6041666666666666, "yxkgupiyqertryr": 0.6145833333333334, "alrqfpxwcnrtwiwj": 0.5833333333333334, "azuheluwcnrvwrxa": 0.59375, "alrgfzxwcnrytyra": 0.5729166666666666, "yokgfuvwwnrvwyba": 0.59375, "azbhfpxyqertryra": 0.6145833333333334, "average_typicality": 0.5927083333333333, "azbhczxyqnrvwinr": 0.6145833333333334, "azbhezxwcnrvwyba": 0.5520833333333334, "azbgupxyqnrvwinr": 0.5833333333333334}