{"azrtxwaxgntzmyzyazrtzwamgntrmywyaxrbzwmmgnpzmyzyazrtawaxgntrmyzyazrtxpmmgntzmyzyaxubbwfxuvxzmyzdazxtxwmmgnpzmyzyyzrtxwumgqtzkyzyaxobzwflvktzkwzadzrtxwsxgktzcyg": 0.6585365853658537, "min_typicality": [0.9450000000000001, 0.8699999999999999, 0.74, 0.9299999999999999, 0.8440909090909092, 0.5249999999999999, 0.7940909090909092, 0.6726923076923077, 0.45625000000000004, 0.605], "criterion2": 0, "single_results": {"azxtxwmmgnpzmyzy": 0.20408163265306123, "dzrtxwsxgktzcyg": 0.2, "axrbzwmmgnpzmyzy": 0.21568627450980393, "axubbwfxuvxzmyzd": 0.27450980392156865, "azrtxwaxgntzmyzy": 0.16666666666666666, "axobzwflvktzkwza": 0.26, "azrtawaxgntrmyzy": 0.16666666666666666, "azrtzwamgntrmywy": 0.16326530612244897, "azrtxpmmgntzmyzy": 0.22916666666666666, "yzrtxwumgqtzkyzy": 0.21568627450980393}, "average_typicality Criterion1": 0.20957292917166864}