{"azyxwxwcarryazhaazbevxwhnrbytzbaaazxxiwnnrmytzvaazbevxwhnrnytzbuazbevxwhnrmywzbaazpxwxlcarryazzuaziermwhkrmywdvaazbxvxwhnrmywzbaazzxxiwhnrmywzvaazbevxwhnrmywzb": 0.7037037037037037, "azpxwxlcarryazzu": 0.6203703703703703, "average_typicality": 0.6166666666666666, "azzxxiwhnrmywzva": 0.6111111111111112, "azyxwxwcarryazha": 0.6481481481481481, "azbevxwhnrmywzba": 0.6111111111111112, "aziermwhkrmywdva": 0.6388888888888888, "azbevxwhnrnytzbu": 0.6111111111111112, "azbevxwhnrmywzb": 0.6203703703703703, "azbxvxwhnrmywzba": 0.5925925925925926, "azbevxwhnrbytzba": 0.6018518518518519, "aazxxiwnnrmytzva": 0.6111111111111112}