{"azyxwxwcarryazhaazbevxwhnrbytzbaaazxxiwnnrmytzvaazbevxwhnrnytzbuazbevxwhnrmywzbaazpxwxlcarryazzuaziermwhkrmywdvaazbxvxwhnrmywzbaazzxxiwhnrmywzvaazbevxwhnrmywzb": 0.7037037037037037, "min_typicality": [0.43500000000000005, 0.41657894736842094, 0.4708823529411765, 0.39, 0.44657894736842096, 0.4420588235294117, 0.48375, 0.45388888888888884, 0.4664705882352942, 0.42657894736842095], "criterion2": 1, "single_results": {"azpxwxlcarryazzu": 0.6203703703703703, "azzxxiwhnrmywzva": 0.6111111111111112, "azyxwxwcarryazha": 0.6481481481481481, "azbevxwhnrmywzba": 0.6111111111111112, "aziermwhkrmywdva": 0.6388888888888888, "azbevxwhnrnytzbu": 0.6111111111111112, "azbevxwhnrmywzb": 0.6203703703703703, "azbxvxwhnrmywzba": 0.5925925925925926, "azbevxwhnrbytzba": 0.6018518518518519, "aazxxiwnnrmytzva": 0.6111111111111112}, "average_typicality Criterion1": 0.6166666666666666}