{"azxnbwhwcyrevbzuajxnbzhwxyrgvbzuxzxnbcmnxereqbzuozunbqmlxcrtilwuazxnbzawoyrtilwpamxnbzawoyrtibzbazxnbwhwxmfelbzuarqnywhgxmfgakpyazxnbnhwbzrevbzuamxnbwhwcyrevbz": 0.6850393700787402, "min_typicality": [0.4878947368421053, 0.4478947368421053, 0.3820588235294118, 0.3738888888888889, 0.4792105263157894, 0.49444444444444446, 0.53, 0.396111111111111, 0.42888888888888893, 0.48444444444444446], "criterion2": 1, "single_results": {"amxnbzawoyrtibzb": 0.5625, "azxnbnhwbzrevbzu": 0.5625, "amxnbwhwcyrevbz": 0.59375, "azxnbwhwcyrevbzu": 0.59375, "xzxnbcmnxereqbzu": 0.6041666666666666, "azxnbwhwxmfelbzu": 0.5520833333333334, "ajxnbzhwxyrgvbzu": 0.5625, "arqnywhgxmfgakpy": 0.59375, "ozunbqmlxcrtilwu": 0.6041666666666666, "azxnbzawoyrtilwp": 0.59375}, "average_typicality Criterion1": 0.5822916666666667}