{"aknzdjxezpabnxbr": 0.6296296296296297, "azrevhyczwawnxbr": 0.6296296296296297, "average_typicality": 0.6194444444444445, "uzwuvtypzyawnxbr": 0.6111111111111112, "arrevtypzwadnxbb": 0.6203703703703703, "nzemdoimzpmwime": 0.6388888888888888, "anrwvhyczwiynxbr": 0.6481481481481481, "nzezdudezpaoimer": 0.5925925925925926, "azeuvhrxlwawimer": 0.6018518518518519, "azrevhyczwawnxbrarrevtypzwadnxbbuzwuvtypzyawnxbrazrmvnyczwronxabaknzdjxezpabnxbranrwvhyczwiynxbrazemvhyczwawnxbrazeuvhrxlwawimernzezdudezpaoimernzemdoimzpmwime": 0.7016129032258065, "azrmvnyczwronxab": 0.6018518518518519, "azemvhyczwawnxbr": 0.6203703703703703}