{"anufbrzncubhbvza": 0.4492753623188406, "aneabxznbubhbvaa": 0.43478260869565216, "average_typicality": 0.43188405797101453, "anewbxzncubhbvaa": 0.391304347826087, "evmvkegnkuppbrz": 0.4492753623188406, "ilfwpxqncufhbrze": 0.43478260869565216, "abewbxzncubhbvzd": 0.4492753623188406, "avewjxzncubhbrza": 0.43478260869565216, "avewbxzncubhbrza": 0.391304347826087, "ivhwpxzncubhbrza": 0.4492753623188406, "ivhwpxzncubhbrzaavewbxzncubhbrzaavewjxzncubhbrzailfwpxqncufhbrzeabewbxzncubhbvzdaneabxznbubhbvaaeneabrancubhivafanewbxzncubhbvaaanufbrzncubhbvzaevmvkegnkuppbrz": 0.6637931034482759, "eneabrancubhivaf": 0.43478260869565216}