{"min_typicality": [0.5957142857142858, 0.63, 0.5633333333333335, 0.4016666666666666, 0.595, 0.6633333333333333, 0.5507142857142857, 0.6492307692307693, 0.6226923076923077, 0.4066666666666666], "ivhwpxzncubhbrzaavewbxzncubhbrzaavewjxzncubhbrzailfwpxqncufhbrzeabewbxzncubhbvzdaneabxznbubhbvaaeneabrancubhivafanewbxzncubhbvaaanufbrzncubhbvzaevmvkegnkuppbrz": 0.6637931034482759, "criterion2": 0, "single_results": {"anufbrzncubhbvza": 0.4492753623188406, "aneabxznbubhbvaa": 0.43478260869565216, "anewbxzncubhbvaa": 0.391304347826087, "evmvkegnkuppbrz": 0.4492753623188406, "ilfwpxqncufhbrze": 0.43478260869565216, "abewbxzncubhbvzd": 0.4492753623188406, "avewjxzncubhbrza": 0.43478260869565216, "avewbxzncubhbrza": 0.391304347826087, "ivhwpxzncubhbrza": 0.4492753623188406, "eneabrancubhivaf": 0.43478260869565216}, "average_typicality Criterion1": 0.43188405797101453}