{"nchebzwihzwvegzb": 0.42028985507246375, "blhgspubnowvrqa": 0.463768115942029, "sckebyxcuxseuxzb": 0.463768115942029, "auhehzubntxvrazb": 0.391304347826087, "afheozubnxwkrazb": 0.4057971014492754, "achebzubntxvrazb": 0.391304347826087, "auhehzubntxvrazbachebzubnxwvrazbnchebzwihzwvegzbsckebyxcuxseuxzbachobzwbnxwvrazbabhovzwihzwvzvzbachebzubntxvrazbafheozubnxwkrazbnchgbzuknosgeqzbblhgspubnowvrqa": 0.6904761904761905, "achebzubnxwvrazb": 0.36231884057971014, "average_typicality": 0.42028985507246375, "nchgbzuknosgeqzb": 0.43478260869565216, "abhovzwihzwvzvzb": 0.463768115942029, "achobzwbnxwvrazb": 0.4057971014492754}