{"min_typicality": [0.5275000000000001, 0.6292307692307693, 0.775, 0.625, 0.7461538461538462, 0.975, 0.6657142857142857, 0.8945454545454545, 0.7811538461538462, 0.5642857142857143], "criterion2": 0, "cartvewapntziwwsaartvuqayntumwnyamrtxghayntbmwgyazorwghayuphmwryakrtxgwaynjzewgyazrtxgwayntzmwgyaartxeqayntbmwdyaartxgwayntzmwdyazrtxjwayvtpmvgycartvewayntfnww": 0.6639344262295082, "single_results": {"azorwghayuphmwry": 0.23529411764705882, "aartxgwayntzmwdy": 0.2, "aartxeqayntbmwdy": 0.21568627450980393, "azrtxgwayntzmwgy": 0.16326530612244897, "akrtxgwaynjzewgy": 0.19607843137254902, "amrtxghayntbmwgy": 0.22, "azrtxjwayvtpmvgy": 0.2, "cartvewayntfnww": 0.25, "aartvuqayntumwny": 0.22, "cartvewapntziwws": 0.23529411764705882}, "average_typicality Criterion1": 0.21356182472989196}