{"axuebnhbncwvrzab": 0.4057971014492754, "avbebzhbncwurfxb": 0.42028985507246375, "axuebzhbncwvrzab": 0.391304347826087, "avuhbvrbsdwurfan": 0.391304347826087, "axuebzhbycwvhba": 0.42028985507246375, "avceazhbnipvhzxb": 0.42028985507246375, "avbebzhbncwurfxbydwtbzlbccwslzabavuhbvrbsdwurfanavceazhbnipvhzxbavceazrbncwvhzxaavbebzrbniwurfxbaxuebnhbncwvrzabaxuebzhbncwvrzabjvftbnrxnypvhzxaaxuebzhbycwvhba": 0.6528925619834711, "avbebzrbniwurfxb": 0.37681159420289856, "average_typicality": 0.4115942028985507, "avceazrbncwvhzxa": 0.391304347826087, "ydwtbzlbccwslzab": 0.463768115942029, "jvftbnrxnypvhzxa": 0.43478260869565216}