{"supportLeg": "RLeg", "angles": {"LShoulderRoll": 36.946927178020026, "LShoulderPitch": 4.720335860234286, "RShoulderRoll": -45.99482437795583, "LElbowYaw": 50.20870560900149, "LElbowRoll": -53.89142742581876, "RElbowRoll": 56.52019353469086, "RElbowYaw": 0, "RShoulderPitch": 39.1412677679562}}