{"supportLeg": "Legs", "angles": {"LShoulderRoll": 27.27461896817403, "LShoulderPitch": -1.5789202906939843, "RShoulderRoll": -30.743214786324266, "LElbowYaw": 68.60667676822429, "LElbowRoll": -43.3338143447437, "RElbowRoll": 40.105588230855744, "RElbowYaw": 57.275189741397, "RShoulderPitch": 6.304397623495035}}