{"supportLeg": "Legs", "angles": {"LShoulderRoll": 76, "LShoulderPitch": -118, "RShoulderRoll": -19.54457482793208, "LElbowYaw": 0, "LElbowRoll": -53.6037650254368, "RElbowRoll": 59.64416231679256, "RElbowYaw": 0, "RShoulderPitch": 110.7624093783501}}