{"supportLeg": "Legs", "angles": {"LShoulderRoll": 76, "LShoulderPitch": -118, "RShoulderRoll": -23.957218466077393, "LElbowYaw": 0, "LElbowRoll": -53.03187756516208, "RElbowRoll": 63.63601765525158, "RElbowYaw": -142.77480508890696, "RShoulderPitch": 114.73920007390358}}