{"supportLeg": "Legs", "angles": {"LShoulderRoll": 76, "LShoulderPitch": -118, "RShoulderRoll": -38.48146991673951, "LElbowYaw": 0, "LElbowRoll": -54.44684488312704, "RElbowRoll": 59.31774813346101, "RElbowYaw": 0, "RShoulderPitch": 118}}