{"supportLeg": "Legs", "angles": {"LShoulderRoll": 76, "LShoulderPitch": 23.21835227509703, "RShoulderRoll": -53.695249965175435, "LElbowYaw": 0, "LElbowRoll": -57.74733964039541, "RElbowRoll": 46.164050970869, "RElbowYaw": -182.27675978906532, "RShoulderPitch": 118}}