{"supportLeg": "Legs", "angles": {"LShoulderRoll": 76, "LShoulderPitch": 26.051982311196667, "RShoulderRoll": -59.90709654095002, "LElbowYaw": 0, "LElbowRoll": -72.00471688774648, "RElbowRoll": 39.77832048446436, "RElbowYaw": 0, "RShoulderPitch": 118}}