{"supportLeg": "Legs", "angles": {"LShoulderRoll": 42.42879424642376, "LShoulderPitch": 14.561236232225426, "RShoulderRoll": -34.48248451765338, "LElbowYaw": 37.042006946324115, "LElbowRoll": -59.72735023498343, "RElbowRoll": 60.30151892932443, "RElbowYaw": -37.26431389729554, "RShoulderPitch": 68.00727382832552}}