{"supportLeg": "Legs", "angles": {"LShoulderRoll": 44.407656010261526, "LShoulderPitch": 18.92329475698901, "RShoulderRoll": -41.35743750647353, "LElbowYaw": 33.885456786516734, "LElbowRoll": -57.3279449311224, "RElbowRoll": 74.97386813447815, "RElbowYaw": -86.05454800690674, "RShoulderPitch": 95.19256617074896}}