{"supportLeg": "Legs", "angles": {"LShoulderRoll": 49.93747892639085, "LShoulderPitch": 14.83162352705348, "RShoulderRoll": -41.09902372278967, "LElbowYaw": 37.25271855165065, "LElbowRoll": -65.44244413808282, "RElbowRoll": 69.5045096388451, "RElbowYaw": -106.95249788886233, "RShoulderPitch": 104.64265924959778}}