{"supportLeg": "Legs", "angles": {"LShoulderRoll": 76, "LShoulderPitch": -118, "RShoulderRoll": -24.411007935100514, "LElbowYaw": 171.16480935521457, "LElbowRoll": -46.011329975692774, "RElbowRoll": 61.02199129632659, "RElbowYaw": -125.27967716983306, "RShoulderPitch": 109.64834163026605}}