{"supportLeg": "Legs", "angles": {"LShoulderRoll": 76, "LShoulderPitch": -118, "RShoulderRoll": -19.476849784369833, "LElbowYaw": 169.38464659059565, "LElbowRoll": -46.28080654187454, "RElbowRoll": 62.057673950192466, "RElbowYaw": -127.2726435988188, "RShoulderPitch": 107.26993256371246}}