{"supportLeg": "Legs", "angles": {"LShoulderRoll": 76, "LShoulderPitch": -118, "RShoulderRoll": -17.99382447592383, "LElbowYaw": 168.72757024293998, "LElbowRoll": -45.61558929507933, "RElbowRoll": 59.30444496027471, "RElbowYaw": 90, "RShoulderPitch": 106.96423625380625}}