{"supportLeg": "Legs", "angles": {"LShoulderRoll": 76, "LShoulderPitch": -118, "RShoulderRoll": -17.428111397129186, "LElbowYaw": 168.95627646441122, "LElbowRoll": -41.617734407161095, "RElbowRoll": 61.628920136829535, "RElbowYaw": -132.93867856925502, "RShoulderPitch": 108.00352993918274}}