{"supportLeg": "Legs", "angles": {"LShoulderRoll": 76, "LShoulderPitch": -118, "RShoulderRoll": -18.31040009171086, "LElbowYaw": 166.29044310940878, "LElbowRoll": -44.83885560038442, "RElbowRoll": 55.77136284428535, "RElbowYaw": 0, "RShoulderPitch": 109.31773446890573}}