{"aztvhmnvbyuheqco": 0.5, "ogxqwzwvvyuheqfo": 0.5595238095238095, "oglhvgnvbyuheqco": 0.5119047619047619, "azxqwmnvbyihzacr": 0.5476190476190477, "aztxwmnvbyihzayrazxrwgnvbbilzlprazxqwmnvbyihzacrapxqwznvryiwzacrogxqwzwvvyuheqfoaztvhmnvbyuheqcooglhvgnvbyuheqcoaztqwznvbyihvayrazxvhmnvbyuhzacraztxwmnvbyuhvay": 0.6554621848739496, "apxqwznvryiwzacr": 0.5595238095238095, "azxvhmnvbyuhzacr": 0.5238095238095238, "azxrwgnvbbilzlpr": 0.5119047619047619, "average_typicality": 0.5261904761904762, "aztxwmnvbyihzayr": 0.4880952380952381, "aztxwmnvbyuhvay": 0.5238095238095238, "aztqwznvbyihvayr": 0.5357142857142857}