{"supportLeg": "Legs", "angles": {"LShoulderRoll": 30.254924937628466, "LShoulderPitch": 77.36154914259343, "RShoulderRoll": -20.59216943417095, "LElbowYaw": -90, "LElbowRoll": -28.26924489296016, "RElbowRoll": 24.65767606763694, "RElbowYaw": -34.79886866909945, "RShoulderPitch": 94.69364765978001}}