{"supportLeg": "Legs", "angles": {"LShoulderRoll": 34.17893254898464, "LShoulderPitch": 73.35875931885107, "RShoulderRoll": -15.939658829481111, "LElbowYaw": -90, "LElbowRoll": -23.319033990626707, "RElbowRoll": 26.55755625320859, "RElbowYaw": -28.361814629308412, "RShoulderPitch": 90.41129472347316}}