{"supportLeg": "Legs", "angles": {"LShoulderRoll": 20.914158723982343, "LShoulderPitch": 80.91988012369458, "RShoulderRoll": -19.505409031535862, "LElbowYaw": -90, "LElbowRoll": -23.415327055839185, "RElbowRoll": 30.094243164507645, "RElbowYaw": 90, "RShoulderPitch": 80.83020467443063}}