{"LShoulderRoll": 27.03677728502759, "LShoulderPitch": 99.75681978245963, "RShoulderRoll": -21.573663685871036, "LElbowYaw": -90, "LAnklePitch": -7.6341182560869925, "RHipRoll": 9.036590128946687, "RAnklePitch": -4.073859189282857, "LHipPitch": -0.10364042971464471, "LKneePitch": 7.730522677622361, "LHipRoll": -0.13791846274430758, "RHipPitch": -2.0920860540849446, "LElbowRoll": -22.933903355029344, "RKneePitch": 6.202025309099781, "RElbowRoll": 19.38384347466811, "RElbowYaw": 90, "RShoulderPitch": 86.01800617019349}