{"LShoulderRoll": 26.94599434609547, "LShoulderPitch": 99.7427320911353, "RShoulderRoll": -21.673627473952177, "LElbowYaw": -90, "LAnklePitch": -4.59252066107463, "RHipRoll": 10.168169271858174, "RAnklePitch": -4.074159871261301, "LHipPitch": -2.5664509806483693, "LKneePitch": 7.158767634791161, "LHipRoll": -0.14192203681499976, "RHipPitch": -1.6789875679852173, "LElbowRoll": -23.1363486762163, "RKneePitch": 5.753635414675415, "RElbowRoll": 19.388290959651812, "RElbowYaw": 90, "RShoulderPitch": 85.71682259566394}