{"LShoulderRoll": 26.340784197622757, "LShoulderPitch": 100.17342786872693, "RShoulderRoll": -21.794181950638816, "LElbowYaw": -90, "LAnklePitch": -3.2946692844623016, "RHipRoll": 8.502313126654643, "RAnklePitch": -3.2792095773055365, "LHipPitch": -4.297352825172112, "LKneePitch": 7.589546260549554, "LHipRoll": -0.14122459951230293, "RHipPitch": -1.1527477313984775, "LElbowRoll": -22.580545095184732, "RKneePitch": 4.8194271442320655, "RElbowRoll": 19.26438017632978, "RElbowYaw": 90, "RShoulderPitch": 85.25799161392514}