{"LShoulderRoll": 26.19464588266799, "LShoulderPitch": 100.29940396902172, "RShoulderRoll": -21.665998857858266, "LElbowYaw": -90, "LAnklePitch": -2.5904484816740165, "RHipRoll": 9.418725315908175, "RAnklePitch": -3.6403178502648927, "LHipPitch": -5.693062617017247, "LKneePitch": 8.277546090766975, "LHipRoll": -0.13318657941795778, "RHipPitch": -1.2042106517840097, "LElbowRoll": -22.216950464367784, "RKneePitch": 5.124279629060993, "RElbowRoll": 18.669075843588473, "RElbowYaw": 90, "RShoulderPitch": 84.66317317551182}