{"LShoulderRoll": 26.30788254966541, "LShoulderPitch": 100.20351289995288, "RShoulderRoll": -21.72581801220356, "LElbowYaw": -90, "LAnklePitch": -1.5722518829696952, "RHipRoll": 9.686391920657007, "RAnklePitch": -3.997812393701764, "LHipPitch": -6.352663287779961, "LKneePitch": 8.022744812743923, "LHipRoll": -0.12438033846646653, "RHipPitch": -1.312135417140297, "LElbowRoll": -22.156164842043523, "RKneePitch": 5.6048969593771005, "RElbowRoll": 19.012213998003375, "RElbowYaw": 90, "RShoulderPitch": 84.56878667091793}