{"LShoulderRoll": 26.330448421500034, "LShoulderPitch": 100.13240559845536, "RShoulderRoll": -21.596200165902033, "LElbowYaw": -90, "LAnklePitch": -2.631360904517777, "RHipRoll": 10.665149419006934, "RAnklePitch": -3.9436062234120186, "LHipPitch": -7.958185812285151, "LKneePitch": 5.776898524837492, "LHipRoll": -0.11538971091600854, "RHipPitch": -1.0923954181119626, "LElbowRoll": -22.595167227202268, "RKneePitch": 5.228901300727472, "RElbowRoll": 18.679169366820645, "RElbowYaw": 90, "RShoulderPitch": 84.18466727989639}