{"LShoulderRoll": 26.291320056117783, "LShoulderPitch": 100.03756749659755, "RShoulderRoll": -21.459231544867553, "LElbowYaw": -90, "LAnklePitch": -5.206930051001066, "RHipRoll": 11.064528297714457, "RAnklePitch": -3.736315532877555, "LHipPitch": -8.610800355726582, "LKneePitch": 4.161863925227095, "LHipRoll": -0.12761062252958202, "RHipPitch": -1.148158350855411, "LElbowRoll": -23.22018134145506, "RKneePitch": 4.983817223826918, "RElbowRoll": 18.25944019664061, "RElbowYaw": 90, "RShoulderPitch": 83.82101013554664}