{"LShoulderRoll": 26.700209742426257, "LShoulderPitch": 99.52662147067142, "RShoulderRoll": -21.063774507931655, "LElbowYaw": -90, "LAnklePitch": -6.425109765171413, "RHipRoll": 11.189772964091906, "RAnklePitch": -3.2771396017718786, "LHipPitch": -9.779209189679335, "LKneePitch": 3.8354285540199555, "LHipRoll": -0.1393144454846962, "RHipPitch": -1.299857152243419, "LElbowRoll": -23.304136705147783, "RKneePitch": 4.662132975676826, "RElbowRoll": 18.39075065575551, "RElbowYaw": -58.583353848947496, "RShoulderPitch": 83.47864263470997}