{"LShoulderRoll": 26.769834660028348, "LShoulderPitch": 99.17120951493285, "RShoulderRoll": -20.841472910046992, "LElbowYaw": -90, "LAnklePitch": -6.789236651179053, "RHipRoll": 11.207695589449601, "RAnklePitch": -2.8871110350434748, "LHipPitch": -11.16453912684672, "LKneePitch": 4.9762999173295555, "LHipRoll": -0.1208082364352134, "RHipPitch": -1.4817609223819517, "LElbowRoll": -22.937348543840756, "RKneePitch": 4.496526896706399, "RElbowRoll": 18.1029664538747, "RElbowYaw": -58.46738583417523, "RShoulderPitch": 83.2770940028371}