{"LShoulderRoll": 26.94647095587191, "LShoulderPitch": 98.99649410225133, "RShoulderRoll": -20.82648524022581, "LElbowYaw": -90, "LAnklePitch": -7.827379408872886, "RHipRoll": 11.49826831656326, "RAnklePitch": -2.105131589813041, "LHipPitch": -11.220503699436918, "LKneePitch": 4.163317944119001, "LHipRoll": -0.23016683923333314, "RHipPitch": -1.4013479277547987, "LElbowRoll": -23.50606714670377, "RKneePitch": 3.6467771755484364, "RElbowRoll": 18.124730098470707, "RElbowYaw": -58.36725125293242, "RShoulderPitch": 83.24844709019379}