{"supportLeg": "Legs", "angles": {"LShoulderRoll": 19.502693215296908, "LShoulderPitch": 80.30309774901588, "RShoulderRoll": -19.937415161235705, "LElbowYaw": -90, "LElbowRoll": -25.565729163719112, "RElbowRoll": 28.22525132858391, "RElbowYaw": 90, "RShoulderPitch": 83.29676301831213}}