{"LShoulderRoll": 26.625544173044407, "LShoulderPitch": 97.82061601207016, "RShoulderRoll": -20.941824477092602, "LElbowYaw": -90, "LAnklePitch": -9.085545663438083, "RHipRoll": 11.30211276402714, "RAnklePitch": -1.4261108158892455, "LHipPitch": -12.30164543605268, "LKneePitch": 3.9474455102548234, "LHipRoll": -0.19844628174495363, "RHipPitch": -1.6154321155904654, "LElbowRoll": -22.798693087052328, "RKneePitch": 3.3717343011218475, "RElbowRoll": 18.33920905282318, "RElbowYaw": -59.146868328257796, "RShoulderPitch": 83.76175270228545}