{"LShoulderRoll": 26.782412325076923, "LShoulderPitch": 97.46214437619577, "RShoulderRoll": -20.835008305975908, "LElbowYaw": -90, "LAnklePitch": -12.221901727218082, "RHipRoll": 10.972186341821036, "RAnklePitch": -1.5324587363285218, "LHipPitch": -12.391257681997232, "LKneePitch": 1.6170598320679233, "LHipRoll": -0.20202239648805978, "RHipPitch": -1.941920877753617, "LElbowRoll": -22.119818904216118, "RKneePitch": 3.998546481360222, "RElbowRoll": 18.19962511837815, "RElbowYaw": -59.16501460298339, "RShoulderPitch": 83.69228539714092}