{"LShoulderRoll": 26.69634003601663, "LShoulderPitch": 97.02586118519145, "RShoulderRoll": -20.74938278291766, "LElbowYaw": -90, "LAnklePitch": -13.559479579696216, "RHipRoll": 10.697979311221733, "RAnklePitch": -1.25464308490875, "LHipPitch": -12.967090715760321, "LKneePitch": 1.5477883230996383, "LHipRoll": -0.19713228978526884, "RHipPitch": -2.025057457618061, "LElbowRoll": -21.030352430281795, "RKneePitch": 3.9338729596561848, "RElbowRoll": 18.363579178713962, "RElbowYaw": -59.24900385528506, "RShoulderPitch": 83.8117903947426}