{"LShoulderRoll": 26.75045471906964, "LShoulderPitch": 96.82808909810315, "RShoulderRoll": -21.303535466325997, "LElbowYaw": -90, "LAnklePitch": -14.510164382566984, "RHipRoll": 10.317741660078521, "RAnklePitch": -1.5495216141113275, "LHipPitch": -13.391457323277535, "LKneePitch": 1.5697161482216018, "LHipRoll": -0.1899523063973226, "RHipPitch": -2.133980177784622, "LElbowRoll": -20.363349017377686, "RKneePitch": 4.61476012361851, "RElbowRoll": 19.04937512941538, "RElbowYaw": -59.71134915717618, "RShoulderPitch": 84.35844382181133}