{"LShoulderRoll": 26.8729070858751, "LShoulderPitch": 96.74044186083879, "RShoulderRoll": -21.16302353982882, "LElbowYaw": -90, "LAnklePitch": -15.567424731898825, "RHipRoll": 9.851116291784637, "RAnklePitch": -3.210403334449026, "LHipPitch": -13.631725596766117, "LKneePitch": 2.1992058399883945, "LHipRoll": -0.17919550647908447, "RHipPitch": -2.4821148904593144, "LElbowRoll": -19.573205774820934, "RKneePitch": 6.775962992589683, "RElbowRoll": 18.88151037841763, "RElbowYaw": -59.46666205846762, "RShoulderPitch": 84.17231863793938}