{"LShoulderRoll": 26.86657977330819, "LShoulderPitch": 96.8163562374188, "RShoulderRoll": -21.008905056778826, "LElbowYaw": -90, "LAnklePitch": -15.940433300015187, "RHipRoll": 9.858579312535245, "RAnklePitch": -2.4840558455398565, "LHipPitch": -13.205572447661083, "LKneePitch": 3.181512025019771, "LHipRoll": -0.15913571107786048, "RHipPitch": -2.556268603299486, "LElbowRoll": -19.446167006842757, "RKneePitch": 6.127941835167235, "RElbowRoll": 18.799238114595965, "RElbowYaw": -59.156045648266044, "RShoulderPitch": 83.97299363329893}