{"LShoulderRoll": 27.396806278535013, "LShoulderPitch": 96.49151868792616, "RShoulderRoll": -21.063744820582457, "LElbowYaw": -90, "LAnklePitch": -15.780554621830944, "RHipRoll": 9.612765381049632, "RAnklePitch": -2.1926497074685756, "LHipPitch": -12.368230704688543, "LKneePitch": 3.8121297365884175, "LHipRoll": -0.1614964330645586, "RHipPitch": -3.0024636252788497, "LElbowRoll": -21.030215896165174, "RKneePitch": 6.1771387841590695, "RElbowRoll": 19.36159971075341, "RElbowYaw": 90, "RShoulderPitch": 84.97115817213721}