{"LShoulderRoll": 27.15627970966383, "LShoulderPitch": 97.35289788647636, "RShoulderRoll": -21.636155556894657, "LElbowYaw": -90, "LAnklePitch": -14.862694045793688, "RHipRoll": 8.858976491128379, "RAnklePitch": -1.7909444321020231, "LHipPitch": -12.300136763660973, "LKneePitch": 2.7507055145740367, "LHipRoll": -0.16691453468196404, "RHipPitch": -3.587881635815137, "LElbowRoll": -23.209786801591292, "RKneePitch": 6.527879213347916, "RElbowRoll": 19.5550052205013, "RElbowYaw": 90, "RShoulderPitch": 85.79362287727832}