{"LShoulderRoll": 26.929364912256702, "LShoulderPitch": 97.0784779947298, "RShoulderRoll": -21.468166164621913, "LElbowYaw": -90, "LAnklePitch": -15.803836920685697, "RHipRoll": 7.388933851878077, "RAnklePitch": -1.4265011336964903, "LHipPitch": -11.661268787465033, "LKneePitch": 4.313573475699712, "LHipRoll": -0.12417775693679042, "RHipPitch": -4.361535352447746, "LElbowRoll": -23.05219405200046, "RKneePitch": 7.295334065662445, "RElbowRoll": 17.90467243424692, "RElbowYaw": 90, "RShoulderPitch": 85.78292371088084}