{"LShoulderRoll": 26.54950685558233, "LShoulderPitch": 97.71642272424899, "RShoulderRoll": -21.670844123406784, "LElbowYaw": -90, "LAnklePitch": -16.161604020944097, "RHipRoll": 5.790662106494371, "RAnklePitch": -1.4348253053100137, "LHipPitch": -11.075247563333548, "LKneePitch": 5.4786196598297465, "LHipRoll": -0.06042771451461256, "RHipPitch": -5.194088711715281, "LElbowRoll": -23.32172785362451, "RKneePitch": 8.209521280085795, "RElbowRoll": 18.22975488720556, "RElbowYaw": 90, "RShoulderPitch": 86.82158495351153}