{"supportLeg": "Legs", "angles": {"LShoulderRoll": 18.852659034914865, "LShoulderPitch": 79.42421603636087, "RShoulderRoll": -20.394979678195863, "LElbowYaw": -90, "LElbowRoll": -27.811697387486248, "RElbowRoll": 27.11449876271007, "RElbowYaw": 90, "RShoulderPitch": 84.58861277616396}}