{"LShoulderRoll": 27.147804432586355, "LShoulderPitch": 97.16993755221975, "RShoulderRoll": -22.269443616342315, "LElbowYaw": -90, "LAnklePitch": -15.337159680947494, "RHipRoll": 5.306364569326403, "RAnklePitch": -0.5776630699139673, "LHipPitch": -10.93160086936986, "LKneePitch": 4.509186583593703, "LHipRoll": -0.029070637013552815, "RHipPitch": -6.049020931147396, "LElbowRoll": -22.233759501944462, "RKneePitch": 7.873255474834735, "RElbowRoll": 18.03799060742523, "RElbowYaw": 90, "RShoulderPitch": 87.10410830177157}