{"LShoulderRoll": 26.892416965666392, "LShoulderPitch": 97.17086840460692, "RShoulderRoll": -22.705134004379342, "LElbowYaw": -90, "LAnklePitch": -13.936630120370197, "RHipRoll": 4.156114743898043, "RAnklePitch": -0.9376510980454782, "LHipPitch": -11.045050555869295, "LKneePitch": 2.899180183103965, "LHipRoll": -0.034105948652040835, "RHipPitch": -6.150798808519511, "LElbowRoll": -21.75799850625799, "RKneePitch": 6.662453052595225, "RElbowRoll": 18.851977451238184, "RElbowYaw": 90, "RShoulderPitch": 87.52931357117082}