{"LShoulderRoll": 26.678803731517547, "LShoulderPitch": 96.98827291859371, "RShoulderRoll": -22.014813221127007, "LElbowYaw": -90, "LAnklePitch": -12.372958730213313, "RHipRoll": 3.620492633420197, "RAnklePitch": -2.663531623094144, "LHipPitch": -10.877705566102591, "LKneePitch": 1.9564655309595196, "LHipRoll": -0.034340994139765275, "RHipPitch": -6.499996285489033, "LElbowRoll": -23.44090390262531, "RKneePitch": 5.199336116158065, "RElbowRoll": 18.452372231246414, "RElbowYaw": 90, "RShoulderPitch": 87.79368568075154}