{"LShoulderRoll": 26.206227036425478, "LShoulderPitch": 97.2994364163666, "RShoulderRoll": -22.147306217198466, "LElbowYaw": -90, "LAnklePitch": -10.017203638542512, "RHipRoll": 2.558483541754799, "RAnklePitch": -3.245068206107291, "LHipPitch": -11.728037077255024, "LKneePitch": 2.955873625598457, "LHipRoll": -0.07863114158847978, "RHipPitch": -7.2934396659375835, "LElbowRoll": -24.040261438973005, "RKneePitch": 5.435978159134407, "RElbowRoll": 18.141511600784156, "RElbowYaw": 90, "RShoulderPitch": 87.14353572193332}