{"LShoulderRoll": 25.450564139758345, "LShoulderPitch": 98.77439117567012, "RShoulderRoll": -23.208935878545287, "LElbowYaw": -90, "LAnklePitch": -8.65278869445224, "RHipRoll": 1.21687990929877, "RAnklePitch": -3.738097414382466, "LHipPitch": -11.540974573810516, "LKneePitch": 4.210479643006181, "LHipRoll": -0.06512345670944727, "RHipPitch": -7.731180749129081, "LElbowRoll": -25.243826029634903, "RKneePitch": 5.474509878235722, "RElbowRoll": 17.804716227457135, "RElbowYaw": 90, "RShoulderPitch": 87.1007153493134}