{"LShoulderRoll": 24.967972088158646, "LShoulderPitch": 98.88604225673669, "RShoulderRoll": -22.96018338418835, "LElbowYaw": -90, "LAnklePitch": -7.854950555272467, "RHipRoll": 1.1010446375091119, "RAnklePitch": -5.562588254189876, "LHipPitch": -10.85412563302529, "LKneePitch": 4.373104547363198, "LHipRoll": -0.010813528496343748, "RHipPitch": -7.969860040982539, "LElbowRoll": -23.969708141166024, "RKneePitch": 3.3941843543515517, "RElbowRoll": 17.257616392145138, "RElbowYaw": 90, "RShoulderPitch": 87.16547567480264}