{"LShoulderRoll": 25.19877028840874, "LShoulderPitch": 98.16148850835114, "RShoulderRoll": -23.138141432959063, "LElbowYaw": -90, "LAnklePitch": -7.252098951555311, "RHipRoll": 11.04626903435831, "RAnklePitch": -12.575434566152438, "LHipPitch": -10.509478861812042, "LKneePitch": 4.5485064661675665, "LHipRoll": 0.001511647348588393, "RHipPitch": -3.285365914136193, "LElbowRoll": -22.353854278755392, "RKneePitch": 12.10828623323735, "RElbowRoll": 17.038004389900863, "RElbowYaw": 90, "RShoulderPitch": 87.42941459701998}