{"LShoulderRoll": 25.31022106920686, "LShoulderPitch": 99.11975271959824, "RShoulderRoll": -23.552767490796192, "LElbowYaw": -90, "LAnklePitch": -6.078530446126521, "RHipRoll": 5.084154768076168, "RAnklePitch": -10.782075239799568, "LHipPitch": -10.556252481315084, "LKneePitch": 5.71224428467653, "LHipRoll": 0.003930179764279415, "RHipPitch": -6.048226404051135, "LElbowRoll": -24.27889457023906, "RKneePitch": 5.443426241563714, "RElbowRoll": 17.414820112031435, "RElbowYaw": 90, "RShoulderPitch": 88.93122689916598}