{"LShoulderRoll": 24.9559524249429, "LShoulderPitch": 99.49111474740445, "RShoulderRoll": -23.062538146425762, "LElbowYaw": -90, "LAnklePitch": -4.634288742202131, "RHipRoll": 1.1375464486838267, "RAnklePitch": -10.148044729281622, "LHipPitch": -10.661883883757028, "LKneePitch": 7.059830274878806, "LHipRoll": 0.010681012303843036, "RHipPitch": -8.175424905868326, "LElbowRoll": -25.6081834086678, "RKneePitch": 1.9911413189977907, "RElbowRoll": 16.14844646848013, "RElbowYaw": 90, "RShoulderPitch": 89.35635580616706}