{"LShoulderRoll": 24.977406006430712, "LShoulderPitch": 100.94949759810905, "RShoulderRoll": -22.600142635513226, "LElbowYaw": -90, "LAnklePitch": -3.5232384808411013, "RHipRoll": 7.837688921801166, "RAnklePitch": -15.740951717561387, "LHipPitch": -10.288374676625892, "LKneePitch": 7.5310657071001685, "LHipRoll": 0.029889940508440987, "RHipPitch": -4.766448058698344, "LElbowRoll": -26.700393867268616, "RKneePitch": 12.653028020987847, "RElbowRoll": 12.653527777162651, "RElbowYaw": 90, "RShoulderPitch": 88.31965387630358}