{"supportLeg": "Legs", "angles": {"LShoulderRoll": 18.102236908274204, "LShoulderPitch": 79.360802267566, "RShoulderRoll": -19.44665736716222, "LElbowYaw": -90, "LElbowRoll": -28.24822685499879, "RElbowRoll": 24.208183949848006, "RElbowYaw": 90, "RShoulderPitch": 88.11838332652785}}