{"LShoulderRoll": 25.015607830466237, "LShoulderPitch": 100.0491345390911, "RShoulderRoll": -22.230893522839743, "LElbowYaw": -90, "LAnklePitch": -2.8115340713719803, "RHipRoll": 4.844990625935252, "RAnklePitch": -15.52738275040646, "LHipPitch": -9.626967532755373, "LKneePitch": 7.474846032017609, "LHipRoll": 0.04774121443476922, "RHipPitch": -6.498214716859081, "LElbowRoll": -23.601124429663003, "RKneePitch": 9.813361437434821, "RElbowRoll": 12.981892917367503, "RElbowYaw": 90, "RShoulderPitch": 88.78818241539163}