{"LShoulderRoll": 24.527966924882012, "LShoulderPitch": 99.91013032567571, "RShoulderRoll": -22.019570882913197, "LElbowYaw": -90, "LAnklePitch": -2.5332158187353286, "RHipRoll": 9.317108386724836, "RAnklePitch": -17.538025496755793, "LHipPitch": -9.040700425592789, "LKneePitch": 7.147100030074597, "LHipRoll": 0.05443463208229997, "RHipPitch": -5.043202119629612, "LElbowRoll": -23.86005049937748, "RKneePitch": 14.844548976395146, "RElbowRoll": 13.279139053638062, "RElbowYaw": 90, "RShoulderPitch": 88.88745683762178}