{"LShoulderRoll": 24.929651232970446, "LShoulderPitch": 100.37940650660967, "RShoulderRoll": -21.750883477919597, "LElbowYaw": -90, "LAnklePitch": -1.685458489887779, "RHipRoll": 3.5392871888018527, "RAnklePitch": -15.844082896242455, "LHipPitch": -8.587395464985008, "LKneePitch": 7.470863347894408, "LHipRoll": 0.07310216302511412, "RHipPitch": -7.446579946239154, "LElbowRoll": -25.24038052076179, "RKneePitch": 9.056154045177095, "RElbowRoll": 14.417173078553589, "RElbowYaw": 90, "RShoulderPitch": 90.08307802291588}