{"LShoulderRoll": 25.417312416546732, "LShoulderPitch": 100.41847308808602, "RShoulderRoll": -21.66900705318032, "LElbowYaw": -90, "LAnklePitch": -1.6625660405255616, "RHipRoll": 0.6793585964687655, "RAnklePitch": -15.627240549290093, "LHipPitch": -7.832995603812435, "LKneePitch": 6.672601681198643, "LHipRoll": 0.09208021366030769, "RHipPitch": -8.505797181469958, "LElbowRoll": -26.936395869929243, "RKneePitch": 7.269541340370608, "RElbowRoll": 15.322480827579597, "RElbowYaw": 90, "RShoulderPitch": 90.63053640918623}