{"LShoulderRoll": 25.19680678133227, "LShoulderPitch": 101.35433253678379, "RShoulderRoll": -21.582048680140076, "LElbowYaw": -90, "LAnklePitch": -2.146496955805233, "RHipRoll": 7.106582797911529, "RAnklePitch": -18.716180605219876, "LHipPitch": -6.5007533135888735, "LKneePitch": 4.528381853445239, "LHipRoll": 0.1272584865543749, "RHipPitch": -6.268204461037868, "LElbowRoll": -27.278012400383545, "RKneePitch": 14.541862842725976, "RElbowRoll": 14.739364431064075, "RElbowYaw": 90, "RShoulderPitch": 90.91465186760061}