{"LShoulderRoll": 25.212972345988128, "LShoulderPitch": 101.7656955846971, "RShoulderRoll": -21.588847722832988, "LElbowYaw": -90, "LAnklePitch": -6.15020007840684, "RHipRoll": 6.385341130094625, "RAnklePitch": -18.65419753097882, "LHipPitch": -2.3409755097151645, "LKneePitch": 5.775507734408649, "LHipRoll": 0.24681751132288618, "RHipPitch": -6.814541401763734, "LElbowRoll": -27.127680352362574, "RKneePitch": 14.174580642576075, "RElbowRoll": 15.55311920746172, "RElbowYaw": 90, "RShoulderPitch": 90.93080903567252}