{"LShoulderRoll": 25.060201952293237, "LShoulderPitch": 101.42591284913728, "RShoulderRoll": -21.524759359922367, "LElbowYaw": -90, "LAnklePitch": -0.7899487248857469, "RHipRoll": 5.6117784175184156, "RAnklePitch": -18.963170933758363, "LHipPitch": -5.667631943337426, "LKneePitch": 5.247407636668271, "LHipRoll": 0.13934915484205515, "RHipPitch": -7.031010689960212, "LElbowRoll": -26.642582636974822, "RKneePitch": 14.147798088352886, "RElbowRoll": 13.691923920924125, "RElbowYaw": 90, "RShoulderPitch": 90.13208774329902}