{"LShoulderRoll": 24.94517478291299, "LShoulderPitch": 100.50810375665607, "RShoulderRoll": -21.943921405340305, "LElbowYaw": -90, "LAnklePitch": -0.7900161680032198, "RHipRoll": 5.330342475617837, "RAnklePitch": -19.705825842627675, "LHipPitch": -5.072550776758646, "LKneePitch": 4.551221956568668, "LHipRoll": 0.15151214447138253, "RHipPitch": -7.142097562496971, "LElbowRoll": -25.430852938702287, "RKneePitch": 14.84655286682883, "RElbowRoll": 13.415559563821688, "RElbowYaw": 90, "RShoulderPitch": 89.60077664902494}