{"LShoulderRoll": 24.298369769176603, "LShoulderPitch": 100.5950569689297, "RShoulderRoll": -22.43986658794663, "LElbowYaw": -90, "LAnklePitch": -2.078042886250131, "RHipRoll": 6.489781198628567, "RAnklePitch": -21.351763035260646, "LHipPitch": -3.3655540976219243, "LKneePitch": 2.1251712059947465, "LHipRoll": 0.223586903855117, "RHipPitch": -6.26303573562484, "LElbowRoll": -26.105998724413922, "RKneePitch": 17.85622448042085, "RElbowRoll": 13.592279419680608, "RElbowYaw": 90, "RShoulderPitch": 89.26691988693621}