{"LShoulderRoll": 24.023170832189326, "LShoulderPitch": 99.89389066667258, "RShoulderRoll": -22.040707749668233, "LElbowYaw": -90, "LAnklePitch": -0.3217342818753508, "RHipRoll": 4.927807407477413, "RAnklePitch": -20.594184150075307, "LHipPitch": -4.569830016196676, "LKneePitch": 4.918269851967665, "LHipRoll": 0.18937805666192964, "RHipPitch": -6.861323358143949, "LElbowRoll": -24.594514278091907, "RKneePitch": 16.11357892401324, "RElbowRoll": 13.155467817952939, "RElbowYaw": 90, "RShoulderPitch": 88.84357450957667}