{"supportLeg": "Legs", "angles": {"LShoulderRoll": 18.04590036737351, "LShoulderPitch": 80.00842288125052, "RShoulderRoll": -19.3799473446732, "LElbowYaw": -90, "LElbowRoll": -27.06664601753252, "RElbowRoll": 23.593524117551482, "RElbowYaw": 90, "RShoulderPitch": 89.83155742479977}}