{"LShoulderRoll": 24.01609673523381, "LShoulderPitch": 98.98228827733911, "RShoulderRoll": -22.529790551069564, "LElbowYaw": -90, "LAnklePitch": -0.1681118363280234, "RHipRoll": 2.9554619355179343, "RAnklePitch": -21.948971856615273, "LHipPitch": -3.8938915693014877, "LKneePitch": 4.055780133287186, "LHipRoll": 0.20485758662105677, "RHipPitch": -6.150811129288385, "LElbowRoll": -23.1417344677443, "RKneePitch": 17.4478883413378, "RElbowRoll": 13.892525010511974, "RElbowYaw": 90, "RShoulderPitch": 89.3349861466099}