{"LShoulderRoll": 23.701217062738763, "LShoulderPitch": 99.18101660278924, "RShoulderRoll": -22.59541484665642, "LElbowYaw": -90, "LAnklePitch": -0.3763694703792311, "RHipRoll": 0.8780801706799599, "RAnklePitch": -20.690668332411448, "LHipPitch": -3.698941441147184, "LKneePitch": 4.065909477886777, "LHipRoll": 0.20879199381124589, "RHipPitch": -6.470527210370861, "LElbowRoll": -24.067035447495357, "RKneePitch": 15.624225487598522, "RElbowRoll": 13.402448662409228, "RElbowYaw": 90, "RShoulderPitch": 89.10974589124082}