{"LShoulderRoll": 23.720543514977, "LShoulderPitch": 99.01253825081412, "RShoulderRoll": -21.74577444635493, "LElbowYaw": -90, "LAnklePitch": -0.7460946604359862, "RHipRoll": -1.6411699175552295, "RAnklePitch": -17.108131289599868, "LHipPitch": -3.55422163951188, "LKneePitch": 4.337710340712903, "LHipRoll": 0.20945358272623427, "RHipPitch": -6.315898051967608, "LElbowRoll": -23.926609679451275, "RKneePitch": 12.566440988255067, "RElbowRoll": 12.8898383926458, "RElbowYaw": 90, "RShoulderPitch": 89.06799621139847}