{"LShoulderRoll": 23.407948590603496, "LShoulderPitch": 98.86389640334225, "RShoulderRoll": -21.75480471953019, "LElbowYaw": -90, "LAnklePitch": -1.4867555380365047, "RHipRoll": -6.754060663152128, "RAnklePitch": -12.941391173315722, "LHipPitch": -3.7161703137409745, "LKneePitch": 5.558105405345913, "LHipRoll": 0.19196056856887897, "RHipPitch": -4.962673773376537, "LElbowRoll": -23.69202475214152, "RKneePitch": 8.281855691785353, "RElbowRoll": 12.878179235262849, "RElbowYaw": 90, "RShoulderPitch": 88.97978712215752}