{"LShoulderRoll": 23.290268967378093, "LShoulderPitch": 98.92087936560173, "RShoulderRoll": -21.28623799059897, "LElbowYaw": -90, "LAnklePitch": -2.2032641123503964, "RHipRoll": -8.114158087200131, "RAnklePitch": -9.747555037908498, "LHipPitch": -3.6986065140862223, "LKneePitch": 6.432778818795924, "LHipRoll": 0.18318916604331414, "RHipPitch": -4.022287023031765, "LElbowRoll": -23.7397837898626, "RKneePitch": 5.905535458451482, "RElbowRoll": 12.316899063808364, "RElbowYaw": 90, "RShoulderPitch": 88.5665635370528}