{"LShoulderRoll": 23.063112908699352, "LShoulderPitch": 99.12351449011156, "RShoulderRoll": -21.29860649966806, "LElbowYaw": -90, "LAnklePitch": -2.2375495671518024, "RHipRoll": -8.226059471888489, "RAnklePitch": -9.311153555600058, "LHipPitch": -3.4090557371535795, "LKneePitch": 6.133598600808341, "LHipRoll": 0.18542758799124992, "RHipPitch": -2.5797984725338097, "LElbowRoll": -24.226017744436348, "RKneePitch": 7.097316533380678, "RElbowRoll": 11.937940783694415, "RElbowYaw": 90, "RShoulderPitch": 88.51418997142197}