{"LShoulderRoll": 22.007175130758355, "LShoulderPitch": 98.90252407933724, "RShoulderRoll": -21.470293896076175, "LElbowYaw": -90, "LAnklePitch": -2.649239107561854, "RHipRoll": -7.155795898782228, "RAnklePitch": -6.429144289258957, "LHipPitch": -3.075889935469334, "LKneePitch": 6.174920772244377, "LHipRoll": 0.19257781274948804, "RHipPitch": -0.26187128491915246, "LElbowRoll": -23.08879090271114, "RKneePitch": 7.148913946073151, "RElbowRoll": 12.54738270994389, "RElbowYaw": 90, "RShoulderPitch": 88.53549080148544}