{"LShoulderRoll": 23.703781764469717, "LShoulderPitch": 98.20205460341543, "RShoulderRoll": -21.80827575998116, "LElbowYaw": -90, "LAnklePitch": -2.581143480690656, "RHipRoll": -6.65653281192517, "RAnklePitch": -6.293942047752637, "LHipPitch": -2.864940335134605, "LKneePitch": 5.912928426347207, "LHipRoll": 0.19420321020417156, "RHipPitch": -2.2184524837105073, "LElbowRoll": -23.89492234207026, "RKneePitch": 9.007056640104963, "RElbowRoll": 13.016990530366854, "RElbowYaw": 90, "RShoulderPitch": 88.33508566129335}