{"LShoulderRoll": 26.057684375117702, "LShoulderPitch": 96.92774457894737, "RShoulderRoll": -23.82367458942302, "LElbowYaw": -90, "LAnklePitch": -3.0196497276991465, "RHipRoll": -7.85324389184026, "RAnklePitch": -5.140920500302897, "LHipPitch": -2.6962589439559537, "LKneePitch": 6.475533487702677, "LHipRoll": 0.19027262071398773, "RHipPitch": -4.4305106187783565, "LElbowRoll": -29.77102452163581, "RKneePitch": 9.681643444921463, "RElbowRoll": 16.658242709327226, "RElbowYaw": 90, "RShoulderPitch": 87.1729642313115}