{"LShoulderRoll": 28.813520334862627, "LShoulderPitch": 92.7375451609447, "RShoulderRoll": -27.96145410157246, "LElbowYaw": -66.51007261185272, "LAnklePitch": -2.8220898434347816, "RHipRoll": -8.734063797980816, "RAnklePitch": -2.8987357484652136, "LHipPitch": -2.671935369859412, "LKneePitch": 6.597033177425573, "LHipRoll": 0.18731642528925752, "RHipPitch": -5.991055638579354, "LElbowRoll": -33.76918392693375, "RKneePitch": 9.077681764308807, "RElbowRoll": 24.13166818290614, "RElbowYaw": -54.71338276163533, "RShoulderPitch": 83.53814807911031}