{"supportLeg": "Legs", "angles": {"LShoulderRoll": 19.242957113229377, "LShoulderPitch": 78.67783878585858, "RShoulderRoll": -18.150169564071327, "LElbowYaw": -90, "LElbowRoll": -29.005769574215947, "RElbowRoll": 20.214055170224043, "RElbowYaw": 90, "RShoulderPitch": 92.4578646397232}}