{"LShoulderRoll": 30.18697141073263, "LShoulderPitch": 89.25056159813275, "RShoulderRoll": -30.21919777951785, "LElbowYaw": -59.596692026113274, "LAnklePitch": -2.7963303040918817, "RHipRoll": -9.787896661124847, "RAnklePitch": -0.6758916956453191, "LHipPitch": -2.7604882924267997, "LKneePitch": 6.922072663570447, "LHipRoll": 0.18574799869686937, "RHipPitch": -7.181923872801846, "LElbowRoll": -37.00283900715323, "RKneePitch": 7.889691402639812, "RElbowRoll": 24.929799788197442, "RElbowYaw": -50.65670867434908, "RShoulderPitch": 80.685645588311}