{"LShoulderRoll": 31.36307288628473, "LShoulderPitch": 84.01824059024356, "RShoulderRoll": -32.9856448797506, "LElbowYaw": -51.36502475837029, "LAnklePitch": -2.44192113786238, "RHipRoll": -10.54818660502871, "RAnklePitch": -1.624201597480024, "LHipPitch": -2.962038544996574, "LKneePitch": 7.081859514017339, "LHipRoll": 0.18542991800364997, "RHipPitch": -8.526188683452602, "LElbowRoll": -39.3985270739137, "RKneePitch": 6.935398361989428, "RElbowRoll": 27.139124882166612, "RElbowYaw": -43.84604486296637, "RShoulderPitch": 76.42633866785424}