{"LShoulderRoll": 31.592673263236602, "LShoulderPitch": 80.91562501275732, "RShoulderRoll": -33.95405772709869, "LElbowYaw": -45.17718086035633, "LAnklePitch": -2.3034997570003526, "RHipRoll": -10.812047164878061, "RAnklePitch": -3.97864290260587, "LHipPitch": -3.2708603684938993, "LKneePitch": 7.319187695520782, "LHipRoll": 0.18863816029972286, "RHipPitch": -10.226760258365857, "LElbowRoll": -40.05910542529995, "RKneePitch": 6.246802562650913, "RElbowRoll": 29.37408017071138, "RElbowYaw": -38.551215486668184, "RShoulderPitch": 73.36789206651744}