{"LShoulderRoll": 31.553466642720306, "LShoulderPitch": 77.67919461895829, "RShoulderRoll": -34.23525197342741, "LElbowYaw": -39.829986489256484, "LAnklePitch": -2.085546465186468, "RHipRoll": -19.949559539698708, "RAnklePitch": -5.948986239229399, "LHipPitch": -3.5415463346496523, "LKneePitch": 7.3139093182447255, "LHipRoll": 0.19333259918651513, "RHipPitch": -11.649387363251847, "LElbowRoll": -40.564257510568126, "RKneePitch": 5.794158375329317, "RElbowRoll": 29.444367872658944, "RElbowYaw": -35.68650228474911, "RShoulderPitch": 71.48091702374029}