{"LShoulderRoll": 31.327413490979158, "LShoulderPitch": 76.1998738548977, "RShoulderRoll": -34.29997206756537, "LElbowYaw": -36.150388386175365, "LAnklePitch": -2.020422605265537, "RHipRoll": -17.007990578654628, "RAnklePitch": -9.051547211866293, "LHipPitch": -3.694676833686273, "LKneePitch": 7.337665353534817, "LHipRoll": 0.19513261306380814, "RHipPitch": -12.72406315106852, "LElbowRoll": -42.39508186613142, "RKneePitch": 4.284104441944777, "RElbowRoll": 29.78092210657502, "RElbowYaw": -34.09286884404308, "RShoulderPitch": 70.80121736220744}