{"LShoulderRoll": 30.990096474267315, "LShoulderPitch": 75.13115032732189, "RShoulderRoll": -34.10471259314728, "LElbowYaw": -33.70035873879781, "LAnklePitch": -1.9221187357149887, "RHipRoll": -15.205948628165988, "RAnklePitch": -11.53778297592983, "LHipPitch": -3.659890633290601, "LKneePitch": 7.409740710771871, "LHipRoll": 0.19533912259569253, "RHipPitch": -13.772665724632176, "LElbowRoll": -43.69332998480877, "RKneePitch": 3.12795118529732, "RElbowRoll": 29.22047520863927, "RElbowYaw": -33.82777291513415, "RShoulderPitch": 70.59166818998658}