{"LShoulderRoll": 30.869226417895497, "LShoulderPitch": 74.96394176686324, "RShoulderRoll": -33.718891821859295, "LElbowYaw": 0, "LAnklePitch": -1.914582448368236, "RHipRoll": -14.070358237642566, "RAnklePitch": -12.534970596834228, "LHipPitch": -3.6895546139764974, "LKneePitch": 7.482993445155358, "LHipRoll": 0.1965569564380796, "RHipPitch": -14.087745557123512, "LElbowRoll": -43.72853756737359, "RKneePitch": 3.4061526572258742, "RElbowRoll": 29.074028472685427, "RElbowYaw": -34.034228396449, "RShoulderPitch": 70.85903097299237}