{"LShoulderRoll": 30.740464650822826, "LShoulderPitch": 74.98248056136298, "RShoulderRoll": -33.21494752098042, "LElbowYaw": 0, "LAnklePitch": -1.8686277451268154, "RHipRoll": -12.702309154955216, "RAnklePitch": -13.173166305467944, "LHipPitch": -3.653812188966157, "LKneePitch": 7.453538925868514, "LHipRoll": 0.19653363410181737, "RHipPitch": -14.44810700516409, "LElbowRoll": -44.19269489959228, "RKneePitch": 3.899804924076591, "RElbowRoll": 28.600008222700694, "RElbowYaw": -35.24039166598601, "RShoulderPitch": 71.49403718823221}