{"LShoulderRoll": 30.511267446657826, "LShoulderPitch": 75.07463408296762, "RShoulderRoll": -32.81808943072508, "LElbowYaw": 0, "LAnklePitch": -1.9340009380741492, "RHipRoll": -12.016749610353784, "RAnklePitch": -13.271812472331305, "LHipPitch": -3.6334392737681895, "LKneePitch": 7.512699258672541, "LHipRoll": 0.19518212008962904, "RHipPitch": -14.608028464235616, "LElbowRoll": -44.42606970249449, "RKneePitch": 3.979882266341775, "RElbowRoll": 28.131651211355035, "RElbowYaw": -36.60193952925, "RShoulderPitch": 72.2353742175028}