{"LShoulderRoll": 30.45714793444209, "LShoulderPitch": 75.3956971814078, "RShoulderRoll": -32.57674737986133, "LElbowYaw": 0, "LAnklePitch": -1.9329018346920321, "RHipRoll": -11.966955741142192, "RAnklePitch": -13.261959455956259, "LHipPitch": -3.601315275260859, "LKneePitch": 7.432588382557896, "LHipRoll": 0.1952125981659428, "RHipPitch": -14.699138840896055, "LElbowRoll": -44.7906861717546, "RKneePitch": 3.952747671406513, "RElbowRoll": 27.7244628143294, "RElbowYaw": -37.747670420400425, "RShoulderPitch": 72.85947162769136}