{"supportLeg": "Legs", "angles": {"LShoulderRoll": 20.444140200217674, "LShoulderPitch": 77.52043616315781, "RShoulderRoll": -17.661763975225107, "LElbowYaw": -90, "LElbowRoll": -28.520367951317667, "RElbowRoll": 17.972060515715356, "RElbowYaw": 90, "RShoulderPitch": 94.10078979715674}}