{"LShoulderRoll": 30.0350548091213, "LShoulderPitch": 75.79235539660037, "RShoulderRoll": -32.41831643710094, "LElbowYaw": 0, "LAnklePitch": -2.182102197483985, "RHipRoll": -11.241050579894987, "RAnklePitch": -13.038348285831631, "LHipPitch": -3.5483159884831394, "LKneePitch": 7.5939852092899685, "LHipRoll": 0.19600584333897617, "RHipPitch": -14.689220238776969, "LElbowRoll": -44.14275803697154, "RKneePitch": 4.350968895011164, "RElbowRoll": 26.71069438318972, "RElbowYaw": -39.32735719236969, "RShoulderPitch": 73.5577395552263}