{"LShoulderRoll": 29.76096429492594, "LShoulderPitch": 75.9405820726944, "RShoulderRoll": -32.4444094323553, "LElbowYaw": -35.93177629967083, "LAnklePitch": -2.4659526394743665, "RHipRoll": -11.37302457635916, "RAnklePitch": -13.053532214720235, "LHipPitch": -3.5272753271699884, "LKneePitch": 7.97560699895638, "LHipRoll": 0.19484501113238972, "RHipPitch": -14.698800074920698, "LElbowRoll": -43.6286612308794, "RKneePitch": 4.199560401941824, "RElbowRoll": 26.719580547587555, "RElbowYaw": -39.456894791043084, "RShoulderPitch": 73.7296874231839}