{"LShoulderRoll": 28.979066713639273, "LShoulderPitch": 76.34929999617985, "RShoulderRoll": -32.30216371150253, "LElbowYaw": -36.67285541722802, "LAnklePitch": -2.7852007351539214, "RHipRoll": -10.78823061726016, "RAnklePitch": -12.696851223283986, "LHipPitch": -3.406838183450958, "LKneePitch": 8.075587097686935, "LHipRoll": 0.19647770847515258, "RHipPitch": -14.989317628841548, "LElbowRoll": -42.51506723380939, "RKneePitch": 4.4024995604719095, "RElbowRoll": 26.157579687270243, "RElbowYaw": -39.4238568553296, "RShoulderPitch": 73.82647476644694}