{"LShoulderRoll": 28.456911067948905, "LShoulderPitch": 76.86716215060356, "RShoulderRoll": -32.14338723296829, "LElbowYaw": -37.31918946557559, "LAnklePitch": -3.3124431733884165, "RHipRoll": -9.322993610988693, "RAnklePitch": -12.783956294620381, "LHipPitch": -3.2406921062367786, "LKneePitch": 8.379577373933301, "LHipRoll": 0.19465206941464705, "RHipPitch": -15.003992949971135, "LElbowRoll": -41.98517833145854, "RKneePitch": 4.9629803506160215, "RElbowRoll": 26.033216062135523, "RElbowYaw": -39.634531580753716, "RShoulderPitch": 74.19297613735908}