{"LShoulderRoll": 27.61844541755474, "LShoulderPitch": 77.68685911108216, "RShoulderRoll": -32.34112636908251, "LElbowYaw": -38.3753755508488, "LAnklePitch": -4.116694800772919, "RHipRoll": -10.21245736880761, "RAnklePitch": -12.541792835259642, "LHipPitch": -2.9518225123770634, "LKneePitch": 8.741761460903604, "LHipRoll": 0.19753328490142136, "RHipPitch": -14.850292440052925, "LElbowRoll": -40.000208854484384, "RKneePitch": 4.503263036838632, "RElbowRoll": 26.35077237360997, "RElbowYaw": -38.8004305196462, "RShoulderPitch": 73.96504829129532}