{"LShoulderRoll": 26.29671906465768, "LShoulderPitch": 79.6402920934702, "RShoulderRoll": -31.53106574466457, "LElbowYaw": -40.19613882750986, "LAnklePitch": -4.75407078471369, "RHipRoll": -10.461323137103367, "RAnklePitch": -12.614144540177975, "LHipPitch": -2.475713946054043, "LKneePitch": 8.861584011436378, "LHipRoll": 0.20123793202948725, "RHipPitch": -14.405588294011679, "LElbowRoll": -39.85598803958939, "RKneePitch": 4.223920144212826, "RElbowRoll": 25.60583133441125, "RElbowYaw": -38.83801320218999, "RShoulderPitch": 73.95611982993705}