{"LShoulderRoll": 25.281612798592107, "LShoulderPitch": 80.97881992752443, "RShoulderRoll": -30.855913041587094, "LElbowYaw": -42.2954357843703, "LAnklePitch": -5.209433170665136, "RHipRoll": -9.90083541015822, "RAnklePitch": -12.554455772696699, "LHipPitch": -2.242539304763909, "LKneePitch": 8.98393471621219, "LHipRoll": 0.20294122017241745, "RHipPitch": -13.9194548009838, "LElbowRoll": -38.94444080270998, "RKneePitch": 4.43574369815633, "RElbowRoll": 25.134812279365377, "RElbowYaw": -39.595590547077535, "RShoulderPitch": 74.4261292265612}