{"LShoulderRoll": 25.26127832115768, "LShoulderPitch": 82.1969270928637, "RShoulderRoll": -29.86357574685364, "LElbowYaw": -44.821543222682834, "LAnklePitch": -5.7237704407275345, "RHipRoll": -9.012464174288734, "RAnklePitch": -12.5314880129162, "LHipPitch": -1.738646831872984, "LKneePitch": 8.936223544796434, "LHipRoll": 0.200619020152409, "RHipPitch": -13.473352061368871, "LElbowRoll": -37.95149975419673, "RKneePitch": 4.497121644349306, "RElbowRoll": 24.3195663609894, "RElbowYaw": -39.65739269834535, "RShoulderPitch": 74.29387359741432}