{"LShoulderRoll": 25.117428281226513, "LShoulderPitch": 83.21800226110045, "RShoulderRoll": -29.16195413478011, "LElbowYaw": -47.80726827634285, "LAnklePitch": -5.978033726065306, "RHipRoll": -8.204958625665578, "RAnklePitch": -12.568311829531268, "LHipPitch": -1.3660346783056667, "LKneePitch": 8.764923969282307, "LHipRoll": 0.19771059143153527, "RHipPitch": -13.266599353231399, "LElbowRoll": -35.99350717113748, "RKneePitch": 4.70116541377692, "RElbowRoll": 22.128928313004053, "RElbowYaw": -41.344921669387794, "RShoulderPitch": 74.04931086614675}