{"LShoulderRoll": 24.00692997899019, "LShoulderPitch": 84.35205677946783, "RShoulderRoll": -28.803412951858785, "LElbowYaw": -50.604246469040966, "LAnklePitch": -6.035542942836017, "RHipRoll": -7.959200781500198, "RAnklePitch": -12.70332601679813, "LHipPitch": -1.2904251072917248, "LKneePitch": 8.65036633641904, "LHipRoll": 0.20231183913719578, "RHipPitch": -13.14758624869009, "LElbowRoll": -34.227193702525824, "RKneePitch": 4.8386282379798615, "RElbowRoll": 21.352463161876045, "RElbowYaw": -43.75415330645142, "RShoulderPitch": 74.36097901891827}