{"supportLeg": "Legs", "angles": {"LShoulderRoll": 21.49677540025886, "LShoulderPitch": 77.45005701407632, "RShoulderRoll": -16.040781130783586, "LElbowYaw": -90, "LElbowRoll": -27.194046314812823, "RElbowRoll": 19.23830327549328, "RElbowYaw": 90, "RShoulderPitch": 93.88298071722102}}