{"LShoulderRoll": 23.260339218849957, "LShoulderPitch": 85.52076664414975, "RShoulderRoll": -28.214903418364166, "LElbowYaw": -53.2155888572283, "LAnklePitch": -5.959904242442505, "RHipRoll": -8.080297004424224, "RAnklePitch": -12.684196096367856, "LHipPitch": -1.2673256263103099, "LKneePitch": 8.640206233771636, "LHipRoll": 0.19883682645474995, "RHipPitch": -13.175211160497142, "LElbowRoll": -33.07503339411326, "RKneePitch": 4.813570578525486, "RElbowRoll": 21.065844752589953, "RElbowYaw": -45.536585389204994, "RShoulderPitch": 75.14400259596765}