{"LShoulderRoll": 22.80042906621447, "LShoulderPitch": 86.36500658246695, "RShoulderRoll": -27.638965951486696, "LElbowYaw": -55.3373270550328, "LAnklePitch": -6.017259154231681, "RHipRoll": -8.50292401794404, "RAnklePitch": -12.614835873101285, "LHipPitch": -1.3735845877694715, "LKneePitch": 8.924051945240194, "LHipRoll": 0.1954995260962577, "RHipPitch": -13.397503543922824, "LElbowRoll": -31.974942456368808, "RKneePitch": 4.662502318231077, "RElbowRoll": 21.39287529564382, "RElbowYaw": -46.90677711871679, "RShoulderPitch": 75.96730439018494}