{"LShoulderRoll": 22.231556539540108, "LShoulderPitch": 87.17523663740248, "RShoulderRoll": -27.346432637979035, "LElbowYaw": -56.47679753672847, "LAnklePitch": -5.9756327505845235, "RHipRoll": -8.35449644386176, "RAnklePitch": -12.606405400804306, "LHipPitch": -1.5264889858020751, "LKneePitch": 9.024732626090952, "LHipRoll": 0.19740134974702228, "RHipPitch": -13.637049119944038, "LElbowRoll": -32.00835409432074, "RKneePitch": 4.817854842690906, "RElbowRoll": 21.49990349464366, "RElbowYaw": -47.79516187742067, "RShoulderPitch": 76.0532244818298}