{"LShoulderRoll": 21.55430688824085, "LShoulderPitch": 87.27304916102123, "RShoulderRoll": -26.88843535260762, "LElbowYaw": -56.374077130161496, "LAnklePitch": -5.954336110801279, "RHipRoll": -9.03962633685387, "RAnklePitch": -12.605270149183141, "LHipPitch": -1.8850976577870568, "LKneePitch": 9.25408794164511, "LHipRoll": 0.20456153694464124, "RHipPitch": -14.12373622727263, "LElbowRoll": -31.84115425318788, "RKneePitch": 4.7629032395940385, "RElbowRoll": 21.258576720347605, "RElbowYaw": -47.23230242150508, "RShoulderPitch": 75.8482688046459}