{"LShoulderRoll": 21.19858594631122, "LShoulderPitch": 87.24990653121537, "RShoulderRoll": -26.563659789474343, "LElbowYaw": -56.60973504521627, "LAnklePitch": -5.835328261182482, "RHipRoll": -9.274477829750033, "RAnklePitch": -12.75087654289841, "LHipPitch": -2.2079615830739527, "LKneePitch": 9.420289682897618, "LHipRoll": 0.20960650978351492, "RHipPitch": -14.47258991800264, "LElbowRoll": -31.54696427450841, "RKneePitch": 4.76267758849653, "RElbowRoll": 22.229027781308986, "RElbowYaw": -46.44644009011654, "RShoulderPitch": 75.855625714462}