{"LShoulderRoll": 21.70283107956622, "LShoulderPitch": 87.65158392479194, "RShoulderRoll": -26.739925094754877, "LElbowYaw": -57.55289737180894, "LAnklePitch": -5.641809181558884, "RHipRoll": -10.040225202005514, "RAnklePitch": -12.82995874598285, "LHipPitch": -2.4195053158845212, "LKneePitch": 9.421641807945377, "LHipRoll": 0.21644646485154093, "RHipPitch": -15.049492193746516, "LElbowRoll": -31.800883643737194, "RKneePitch": 4.765619470341676, "RElbowRoll": 22.625265031102913, "RElbowYaw": -45.8392757444997, "RShoulderPitch": 75.70299433810243}