{"LShoulderRoll": 22.10979579449221, "LShoulderPitch": 87.8023291846092, "RShoulderRoll": -26.932125709264408, "LElbowYaw": -57.71038661922492, "LAnklePitch": -5.36874300199689, "RHipRoll": -10.668566530036795, "RAnklePitch": -12.94526110672436, "LHipPitch": -2.723195705834698, "LKneePitch": 9.412380390603147, "LHipRoll": 0.22512560149125418, "RHipPitch": -15.8535004395018, "LElbowRoll": -32.21746479251311, "RKneePitch": 4.912785137954302, "RElbowRoll": 23.083864557849722, "RElbowYaw": -45.301390182748605, "RShoulderPitch": 75.6294387567512}