{"LShoulderRoll": 21.9045566020494, "LShoulderPitch": 87.66851259752526, "RShoulderRoll": -27.266899916157573, "LElbowYaw": -57.480565781696264, "LAnklePitch": -5.202489975373354, "RHipRoll": -10.048331197040152, "RAnklePitch": -11.832771727997411, "LHipPitch": -2.9662752620331503, "LKneePitch": 9.435404766910324, "LHipRoll": 0.2275716939463434, "RHipPitch": -17.73876660668742, "LElbowRoll": -32.27491510577133, "RKneePitch": 6.930341718376951, "RElbowRoll": 23.640668408313587, "RElbowYaw": -44.52420053262902, "RShoulderPitch": 75.45306369267279}