{"LShoulderRoll": 21.964492174497494, "LShoulderPitch": 87.52129526207727, "RShoulderRoll": -28.211644946464663, "LElbowYaw": -57.194103291133416, "LAnklePitch": -4.596419113216399, "RHipRoll": -9.540336115134451, "RAnklePitch": -10.751660889692133, "LHipPitch": -3.075340743494678, "LKneePitch": 8.940143617300379, "LHipRoll": 0.22502156406942075, "RHipPitch": -20.746533307052545, "LElbowRoll": -32.45026588963077, "RKneePitch": 10.573238661735047, "RElbowRoll": 25.599293058522022, "RElbowYaw": -43.51103487173919, "RShoulderPitch": 75.74435966152082}