{"LShoulderRoll": 22.032262326771768, "LShoulderPitch": 87.25499229277901, "RShoulderRoll": -30.015822963563096, "LElbowYaw": -56.34455009509914, "LAnklePitch": -4.103184614945192, "RHipRoll": -9.546201522104269, "RAnklePitch": -8.270243142226278, "LHipPitch": -3.2176265625935088, "LKneePitch": 8.909355880981877, "LHipRoll": 0.21228865959243085, "RHipPitch": -26.785499223608426, "LElbowRoll": -33.19828360620534, "RKneePitch": 18.47175127742264, "RElbowRoll": 30.134682353644166, "RElbowYaw": -41.16229336675658, "RShoulderPitch": 76.47944735370733}