{"supportLeg": "Legs", "angles": {"LShoulderRoll": 23.208133427543892, "LShoulderPitch": 78.59413896969195, "RShoulderRoll": -14.144914168579716, "LElbowYaw": -90, "LElbowRoll": -23.860767256633665, "RElbowRoll": 18.324978071047695, "RElbowYaw": 90, "RShoulderPitch": 93.13221953656775}}