{"LShoulderRoll": 22.90175403424018, "LShoulderPitch": 87.26030485496801, "RShoulderRoll": -31.155665163608226, "LElbowYaw": -55.54058580914834, "LAnklePitch": -4.0366012440659205, "RHipRoll": -9.763405075065396, "RAnklePitch": -6.80677905170586, "LHipPitch": -3.584726340078589, "LKneePitch": 9.274823413339135, "LHipRoll": 0.20513923155256822, "RHipPitch": -33.40486409506692, "LElbowRoll": -34.86705421356777, "RKneePitch": 26.567042663528838, "RElbowRoll": 36.025232333817144, "RElbowYaw": -36.989462059994246, "RShoulderPitch": 77.32652378202235}