{"LShoulderRoll": 23.24613428695269, "LShoulderPitch": 87.20245472363024, "RShoulderRoll": -32.96299215025834, "LElbowYaw": -55.033773670038336, "LAnklePitch": -3.883605090369926, "RHipRoll": -9.557188419824081, "RAnklePitch": -6.314161367397659, "LHipPitch": -3.919669539284186, "LKneePitch": 9.511424440563246, "LHipRoll": 0.19909230867601543, "RHipPitch": -38.07970396338554, "LElbowRoll": -35.85254904469974, "RKneePitch": 31.843085691075345, "RElbowRoll": 41.74114911602891, "RElbowYaw": -31.5406698296972, "RShoulderPitch": 76.9358609825869}