{"LShoulderRoll": 23.436583879992536, "LShoulderPitch": 87.11958576210347, "RShoulderRoll": -34.72489682121349, "LElbowYaw": -55.09341764171366, "LAnklePitch": -3.8500229464625733, "RHipRoll": -9.559274519336267, "RAnklePitch": -5.963278047695624, "LHipPitch": -4.141773207192202, "LKneePitch": 9.685344673831224, "LHipRoll": 0.196876501210013, "RHipPitch": -41.700476680399355, "LElbowRoll": -35.954534176603204, "RKneePitch": 36.13645932892558, "RElbowRoll": 50.63258681696928, "RElbowYaw": -25.16152669373554, "RShoulderPitch": 79.27510377895997}