{"LShoulderRoll": 23.398979935640877, "LShoulderPitch": 86.82308648526234, "RShoulderRoll": -41.22595522950686, "LElbowYaw": -55.07278236900279, "LAnklePitch": -3.3695814254975147, "RHipRoll": -9.150320104658036, "RAnklePitch": -5.04274821217183, "LHipPitch": -4.098680978011245, "LKneePitch": 8.972523755743651, "LHipRoll": 0.2049836118077451, "RHipPitch": -46.31135808286454, "LElbowRoll": -35.813405921404126, "RKneePitch": 41.99168842037935, "RElbowRoll": 66.31350930933539, "RElbowYaw": 0, "RShoulderPitch": 78.01970846068257}