{"LShoulderRoll": 23.27522938228902, "LShoulderPitch": 86.48763983379773, "RShoulderRoll": -44.0688067811734, "LElbowYaw": -54.90005318330298, "LAnklePitch": -3.4146943730802803, "RHipRoll": -9.496545265434518, "RAnklePitch": -2.3597926223805104, "LHipPitch": -4.0625975624473085, "LKneePitch": 8.734874005502803, "LHipRoll": 0.20776442347448706, "RHipPitch": -50.77581914385716, "LElbowRoll": -35.328259604222694, "RKneePitch": 49.41914015913463, "RElbowRoll": 81.52112707553981, "RElbowYaw": -10.779602647706398, "RShoulderPitch": 77.77426095391067}