{"LShoulderRoll": 23.29753844895139, "LShoulderPitch": 86.55111884349571, "RShoulderRoll": -44.936205999260714, "LElbowYaw": -55.002546589229745, "LAnklePitch": -3.270345702208843, "RHipRoll": -9.266076365740165, "RAnklePitch": -2.584724383234331, "LHipPitch": -3.9236151214803385, "LKneePitch": 8.17291345198538, "LHipRoll": 0.20904426326168415, "RHipPitch": -54.078013633558946, "LElbowRoll": -35.307210925851706, "RKneePitch": 58.03152753284567, "RElbowRoll": 96.22863270182738, "RElbowYaw": 90, "RShoulderPitch": 83.49675382569085}