{"LShoulderRoll": 23.299710028022766, "LShoulderPitch": 86.59021751639084, "RShoulderRoll": -60.14975193180691, "LElbowYaw": -55.219190077428834, "LAnklePitch": -2.837518161872552, "RHipRoll": -9.405690279200176, "RAnklePitch": -9.801178218062773, "LHipPitch": -3.700590593830853, "LKneePitch": 7.340427252026359, "LHipRoll": 0.21033342445716025, "RHipPitch": -62.37542945465231, "LElbowRoll": -34.82293902852027, "RKneePitch": 73.69588832034886, "RElbowRoll": 87.52981088616936, "RElbowYaw": -120.2598495700733, "RShoulderPitch": 48.68000509645092}