{"LShoulderRoll": 23.269087021946174, "LShoulderPitch": 86.61759143984403, "RShoulderRoll": -60.33269730622551, "LElbowYaw": -55.45535758472897, "LAnklePitch": -2.531967001722691, "RHipRoll": -9.361471630204313, "RAnklePitch": -11.49192067165501, "LHipPitch": -3.5982244897170688, "LKneePitch": 6.7975385009426645, "LHipRoll": 0.21889336545405355, "RHipPitch": -63.833059655578, "LElbowRoll": -34.60547434900934, "RKneePitch": 76.903555635589, "RElbowRoll": 95.16109017259858, "RElbowYaw": 0, "RShoulderPitch": 47.27550637893279}