{"LShoulderRoll": 23.300134620719877, "LShoulderPitch": 86.49994021070509, "RShoulderRoll": -54.0783823709701, "LElbowYaw": -55.86675337358355, "LAnklePitch": -2.159155571858534, "RHipRoll": -10.36993524451489, "RAnklePitch": -12.455985136988403, "LHipPitch": -3.6723945812703676, "LKneePitch": 6.259163244082771, "LHipRoll": 0.22625716552942274, "RHipPitch": -66.09474011410364, "LElbowRoll": -34.136901913642646, "RKneePitch": 80.5916871482644, "RElbowRoll": 95.22500597667506, "RElbowYaw": 0, "RShoulderPitch": 28.972863616198353}