{"LShoulderRoll": 22.80964062458923, "LShoulderPitch": 86.64615635468779, "RShoulderRoll": -49.002037417398704, "LElbowYaw": -55.92678879081569, "LAnklePitch": -1.8477476768815535, "RHipRoll": -11.069374872173142, "RAnklePitch": -12.840251956152912, "LHipPitch": -3.7112989998309303, "LKneePitch": 5.906410390709141, "LHipRoll": 0.2431307554612436, "RHipPitch": -67.83089938452294, "LElbowRoll": -34.0605962934379, "RKneePitch": 82.99278030412026, "RElbowRoll": 95.75873826911862, "RElbowYaw": 0, "RShoulderPitch": 18.665412749502778}