{"supportLeg": "Legs", "angles": {"LShoulderRoll": 23.875115410981106, "LShoulderPitch": 78.20504687332877, "RShoulderRoll": -13.481441832414204, "LElbowYaw": -90, "LElbowRoll": -23.86315950749818, "RElbowRoll": 18.16969379418964, "RElbowYaw": 90, "RShoulderPitch": 91.11440147570431}}