{"LShoulderRoll": 22.767924638528903, "LShoulderPitch": 86.77085855158062, "RShoulderRoll": -44.12191184358776, "LElbowYaw": -55.8614581264449, "LAnklePitch": -1.5730154436454313, "RHipRoll": -11.129346393319155, "RAnklePitch": -13.20462767060856, "LHipPitch": -3.8191027386930188, "LKneePitch": 5.830986895603729, "LHipRoll": 0.24597322203865654, "RHipPitch": -68.29673160568177, "LElbowRoll": -34.142537449386566, "RKneePitch": 83.91412395988827, "RElbowRoll": 95.03270538684373, "RElbowYaw": 90, "RShoulderPitch": 13.520522454692468}