{"LShoulderRoll": 22.982937396818176, "LShoulderPitch": 86.73217847335223, "RShoulderRoll": -33.34974378361898, "LElbowYaw": -55.305130824912766, "LAnklePitch": -1.1202608422598956, "RHipRoll": -11.194019040235252, "RAnklePitch": -13.492043169862129, "LHipPitch": -4.118166563797303, "LKneePitch": 5.4494496692988434, "LHipRoll": 0.25748518524418057, "RHipPitch": -68.90932154715053, "LElbowRoll": -33.87361863806652, "RKneePitch": 84.7834038011881, "RElbowRoll": 99.04906413734373, "RElbowYaw": 90, "RShoulderPitch": 3.7267829364527643}