{"LShoulderRoll": 23.30552891109606, "LShoulderPitch": 87.09468364873693, "RShoulderRoll": -31.434364831390845, "LElbowYaw": -55.49543127364977, "LAnklePitch": -0.9888366423620454, "RHipRoll": -11.148259577855647, "RAnklePitch": -13.402405320772374, "LHipPitch": -4.377511676695391, "LKneePitch": 5.531585656584269, "LHipRoll": 0.25676143537934315, "RHipPitch": -69.02861984307884, "LElbowRoll": -34.12234857607328, "RKneePitch": 84.70658470296473, "RElbowRoll": 101.37309857322289, "RElbowYaw": 90, "RShoulderPitch": 4.949453583249934}