{"LShoulderRoll": 23.739974902068983, "LShoulderPitch": 88.09228165167167, "RShoulderRoll": -28.29398683617001, "LElbowYaw": -56.34810593046768, "LAnklePitch": -0.7237482541499674, "RHipRoll": -11.006455388338894, "RAnklePitch": -13.08733214377537, "LHipPitch": -4.81964338948417, "LKneePitch": 5.654862281908464, "LHipRoll": 0.25672025099248796, "RHipPitch": -69.82883830776838, "LElbowRoll": -34.715239698493804, "RKneePitch": 85.06053004538245, "RElbowRoll": 94.33176309257506, "RElbowYaw": 90, "RShoulderPitch": -8.182628328910507}