{"LShoulderRoll": 23.940294225113906, "LShoulderPitch": 89.28425724607098, "RShoulderRoll": -28.88015416679144, "LElbowYaw": -57.23371043696947, "LAnklePitch": -0.6252110251028711, "RHipRoll": -10.872623417402135, "RAnklePitch": -12.10358071303176, "LHipPitch": -5.345329273239841, "LKneePitch": 6.024132429468722, "LHipRoll": 0.2579495519109336, "RHipPitch": -70.818667512215, "LElbowRoll": -35.52693526129036, "RKneePitch": 84.98579371843198, "RElbowRoll": 92.23781875343977, "RElbowYaw": 90, "RShoulderPitch": -9.403670278010175}