{"LShoulderRoll": 23.78808737329932, "LShoulderPitch": 89.92326243803421, "RShoulderRoll": -28.792625913190943, "LElbowYaw": -58.2009650311512, "LAnklePitch": -0.6232753229740382, "RHipRoll": -10.701217316421502, "RAnklePitch": -10.687255383075197, "LHipPitch": -5.756924390799227, "LKneePitch": 6.5389535247097115, "LHipRoll": 0.24946520304492367, "RHipPitch": -71.25203162948134, "LElbowRoll": -35.13084837822197, "RKneePitch": 83.95145943092825, "RElbowRoll": 91.92135621010955, "RElbowYaw": 90, "RShoulderPitch": -9.661804640095951}