{"LShoulderRoll": 23.93512618372661, "LShoulderPitch": 90.5374146479346, "RShoulderRoll": -27.571728408911902, "LElbowYaw": -59.14078727909616, "LAnklePitch": -0.5980000708875792, "RHipRoll": -10.426952678370435, "RAnklePitch": -8.944799220836572, "LHipPitch": -5.955303901106134, "LKneePitch": 6.777459516594462, "LHipRoll": 0.24356278424789884, "RHipPitch": -71.45449279718224, "LElbowRoll": -35.02235326283488, "RKneePitch": 82.29826129552052, "RElbowRoll": 91.40879869688483, "RElbowYaw": 90, "RShoulderPitch": -10.108528577041703}