{"LShoulderRoll": 24.22850766887578, "LShoulderPitch": 90.49044118071149, "RShoulderRoll": -25.3834790211718, "LElbowYaw": -59.24454265194517, "LAnklePitch": -0.7044376151416429, "RHipRoll": -10.2445660760899, "RAnklePitch": -7.2258869494880855, "LHipPitch": -6.4484601551404666, "LKneePitch": 7.54811173280379, "LHipRoll": 0.23023260514223917, "RHipPitch": -71.38942101715011, "LElbowRoll": -35.19192298083928, "RKneePitch": 80.38247867107764, "RElbowRoll": 87.57591068182838, "RElbowYaw": 90, "RShoulderPitch": -13.541445578685376}