{"LShoulderRoll": 23.901073539839828, "LShoulderPitch": 90.56104866453266, "RShoulderRoll": -19.620866441917254, "LElbowYaw": -59.07720404604099, "LAnklePitch": -0.7707728329833259, "RHipRoll": -10.067058840884998, "RAnklePitch": -6.274181647727858, "LHipPitch": -6.829209393416548, "LKneePitch": 7.978350115505066, "LHipRoll": 0.22473762970726638, "RHipPitch": -71.05724289009513, "LElbowRoll": -35.33779504308225, "RKneePitch": 78.98171070108768, "RElbowRoll": 87.9011765300935, "RElbowYaw": 90, "RShoulderPitch": -9.529106335657309}