{"LShoulderRoll": 22.803153542476725, "LShoulderPitch": 91.32089561529864, "RShoulderRoll": -12.533384981054173, "LElbowYaw": -59.714617502060094, "LAnklePitch": -0.9897708545913844, "RHipRoll": -9.887492581023546, "RAnklePitch": -5.09816607686318, "LHipPitch": -8.101697656118347, "LKneePitch": 9.643706370208463, "LHipRoll": 0.19376027990092545, "RHipPitch": -70.15995396644945, "LElbowRoll": -35.763444557112535, "RKneePitch": 76.68346473990786, "RElbowRoll": 98.75257319930458, "RElbowYaw": 90, "RShoulderPitch": 2.955633523307057}