{"supportLeg": "Legs", "angles": {"LShoulderRoll": 26.23233323581609, "LShoulderPitch": 81.0283020707742, "RShoulderRoll": -21.48094611741457, "LElbowYaw": -16.658246937793166, "LElbowRoll": -37.093932714455235, "RElbowRoll": 29.015610935130923, "RElbowYaw": -30.797070119906863, "RShoulderPitch": 90.5038685521869}}