{"supportLeg": "Legs", "angles": {"LShoulderRoll": 24.219343923144873, "LShoulderPitch": 78.50226418856055, "RShoulderRoll": -12.242975939037647, "LElbowYaw": -90, "LElbowRoll": -24.039987532403444, "RElbowRoll": 15.64366697532131, "RElbowYaw": 90, "RShoulderPitch": 88.49260355104009}}