{"LShoulderRoll": 23.552725121353227, "LShoulderPitch": 91.67077924721275, "RShoulderRoll": -10.559500480585246, "LElbowYaw": -59.47042425678731, "LAnklePitch": -1.0961641975331133, "RHipRoll": -10.387538439753955, "RAnklePitch": -6.53425946668284, "LHipPitch": -8.87739479707625, "LKneePitch": 10.56511227362543, "LHipRoll": 0.18488875034336583, "RHipPitch": -70.41609741737301, "LElbowRoll": -37.44040803600919, "RKneePitch": 65.06217722599956, "RElbowRoll": 96.56694651924941, "RElbowYaw": 90, "RShoulderPitch": 1.0429436620911758}