{"LShoulderRoll": 24.265659298743586, "LShoulderPitch": 91.9732221014873, "RShoulderRoll": -8.029563123247907, "LElbowYaw": -59.63970202541799, "LAnklePitch": -1.2328742814921014, "RHipRoll": -9.495043482146103, "RAnklePitch": -5.246985605997494, "LHipPitch": -9.333695264645257, "LKneePitch": 11.190661452646168, "LHipRoll": 0.18008082149669088, "RHipPitch": -70.52741670308575, "LElbowRoll": -38.136878964982344, "RKneePitch": 76.97781694170483, "RElbowRoll": 90.64170014137656, "RElbowYaw": 90, "RShoulderPitch": 0.38784223225715664}