{"LShoulderRoll": 25.756831670018837, "LShoulderPitch": 91.3753726200487, "RShoulderRoll": -6.005432344288188, "LElbowYaw": -58.822731531565914, "LAnklePitch": -1.2764178464577043, "RHipRoll": -8.920954580303492, "RAnklePitch": -5.622827819137896, "LHipPitch": -9.502712915775632, "LKneePitch": 11.428867797887875, "LHipRoll": 0.17745646091248743, "RHipPitch": -70.82210358304025, "LElbowRoll": -38.236649177925784, "RKneePitch": 77.5527015202368, "RElbowRoll": 88.01446524488655, "RElbowYaw": 90, "RShoulderPitch": -0.9616138823905289}