{"LShoulderRoll": 26.087952060905504, "LShoulderPitch": 91.24865341279781, "RShoulderRoll": -4.342410600409399, "LElbowYaw": -58.77014018731138, "LAnklePitch": -1.1752027028731646, "RHipRoll": -8.729016673268768, "RAnklePitch": -5.817839693694339, "LHipPitch": -9.520182542679905, "LKneePitch": 11.321515532350162, "LHipRoll": 0.17875159889747524, "RHipPitch": -71.0386959702211, "LElbowRoll": -38.3144860415203, "RKneePitch": 77.93942358847109, "RElbowRoll": 87.21541921010481, "RElbowYaw": 90, "RShoulderPitch": -1.2737137355635968}