{"LShoulderRoll": 26.400669939841073, "LShoulderPitch": 90.9169836976428, "RShoulderRoll": -3.6870101893068847, "LElbowYaw": -58.098826677339616, "LAnklePitch": -1.1188090444609458, "RHipRoll": -8.63235128986812, "RAnklePitch": -5.997830926513046, "LHipPitch": -9.63161175304218, "LKneePitch": 11.289001284056837, "LHipRoll": 0.1862523998745021, "RHipPitch": -71.41021498864882, "LElbowRoll": -38.2945186492297, "RKneePitch": 78.46559834725096, "RElbowRoll": 84.80021826335323, "RElbowYaw": 90, "RShoulderPitch": -2.5390006581074993}