{"LShoulderRoll": 26.783406406202023, "LShoulderPitch": 90.94360073375069, "RShoulderRoll": -3.3911424585823617, "LElbowYaw": -58.06988619094957, "LAnklePitch": -0.9313530937700847, "RHipRoll": -8.99970425820343, "RAnklePitch": -6.013331040914565, "LHipPitch": -9.450803047360722, "LKneePitch": 10.753565254581474, "LHipRoll": 0.1999202453750305, "RHipPitch": -71.69954392629519, "LElbowRoll": -38.5136652332707, "RKneePitch": 78.90189220491386, "RElbowRoll": 83.78166890640715, "RElbowYaw": 90, "RShoulderPitch": -2.609740949513123}