{"LShoulderRoll": 27.022685345944716, "LShoulderPitch": 90.94117287215252, "RShoulderRoll": -3.3446151755495537, "LElbowYaw": -57.89356706889016, "LAnklePitch": -1.0372552890622728, "RHipRoll": -9.386969657360392, "RAnklePitch": -5.98427475192878, "LHipPitch": -9.584396417047742, "LKneePitch": 11.062155321920955, "LHipRoll": 0.19081891244134153, "RHipPitch": -71.719191736011, "LElbowRoll": -38.87181062406202, "RKneePitch": 79.03478768960315, "RElbowRoll": 82.9292091706696, "RElbowYaw": 90, "RShoulderPitch": -2.9117210741963544}