{"LShoulderRoll": 26.976560620733316, "LShoulderPitch": 90.66863181474184, "RShoulderRoll": -3.298825001980394, "LElbowYaw": -57.76113944987728, "LAnklePitch": -1.2985644180921838, "RHipRoll": -9.57851778171047, "RAnklePitch": -6.09756790280079, "LHipPitch": -9.66211602628762, "LKneePitch": 11.274245382985157, "LHipRoll": 0.19924640889118256, "RHipPitch": -71.55716413681594, "LElbowRoll": -38.761442901690714, "RKneePitch": 79.03496713957983, "RElbowRoll": 83.0754406353312, "RElbowYaw": 90, "RShoulderPitch": -2.7022523768454008}