{"LShoulderRoll": 27.185763053121367, "LShoulderPitch": 90.80536994600888, "RShoulderRoll": -3.283842100619398, "LElbowYaw": -57.73769717821471, "LAnklePitch": -1.2544406977716278, "RHipRoll": -9.470871622526943, "RAnklePitch": -6.135050689358053, "LHipPitch": -9.692286302239935, "LKneePitch": 11.283494117201116, "LHipRoll": 0.1939314984809407, "RHipPitch": -71.54008632003, "LElbowRoll": -39.09767957367461, "RKneePitch": 79.03540268861516, "RElbowRoll": 82.9678986426587, "RElbowYaw": 90, "RShoulderPitch": -2.7348276044634976}