{"LShoulderRoll": 27.19670655718547, "LShoulderPitch": 90.83707890116094, "RShoulderRoll": -3.493072140451082, "LElbowYaw": -57.73401408190722, "LAnklePitch": -1.1543996049372964, "RHipRoll": -9.458895086347495, "RAnklePitch": -6.007568455915845, "LHipPitch": -9.796787272656374, "LKneePitch": 11.225207741950669, "LHipRoll": 0.192020246128694, "RHipPitch": -71.15919174511706, "LElbowRoll": -39.02524674290885, "RKneePitch": 78.54618720591667, "RElbowRoll": 83.1600124678543, "RElbowYaw": 90, "RShoulderPitch": -2.9157427471002686}