{"supportLeg": "Legs", "angles": {"LShoulderRoll": 24.15215464781118, "LShoulderPitch": 78.28618694984193, "RShoulderRoll": -11.714651565615508, "LElbowYaw": -90, "LElbowRoll": -26.153036573333026, "RElbowRoll": 16.210719393127306, "RElbowYaw": 90, "RShoulderPitch": 86.6413380309328}}