{"LShoulderRoll": 27.611524200834396, "LShoulderPitch": 90.98934660096427, "RShoulderRoll": -3.4915023235004434, "LElbowYaw": -57.66192630125651, "LAnklePitch": -1.2076940706302395, "RHipRoll": -9.261733123656178, "RAnklePitch": -5.608220637265362, "LHipPitch": -9.860909012159468, "LKneePitch": 11.398157275585845, "LHipRoll": 0.18306806534248, "RHipPitch": -70.77555584165009, "LElbowRoll": -39.42610016777982, "RKneePitch": 77.74781815248846, "RElbowRoll": 83.28926818757073, "RElbowYaw": 90, "RShoulderPitch": -2.8079477729543574}