{"LShoulderRoll": 27.79310161233626, "LShoulderPitch": 91.01839437974463, "RShoulderRoll": -3.8749862934491848, "LElbowYaw": -57.52902183608825, "LAnklePitch": -1.018348289892245, "RHipRoll": -9.216066981834919, "RAnklePitch": -4.921207954205357, "LHipPitch": -8.822425230071033, "LKneePitch": 10.289951918954046, "LHipRoll": 0.19906193593252478, "RHipPitch": -70.34343138114369, "LElbowRoll": -39.69184110864575, "RKneePitch": 76.64624885962255, "RElbowRoll": 83.73732727380549, "RElbowYaw": 90, "RShoulderPitch": -2.712305635808363}