{"LShoulderRoll": 27.777364540399525, "LShoulderPitch": 90.89461379535449, "RShoulderRoll": -4.422090880583965, "LElbowYaw": -57.49477181431344, "LAnklePitch": -1.2537908290693451, "RHipRoll": -9.528086127725667, "RAnklePitch": -4.696438880781571, "LHipPitch": -9.957704581719867, "LKneePitch": 11.63806801899429, "LHipRoll": 0.17494246682892425, "RHipPitch": -70.12769311124887, "LElbowRoll": -39.49612834827147, "RKneePitch": 76.2821012339628, "RElbowRoll": 83.18564048157589, "RElbowYaw": 90, "RShoulderPitch": -3.332724860347697}