{"LShoulderRoll": 27.195485656702935, "LShoulderPitch": 90.22716307591519, "RShoulderRoll": -5.09498892018437, "LElbowYaw": -56.948074887804424, "LAnklePitch": -0.8957533370425068, "RHipRoll": -9.555014735711396, "RAnklePitch": -4.339064182444574, "LHipPitch": -9.692378146945686, "LKneePitch": 11.190790518848587, "LHipRoll": 0.16682009131270378, "RHipPitch": -69.21216156118182, "LElbowRoll": -38.63200405916035, "RKneePitch": 74.99327891741046, "RElbowRoll": 83.6989626445227, "RElbowYaw": 90, "RShoulderPitch": -3.059232150784684}