{"LShoulderRoll": 27.061264476093132, "LShoulderPitch": 89.99538464272416, "RShoulderRoll": -5.524062610926144, "LElbowYaw": -56.598362413049166, "LAnklePitch": -0.8125686169454838, "RHipRoll": -9.494951945033492, "RAnklePitch": -4.764628120563998, "LHipPitch": -9.8796264421035, "LKneePitch": 11.362907847431842, "LHipRoll": 0.1540516380842511, "RHipPitch": -68.94305885749179, "LElbowRoll": -38.27537870708963, "RKneePitch": 75.10967317507352, "RElbowRoll": 83.89288720069693, "RElbowYaw": 90, "RShoulderPitch": -3.0049712460658142}