{"LShoulderRoll": 26.948918480262858, "LShoulderPitch": 89.52937481853586, "RShoulderRoll": -6.052535378637512, "LElbowYaw": -56.17508887698545, "LAnklePitch": -0.8338793538603966, "RHipRoll": -9.603319100459101, "RAnklePitch": -5.256531592620078, "LHipPitch": -9.949751853584957, "LKneePitch": 11.430883624171713, "LHipRoll": 0.15337316711862292, "RHipPitch": -68.26478072664119, "LElbowRoll": -37.76720623035192, "RKneePitch": 74.90120156906316, "RElbowRoll": 84.91243971362948, "RElbowYaw": 90, "RShoulderPitch": -3.312066662819038}