{"LShoulderRoll": 26.91675219890155, "LShoulderPitch": 89.48200067226814, "RShoulderRoll": -6.255324910567362, "LElbowYaw": -56.13281530458471, "LAnklePitch": -0.3603789862482074, "RHipRoll": -9.78307944997787, "RAnklePitch": -5.256838993010945, "LHipPitch": -9.66008839624088, "LKneePitch": 10.718691394148493, "LHipRoll": 0.15214951124341597, "RHipPitch": -67.55627830838208, "LElbowRoll": -37.640648873771966, "RKneePitch": 74.19751239293635, "RElbowRoll": 81.9782843881197, "RElbowYaw": 90, "RShoulderPitch": -3.401080239376528}