{"LShoulderRoll": 27.26067154112481, "LShoulderPitch": 89.41120492413611, "RShoulderRoll": -6.319787007547328, "LElbowYaw": -55.84214437047487, "LAnklePitch": -0.40507531165111743, "RHipRoll": -9.85250550320887, "RAnklePitch": -4.712702695453672, "LHipPitch": -9.673938805457652, "LKneePitch": 10.794201509757556, "LHipRoll": 0.1484512102085113, "RHipPitch": -67.20729626406956, "LElbowRoll": -38.00164962528817, "RKneePitch": 73.25108988386148, "RElbowRoll": 82.00266280280246, "RElbowYaw": 90, "RShoulderPitch": -3.44665579527716}