{"LShoulderRoll": 27.248810007005822, "LShoulderPitch": 89.43391393136413, "RShoulderRoll": -6.429414996040114, "LElbowYaw": -56.12969619708039, "LAnklePitch": -0.125447999822768, "RHipRoll": -9.887199097209589, "RAnklePitch": -4.398766161527064, "LHipPitch": -8.56745627454103, "LKneePitch": 9.302346087356568, "LHipRoll": 0.17760060580288184, "RHipPitch": -66.93501417322211, "LElbowRoll": -38.13209610841727, "RKneePitch": 72.64489920800138, "RElbowRoll": 82.06811179807768, "RElbowYaw": 90, "RShoulderPitch": -3.520731488289314}