{"LShoulderRoll": 27.250076834098937, "LShoulderPitch": 89.4303618839457, "RShoulderRoll": -7.618652344924527, "LElbowYaw": -55.881423367563194, "LAnklePitch": -0.642874982316286, "RHipRoll": -10.005195919492927, "RAnklePitch": -3.9361786778781607, "LHipPitch": -9.30960413870936, "LKneePitch": 10.7734909947566, "LHipRoll": 0.13542579104068841, "RHipPitch": -66.45901066426386, "LElbowRoll": -38.24288637151804, "RKneePitch": 71.75740940095157, "RElbowRoll": 84.38238098388729, "RElbowYaw": 90, "RShoulderPitch": -4.060587398580493}