{"supportLeg": "Legs", "angles": {"LShoulderRoll": 23.534102498224055, "LShoulderPitch": 78.43845834134441, "RShoulderRoll": -10.993624485126546, "LElbowYaw": -90, "LElbowRoll": -27.423995201291888, "RElbowRoll": 17.808820595196096, "RElbowYaw": 90, "RShoulderPitch": 85.66826328974598}}