{"LShoulderRoll": 26.83254946787899, "LShoulderPitch": 89.21827020880825, "RShoulderRoll": -8.845018074183027, "LElbowYaw": -55.51422784679941, "LAnklePitch": -0.5718631509926126, "RHipRoll": -10.09751911424282, "RAnklePitch": -3.387351457354498, "LHipPitch": -9.232617555297495, "LKneePitch": 10.606825768577863, "LHipRoll": 0.12550968282931832, "RHipPitch": -65.78689557212374, "LElbowRoll": -38.01100766271918, "RKneePitch": 70.53239551906576, "RElbowRoll": 83.77653527590002, "RElbowYaw": 90, "RShoulderPitch": -4.6166038448319275}