{"LShoulderRoll": 26.287210922476255, "LShoulderPitch": 89.12443536268805, "RShoulderRoll": -9.525281923708572, "LElbowYaw": -54.85525294442211, "LAnklePitch": -0.7189391831756495, "RHipRoll": -10.227759513396233, "RAnklePitch": -2.8526927025709625, "LHipPitch": -9.057946142396503, "LKneePitch": 10.574219426888305, "LHipRoll": 0.12147959657236272, "RHipPitch": -64.10658812341488, "LElbowRoll": -38.22438126588969, "RKneePitch": 68.33387906750491, "RElbowRoll": 83.85624879314155, "RElbowYaw": 90, "RShoulderPitch": -4.362179574244706}