{"LShoulderRoll": 26.279861659321057, "LShoulderPitch": 89.05822003929498, "RShoulderRoll": -9.786478634941986, "LElbowYaw": -54.788919042876785, "LAnklePitch": -0.5885775455893025, "RHipRoll": -10.34732462337217, "RAnklePitch": -1.2652518861329867, "LHipPitch": -8.972675011836955, "LKneePitch": 10.39295563336978, "LHipRoll": 0.1194700346976213, "RHipPitch": -60.58598017759949, "LElbowRoll": -38.13831722947873, "RKneePitch": 63.44210941700345, "RElbowRoll": 83.68933728258418, "RElbowYaw": 90, "RShoulderPitch": -4.1698735766190005}