{"LShoulderRoll": 26.27513553899262, "LShoulderPitch": 89.0139385508028, "RShoulderRoll": -10.051128135669758, "LElbowYaw": -54.64709688345584, "LAnklePitch": -0.7798279793968135, "RHipRoll": -11.324945687987734, "RAnklePitch": -1.0439671807673392, "LHipPitch": -8.774681860353311, "LKneePitch": 10.362937874173127, "LHipRoll": 0.12647178498113745, "RHipPitch": -60.09613031685368, "LElbowRoll": -38.2485794181965, "RKneePitch": 62.95593973045884, "RElbowRoll": 83.61239215233614, "RElbowYaw": 90, "RShoulderPitch": -4.373038695433653}