{"LShoulderRoll": 25.81770340150209, "LShoulderPitch": 89.15621708563759, "RShoulderRoll": -10.969323368425034, "LElbowYaw": -55.01205618588877, "LAnklePitch": -0.7470955089115705, "RHipRoll": -11.126650128267856, "RAnklePitch": -0.03646405322226087, "LHipPitch": -8.46845010654539, "LKneePitch": 10.254615720070063, "LHipRoll": 0.1102485567411951, "RHipPitch": -57.08886346206076, "LElbowRoll": -37.9523699541985, "RKneePitch": 58.90524277159106, "RElbowRoll": 83.65352297090163, "RElbowYaw": 90, "RShoulderPitch": -4.3431907271572046}