{"LShoulderRoll": 25.750652327958488, "LShoulderPitch": 89.01589735004454, "RShoulderRoll": -11.46579672502706, "LElbowYaw": -55.14417915695238, "LAnklePitch": -0.6555705965025425, "RHipRoll": -11.354136445437947, "RAnklePitch": -0.07187713064219281, "LHipPitch": -8.154700243155077, "LKneePitch": 9.926089589302165, "LHipRoll": 0.10821589838525807, "RHipPitch": -55.78137160359222, "LElbowRoll": -37.68827757097105, "RKneePitch": 57.43137065116345, "RElbowRoll": 85.1010142712912, "RElbowYaw": 90, "RShoulderPitch": -3.2565865855122005}