{"LShoulderRoll": 25.643049605762545, "LShoulderPitch": 88.96004348877405, "RShoulderRoll": -11.109208711449114, "LElbowYaw": -55.61055704466854, "LAnklePitch": -0.3664030789510093, "RHipRoll": -11.030954987766915, "RAnklePitch": -0.3702220938697707, "LHipPitch": -7.976554779373387, "LKneePitch": 9.597115613969606, "LHipRoll": 0.1014756586404937, "RHipPitch": -52.77022901761627, "LElbowRoll": -37.31581142429357, "RKneePitch": 53.742312738402816, "RElbowRoll": 96.55265012305304, "RElbowYaw": 90, "RShoulderPitch": 10.411758243674228}