{"LShoulderRoll": 25.870168346362185, "LShoulderPitch": 88.52123274933602, "RShoulderRoll": -12.259268794195757, "LElbowYaw": -55.360970275343924, "LAnklePitch": -0.22480837178432012, "RHipRoll": -11.115310324175118, "RAnklePitch": -0.6306316479151945, "LHipPitch": -7.553494387183449, "LKneePitch": 9.082376138258837, "LHipRoll": 0.0996668645700503, "RHipPitch": -48.71455857805565, "LElbowRoll": -37.01180515822537, "RKneePitch": 49.165940374275436, "RElbowRoll": 93.95544616031086, "RElbowYaw": 90, "RShoulderPitch": 16.807622357519435}