{"LShoulderRoll": 25.680744557803845, "LShoulderPitch": 88.77590197874052, "RShoulderRoll": -12.321324635804583, "LElbowYaw": -55.56851995655301, "LAnklePitch": -0.15437380466656236, "RHipRoll": -11.148269706473043, "RAnklePitch": -0.30620555963281504, "LHipPitch": -7.157899184376561, "LKneePitch": 8.714662773521582, "LHipRoll": 0.09171820104071071, "RHipPitch": -43.58620291481791, "LElbowRoll": -37.26968192783909, "RKneePitch": 44.75859809256738, "RElbowRoll": 92.7847265776338, "RElbowYaw": 90, "RShoulderPitch": 19.032433526099595}