{"LShoulderRoll": 25.497596214908782, "LShoulderPitch": 89.18000069243236, "RShoulderRoll": -13.251778846299853, "LElbowYaw": -55.84734111419862, "LAnklePitch": -0.17624060242802386, "RHipRoll": -11.031286271095636, "RAnklePitch": -0.4203393563828399, "LHipPitch": -6.878263747631564, "LKneePitch": 8.526229555963113, "LHipRoll": 0.09539391690190248, "RHipPitch": -40.12176597971036, "LElbowRoll": -37.51706945377828, "RKneePitch": 41.07267628226609, "RElbowRoll": 90.0935962430279, "RElbowYaw": 90, "RShoulderPitch": 21.277667112065814}