{"supportLeg": "Legs", "angles": {"LShoulderRoll": 24.62147743380044, "LShoulderPitch": 78.33017756097999, "RShoulderRoll": -9.534029200407472, "LElbowYaw": -90, "LElbowRoll": -29.062410243911785, "RElbowRoll": 18.3213455264638, "RElbowYaw": 90, "RShoulderPitch": 87.5856125632002}}