{"LShoulderRoll": 25.143085966921483, "LShoulderPitch": 89.47493713231968, "RShoulderRoll": -13.190425687437337, "LElbowYaw": -55.932025905570164, "LAnklePitch": -0.23519093824185688, "RHipRoll": -10.826642606346777, "RAnklePitch": -1.5110296920109647, "LHipPitch": -6.430900926671995, "LKneePitch": 7.814121243980168, "LHipRoll": 0.12219378681822723, "RHipPitch": -37.38869778119142, "LElbowRoll": -37.55208254357544, "RKneePitch": 39.02018913286048, "RElbowRoll": 81.48208681243106, "RElbowYaw": 0, "RShoulderPitch": 15.670684678153421}