{"LShoulderRoll": 24.500649460523793, "LShoulderPitch": 89.70811825052112, "RShoulderRoll": -17.630607487241267, "LElbowYaw": -56.12499282316691, "LAnklePitch": -0.27698448546347265, "RHipRoll": -12.12481446389432, "RAnklePitch": -3.411233769155203, "LHipPitch": -6.32309051258197, "LKneePitch": 7.380425789835471, "LHipRoll": 0.16307541341588705, "RHipPitch": -34.360295853071946, "LElbowRoll": -37.498359291128, "RKneePitch": 37.771025947138384, "RElbowRoll": 81.79382875570977, "RElbowYaw": 0, "RShoulderPitch": 21.757322415961966}