{"LShoulderRoll": 23.784502175492467, "LShoulderPitch": 89.40087070120488, "RShoulderRoll": -17.349202800283923, "LElbowYaw": -55.7185642859704, "LAnklePitch": -0.6903252351898175, "RHipRoll": -12.358721612096264, "RAnklePitch": -4.7895472553969825, "LHipPitch": -5.853788545204338, "LKneePitch": 6.413378804807422, "LHipRoll": 0.18977208448245683, "RHipPitch": -29.5456180476315, "LElbowRoll": -36.96878937708286, "RKneePitch": 34.28004962081235, "RElbowRoll": 77.18410763210245, "RElbowYaw": 0, "RShoulderPitch": 29.465045685516856}