{"LShoulderRoll": 23.230430374611515, "LShoulderPitch": 89.53362675186958, "RShoulderRoll": -21.449765081500974, "LElbowYaw": -55.78480109986394, "LAnklePitch": -0.6949957582318262, "RHipRoll": -12.492083683945797, "RAnklePitch": -5.430628073617655, "LHipPitch": -5.585455188757123, "LKneePitch": 6.225321759229018, "LHipRoll": 0.19485172994849764, "RHipPitch": -26.471867390028976, "LElbowRoll": -36.82862308060149, "RKneePitch": 31.81514919013358, "RElbowRoll": 72.8677777257037, "RElbowYaw": 0, "RShoulderPitch": 38.94924797370136}