{"LShoulderRoll": 22.965296406788745, "LShoulderPitch": 89.60080769117903, "RShoulderRoll": -33.65561016332682, "LElbowYaw": -56.079797214715, "LAnklePitch": -1.0664174136453255, "RHipRoll": -14.58980570542182, "RAnklePitch": -4.479056167793303, "LHipPitch": -5.146413894822942, "LKneePitch": 5.521745814452089, "LHipRoll": 0.2061738141477609, "RHipPitch": -22.17766088444064, "LElbowRoll": -36.52311793423863, "RKneePitch": 26.63424544373163, "RElbowRoll": 52.32662502816052, "RElbowYaw": 25.265598908935672, "RShoulderPitch": 46.56270884554658}