{"LShoulderRoll": 22.73902365942141, "LShoulderPitch": 89.72029629549024, "RShoulderRoll": -39.092386567588115, "LElbowYaw": -56.53765363448849, "LAnklePitch": -1.3786090215751585, "RHipRoll": -16.960375000051364, "RAnklePitch": -2.4198299756935313, "LHipPitch": -4.741725418234367, "LKneePitch": 4.743781562895265, "LHipRoll": 0.22128830965398705, "RHipPitch": -18.049785664790136, "LElbowRoll": -36.02616936706232, "RKneePitch": 20.54982071376986, "RElbowRoll": 39.88628055487993, "RElbowYaw": 7.360915120105879, "RShoulderPitch": 51.13659444960605}