{"LShoulderRoll": 22.874167387167756, "LShoulderPitch": 89.782759996376, "RShoulderRoll": -41.96727875204254, "LElbowYaw": -57.18859577822749, "LAnklePitch": -1.508857367123852, "RHipRoll": -18.62596411675156, "RAnklePitch": -0.9080997612103232, "LHipPitch": -4.389045329650429, "LKneePitch": 3.891787280538324, "LHipRoll": 0.23552793450891896, "RHipPitch": -13.39144772979833, "LElbowRoll": -35.3524661637025, "RKneePitch": 12.4511166959077, "RElbowRoll": 32.66416376920233, "RElbowYaw": -12.38245524123407, "RShoulderPitch": 55.888608155360714}