{"LShoulderRoll": 21.90308976128388, "LShoulderPitch": 88.69555729003616, "RShoulderRoll": -45.816867030218724, "LElbowYaw": -57.95611218263969, "LAnklePitch": -2.0020489803135746, "RHipRoll": -8.760652380667109, "RAnklePitch": -2.651288524689406, "LHipPitch": -3.763964693536238, "LKneePitch": 2.430079078438297, "LHipRoll": 0.24686983125914247, "RHipPitch": -10.508257514023938, "LElbowRoll": -31.60519059397768, "RKneePitch": 7.901242512684348, "RElbowRoll": 24.869660354098755, "RElbowYaw": -31.191581223807496, "RShoulderPitch": 62.03300984320166}