{"LShoulderRoll": 21.32905506573559, "LShoulderPitch": 89.69530761269299, "RShoulderRoll": -26.604447950508902, "LElbowYaw": -62.9016838007201, "LAnklePitch": -1.9382447496162598, "RHipRoll": -5.674579063032258, "RAnklePitch": -5.024218796664741, "LHipPitch": -2.7714504553413235, "LKneePitch": 0.8783458436265619, "LHipRoll": 0.2465444087165404, "RHipPitch": -7.437734008806089, "LElbowRoll": -27.745791400635, "RKneePitch": 3.2785520375198303, "RElbowRoll": 13.37562882618235, "RElbowYaw": 90, "RShoulderPitch": 73.3970273614909}