{"LShoulderRoll": 21.387376874618084, "LShoulderPitch": 90.84652113791012, "RShoulderRoll": -24.946649602864397, "LElbowYaw": -65.61394890088503, "LAnklePitch": -1.9426060522477115, "RHipRoll": -3.4599745026905553, "RAnklePitch": -5.7928038254412115, "LHipPitch": -2.1679841345311672, "LKneePitch": 1.1661535210987495, "LHipRoll": 0.25855504560124587, "RHipPitch": -6.428001312605119, "LElbowRoll": -27.084925169056476, "RKneePitch": 3.650388484730314, "RElbowRoll": 9.09198518994242, "RElbowYaw": 90, "RShoulderPitch": 78.85007659100621}