{"supportLeg": "Legs", "angles": {"LShoulderRoll": 27.850533304040628, "LShoulderPitch": 80.49132819208772, "RShoulderRoll": -8.455687432825853, "LElbowYaw": -90, "LElbowRoll": -31.434006190798954, "RElbowRoll": 22.214576349239906, "RElbowYaw": 90, "RShoulderPitch": 86.43574977667397}}