{"LShoulderRoll": 21.38172548310057, "LShoulderPitch": 91.45425092145256, "RShoulderRoll": -23.8175439413897, "LElbowYaw": -67.02567978077118, "LAnklePitch": -1.6327793928828669, "RHipRoll": -2.05740969407053, "RAnklePitch": -5.909057771339349, "LHipPitch": -1.8014968997230483, "LKneePitch": 1.6046879664712606, "LHipRoll": 0.2448907823728467, "RHipPitch": -5.538841815679291, "LElbowRoll": -26.93426117053363, "RKneePitch": 3.395285714051653, "RElbowRoll": 4.938201465778008, "RElbowYaw": 90, "RShoulderPitch": 82.71609790476282}