{"LShoulderRoll": 19.70273029140008, "LShoulderPitch": 91.14323041235177, "RShoulderRoll": -23.608372112173292, "LElbowYaw": -65.9644570181618, "LAnklePitch": -1.131427982657769, "RHipRoll": -1.1740327320858674, "RAnklePitch": -5.951564313992506, "LHipPitch": -1.3844990641410675, "LKneePitch": 1.3693652073683324, "LHipRoll": 0.21716219743204393, "RHipPitch": -4.98933005407882, "LElbowRoll": -26.98587717566315, "RKneePitch": 3.5806054522597037, "RElbowRoll": 5.079272290517281, "RElbowYaw": 90, "RShoulderPitch": 84.86845853663148}