{"LShoulderRoll": 19.071274884579374, "LShoulderPitch": 88.9416371712778, "RShoulderRoll": -26.58211704732881, "LElbowYaw": -60.01856400910914, "LAnklePitch": -0.24437853278853083, "RHipRoll": 0.2879925185018608, "RAnklePitch": -5.384029230439509, "LHipPitch": -1.4938921659942253, "LKneePitch": 1.5147997376082856, "LHipRoll": 0.17585593056215304, "RHipPitch": -4.74530779955596, "LElbowRoll": -28.991913384861817, "RKneePitch": 2.886613902914121, "RElbowRoll": 9.927915903374554, "RElbowYaw": 90, "RShoulderPitch": 86.32850865611275}