{"LShoulderRoll": 18.999751656972872, "LShoulderPitch": 86.89542197205365, "RShoulderRoll": -26.723042794327323, "LElbowYaw": -53.63613802716353, "LAnklePitch": -1.2212698772352866, "RHipRoll": 0.19644840997419138, "RAnklePitch": -4.933308214803532, "LHipPitch": -2.072170015278573, "LKneePitch": 3.38084688345171, "LHipRoll": 0.15286921696730732, "RHipPitch": -4.714543978193134, "LElbowRoll": -31.51025666411209, "RKneePitch": 1.516449532346229, "RElbowRoll": 10.94038294260477, "RElbowYaw": 90, "RShoulderPitch": 86.76686918054325}