{"LShoulderRoll": 17.724236103285413, "LShoulderPitch": 84.86994402366801, "RShoulderRoll": -26.288501225344614, "LElbowYaw": -42.55195303529446, "LAnklePitch": -1.9219228581765435, "RHipRoll": 3.4357387008969176, "RAnklePitch": -4.049493027080402, "LHipPitch": -3.279851355491388, "LKneePitch": 5.31531739645331, "LHipRoll": 0.10912135727951779, "RHipPitch": -4.714229109283039, "LElbowRoll": -38.50929161928582, "RKneePitch": 1.3472689258937862, "RElbowRoll": 13.537287361703875, "RElbowYaw": 90, "RShoulderPitch": 86.65342403207015}