{"LShoulderRoll": 19.699213848501646, "LShoulderPitch": 81.86171893382503, "RShoulderRoll": -25.058933440997297, "LElbowYaw": 0, "LAnklePitch": -3.8194913338359413, "RHipRoll": 4.746151223620703, "RAnklePitch": -3.4983114930415127, "LHipPitch": -5.01632281164386, "LKneePitch": 8.842732174875437, "LHipRoll": 0.01978986610207773, "RHipPitch": -4.7799931429925095, "LElbowRoll": -47.588404048238004, "RKneePitch": 1.3421124176650494, "RElbowRoll": 13.933849104789402, "RElbowYaw": 90, "RShoulderPitch": 85.44709065149796}