{"LShoulderRoll": 21.867449860431847, "LShoulderPitch": 70.60522335556473, "RShoulderRoll": -25.474248482435332, "LElbowYaw": -8.131664470719578, "LAnklePitch": -7.124642872143767, "RHipRoll": 4.2039512976907565, "RAnklePitch": -3.004472869449387, "LHipPitch": -9.395396585385996, "LKneePitch": 16.636137538061547, "LHipRoll": -0.06958024328403747, "RHipPitch": -4.774965614937372, "LElbowRoll": -46.535429297240256, "RKneePitch": 2.6631011784116083, "RElbowRoll": 14.795208147170655, "RElbowYaw": 90, "RShoulderPitch": 84.91590117144699}