{"LShoulderRoll": 34.675694346364345, "LShoulderPitch": 53.42734212975309, "RShoulderRoll": -26.22954451028685, "LElbowYaw": -90, "LAnklePitch": -11.045756423851188, "RHipRoll": 3.8605294296138273, "RAnklePitch": -2.5404470505558834, "LHipPitch": -15.06940944158228, "LKneePitch": 26.411029291314634, "LHipRoll": -0.2058757805361157, "RHipPitch": -5.133770295512434, "LElbowRoll": -47.87098446482807, "RKneePitch": 3.774925732510553, "RElbowRoll": 13.79116591284432, "RElbowYaw": 90, "RShoulderPitch": 83.12347419571634}