{"LShoulderRoll": 26.81267920604457, "LShoulderPitch": 36.11311029633014, "RShoulderRoll": -25.737923971682896, "LElbowYaw": -109.41004774926517, "LAnklePitch": -14.212917524837522, "RHipRoll": 2.3774441996638562, "RAnklePitch": -2.424983466155055, "LHipPitch": -22.67950461572582, "LKneePitch": 37.65542149236083, "LHipRoll": -0.23804937306002535, "RHipPitch": -5.414516762240041, "LElbowRoll": -61.28838671365931, "RKneePitch": 4.626138716226336, "RElbowRoll": 13.14859341240549, "RElbowYaw": 90, "RShoulderPitch": 81.87166755116094}