{"LShoulderRoll": 24.753409010109888, "LShoulderPitch": 29.426581812238545, "RShoulderRoll": -25.583133462976548, "LElbowYaw": -90.25689432084853, "LAnklePitch": -16.025211243037973, "RHipRoll": 1.4894649464128202, "RAnklePitch": -2.3739534650434138, "LHipPitch": -28.528529159641955, "LKneePitch": 45.80058913198886, "LHipRoll": -0.2574545123900255, "RHipPitch": -5.723879617738788, "LElbowRoll": -66.76077392473051, "RKneePitch": 5.323146917741553, "RElbowRoll": 14.267498570230146, "RElbowYaw": 90, "RShoulderPitch": 81.10189743417439}