{"supportLeg": "Legs", "angles": {"LShoulderRoll": 31.322519782929117, "LShoulderPitch": 80.2146770853731, "RShoulderRoll": -9.822090199215102, "LElbowYaw": -90, "LElbowRoll": -33.37471978325405, "RElbowRoll": 25.748800713958758, "RElbowYaw": 90, "RShoulderPitch": 83.38597437839816}}