{"LShoulderRoll": 19.56012430273306, "LShoulderPitch": 22.635668132646643, "RShoulderRoll": -25.087985068257755, "LElbowYaw": 0, "LAnklePitch": -17.47563257318437, "RHipRoll": 1.6764225197213731, "RAnklePitch": -2.3461825388638147, "LHipPitch": -32.96397011960826, "LKneePitch": 52.445676868069725, "LHipRoll": -0.2695372027461186, "RHipPitch": -6.004849364646262, "LElbowRoll": -73.12720450745988, "RKneePitch": 5.1375472287936645, "RElbowRoll": 13.958867995644141, "RElbowYaw": 90, "RShoulderPitch": 80.09977299713243}