{"LShoulderRoll": 18.426000508348128, "LShoulderPitch": 23.92869634545484, "RShoulderRoll": -25.62661634879832, "LElbowYaw": 0, "LAnklePitch": -16.837704227047908, "RHipRoll": 3.2850438931522117, "RAnklePitch": -2.5849998388538324, "LHipPitch": -35.111245539706715, "LKneePitch": 55.01405114694806, "LHipRoll": -0.28178768136652427, "RHipPitch": -6.313279213221406, "LElbowRoll": -75.91632635345034, "RKneePitch": 4.71863374549369, "RElbowRoll": 15.324050129399183, "RElbowYaw": -56.34166305475017, "RShoulderPitch": 79.90728420714093}