{"LShoulderRoll": 16.48532555447413, "LShoulderPitch": 16.93752315900973, "RShoulderRoll": -25.68500033446506, "LElbowYaw": 0, "LAnklePitch": -21.14365162726361, "RHipRoll": 6.000134575577626, "RAnklePitch": -0.11906576740663866, "LHipPitch": -39.694852204600586, "LKneePitch": 64.60816583309908, "LHipRoll": -0.28016182764263103, "RHipPitch": -9.621606264819064, "LElbowRoll": -79.32333191256191, "RKneePitch": 9.499475920350392, "RElbowRoll": 17.717064734556914, "RElbowYaw": -54.50067573889141, "RShoulderPitch": 79.88477241015347}