{"LShoulderRoll": 16.759187050398946, "LShoulderPitch": 17.122517528374786, "RShoulderRoll": -25.70746196134413, "LElbowYaw": -44.94854620079114, "LAnklePitch": -23.739253967061757, "RHipRoll": 8.8669160032334, "RAnklePitch": -0.3138084911581558, "LHipPitch": -41.70086945385268, "LKneePitch": 69.31755560143303, "LHipRoll": -0.2763825896739667, "RHipPitch": -8.256437082374674, "LElbowRoll": -83.1036761105839, "RKneePitch": 8.246295672003527, "RElbowRoll": 18.95422071626325, "RElbowYaw": -53.72210645249451, "RShoulderPitch": 80.03881623279683}