{"LShoulderRoll": 17.0535078631994, "LShoulderPitch": 16.707044454450937, "RShoulderRoll": -25.660421016923568, "LElbowYaw": -90, "LAnklePitch": -30.34605956560773, "RHipRoll": 10.555699241760243, "RAnklePitch": -0.518560127010403, "LHipPitch": -49.153164559267225, "LKneePitch": 83.19983201957682, "LHipRoll": -0.2782281870089401, "RHipPitch": -9.099087283355786, "LElbowRoll": -85.83323819686588, "RKneePitch": 10.303454561920887, "RElbowRoll": 19.728529226646458, "RElbowYaw": -52.68037413576679, "RShoulderPitch": 79.83999860649097}