{"LShoulderRoll": 15.406763529809602, "LShoulderPitch": 13.817408519569597, "RShoulderRoll": -25.533010517011974, "LElbowYaw": -90, "LAnklePitch": -31.29925134600046, "RHipRoll": 11.139259067732617, "RAnklePitch": -1.1597369190646702, "LHipPitch": -51.038422846446004, "LKneePitch": 86.23222886993808, "LHipRoll": -0.28014520311762975, "RHipPitch": -9.9305381700362, "LElbowRoll": -92.27383892729516, "RKneePitch": 11.841186480188242, "RElbowRoll": 20.02012210429976, "RElbowYaw": -52.072300450128886, "RShoulderPitch": 79.59864118174703}