{"LShoulderRoll": 13.690001422301526, "LShoulderPitch": 11.905162650769498, "RShoulderRoll": -25.454184278569407, "LElbowYaw": -90, "LAnklePitch": -31.007047722908062, "RHipRoll": 9.287005214635553, "RAnklePitch": -0.9622853612690392, "LHipPitch": -51.97519888052395, "LKneePitch": 86.93410556307596, "LHipRoll": -0.28309343646534146, "RHipPitch": -9.77694002811765, "LElbowRoll": -91.91178369658195, "RKneePitch": 10.988263639422115, "RElbowRoll": 20.41759779525478, "RElbowYaw": -51.779985838646844, "RShoulderPitch": 79.77079500290236}