{"LShoulderRoll": 12.968967041454247, "LShoulderPitch": 10.146554145837882, "RShoulderRoll": -25.594061092965763, "LElbowYaw": -90, "LAnklePitch": -31.056245806577984, "RHipRoll": 10.13841335659966, "RAnklePitch": -0.2781762061964912, "LHipPitch": -52.602598301748145, "LKneePitch": 87.77378801928853, "LHipRoll": -0.2905439549319407, "RHipPitch": -8.156242085474048, "LElbowRoll": -93.28453662397402, "RKneePitch": 8.734878895881707, "RElbowRoll": 20.05748594348762, "RElbowYaw": -51.875127986760916, "RShoulderPitch": 79.78451179426385}