{"LShoulderRoll": 12.391620533084373, "LShoulderPitch": 4.880544208931482, "RShoulderRoll": -25.683253713581788, "LElbowYaw": -90, "LAnklePitch": -32.126407533647004, "RHipRoll": 7.403220184944937, "RAnklePitch": -0.6193764711652534, "LHipPitch": -53.5529142198185, "LKneePitch": 89.81202789156525, "LHipRoll": -0.2982600217285358, "RHipPitch": -9.019745691921159, "LElbowRoll": -91.38808273681173, "RKneePitch": 9.625274617370565, "RElbowRoll": 18.26908582828736, "RElbowYaw": -52.30624869461878, "RShoulderPitch": 79.30686969425079}