{"LShoulderRoll": 12.867531779612785, "LShoulderPitch": 3.8740687530582676, "RShoulderRoll": -25.09399330760883, "LElbowYaw": -90, "LAnklePitch": -32.557925595718174, "RHipRoll": 5.27777376889355, "RAnklePitch": -0.667683015794637, "LHipPitch": -54.374283534004256, "LKneePitch": 90.89854657290611, "LHipRoll": -0.2921164247129225, "RHipPitch": -9.046253166178772, "LElbowRoll": -99.18800165264987, "RKneePitch": 9.87611822012866, "RElbowRoll": 17.247641190515196, "RElbowYaw": -52.07592514298025, "RShoulderPitch": 78.62365191602002}