{"supportLeg": "Legs", "angles": {"LShoulderRoll": 32.453575415369116, "LShoulderPitch": 79.87120416198614, "RShoulderRoll": -9.972540168469706, "LElbowYaw": -90, "LElbowRoll": -33.10667918756732, "RElbowRoll": 23.956695936598834, "RElbowYaw": 90, "RShoulderPitch": 81.95777079897702}}