{"LShoulderRoll": 13.028310932121872, "LShoulderPitch": 3.503752571847457, "RShoulderRoll": -24.848864945565477, "LElbowYaw": -90, "LAnklePitch": -30.764787171785848, "RHipRoll": 6.135249623733939, "RAnklePitch": -1.0038041108126663, "LHipPitch": -55.0757877350914, "LKneePitch": 89.66389336473492, "LHipRoll": -0.2855037712079001, "RHipPitch": -9.21157324529645, "LElbowRoll": -94.54087395324166, "RKneePitch": 10.266342576182126, "RElbowRoll": 17.343643544850636, "RElbowYaw": -51.36732002009005, "RShoulderPitch": 78.32131057938939}