{"LShoulderRoll": 13.554711611102606, "LShoulderPitch": 3.249385375418626, "RShoulderRoll": -24.394979140807397, "LElbowYaw": -90, "LAnklePitch": -30.46318520759968, "RHipRoll": 5.934699000885645, "RAnklePitch": -0.5283085812769599, "LHipPitch": -55.42952069979873, "LKneePitch": 89.46518389672629, "LHipRoll": -0.27705320069555867, "RHipPitch": -8.59836372321216, "LElbowRoll": -95.62346170015597, "RKneePitch": 9.326681272246702, "RElbowRoll": 17.557222889739535, "RElbowYaw": -50.547027262269935, "RShoulderPitch": 78.27391130315958}