{"LShoulderRoll": 14.532621189900416, "LShoulderPitch": 2.31406098916797, "RShoulderRoll": -24.16121891354842, "LElbowYaw": -90, "LAnklePitch": -28.679186786701436, "RHipRoll": 7.7595597294290055, "RAnklePitch": -1.0151428001790208, "LHipPitch": -56.053783824659185, "LKneePitch": 87.84530568309144, "LHipRoll": -0.25573017040086166, "RHipPitch": -8.839601362766487, "LElbowRoll": -96.45537087891012, "RKneePitch": 9.86917259141066, "RElbowRoll": 17.99828814295222, "RElbowYaw": -49.96474052049786, "RShoulderPitch": 78.16257249114592}