{"LShoulderRoll": 14.472507995177697, "LShoulderPitch": 0.8036255494943276, "RShoulderRoll": -24.186770782752795, "LElbowYaw": -90, "LAnklePitch": -28.552292308928784, "RHipRoll": 8.981655035119054, "RAnklePitch": -1.437638786689888, "LHipPitch": -56.54468426952757, "LKneePitch": 88.00591863022579, "LHipRoll": -0.2460566851875127, "RHipPitch": -9.068865642070193, "LElbowRoll": -94.716659272601, "RKneePitch": 10.485865721908965, "RElbowRoll": 17.659087177499146, "RElbowYaw": -49.83989669647448, "RShoulderPitch": 77.92369542279822}