{"LShoulderRoll": 14.124302453293136, "LShoulderPitch": 1.4211508926890133, "RShoulderRoll": -23.99121610736431, "LElbowYaw": -90, "LAnklePitch": -28.04030736532961, "RHipRoll": 9.860331767818808, "RAnklePitch": -1.8033156028818098, "LHipPitch": -57.07328715192709, "LKneePitch": 87.92989208227858, "LHipRoll": -0.2388017890285008, "RHipPitch": -9.138394605278904, "LElbowRoll": -93.94070106659936, "RKneePitch": 10.924306157796138, "RElbowRoll": 17.212561215669837, "RElbowYaw": -49.91995666493557, "RShoulderPitch": 77.82727004291255}