{"LShoulderRoll": 13.488799247497862, "LShoulderPitch": 2.0051688260337954, "RShoulderRoll": -24.177791455204105, "LElbowYaw": -90, "LAnklePitch": -27.919024475434682, "RHipRoll": 10.297950587490002, "RAnklePitch": -2.193123547925623, "LHipPitch": -57.263239480875676, "LKneePitch": 87.8793614841949, "LHipRoll": -0.23225847021621107, "RHipPitch": -9.38179947060722, "LElbowRoll": -92.71513144793857, "RKneePitch": 11.572205340559947, "RElbowRoll": 17.17934696194243, "RElbowYaw": -49.96678285330245, "RShoulderPitch": 77.82272765672451}