{"LShoulderRoll": 12.804889873763173, "LShoulderPitch": 2.4953059653751524, "RShoulderRoll": -24.235789804113217, "LElbowYaw": -90, "LAnklePitch": -27.990265907781698, "RHipRoll": 10.174459832261801, "RAnklePitch": -2.2736128108939795, "LHipPitch": -57.339432153872494, "LKneePitch": 87.95754058697317, "LHipRoll": -0.2284271605489993, "RHipPitch": -9.238896531091044, "LElbowRoll": -92.38232649798847, "RKneePitch": 11.495941481190926, "RElbowRoll": 16.687578434532753, "RElbowYaw": -50.03483641875587, "RShoulderPitch": 77.62322335322929}