{"LShoulderRoll": 12.347075450249132, "LShoulderPitch": 2.650781838310621, "RShoulderRoll": -24.28644318231589, "LElbowYaw": -90, "LAnklePitch": -28.19900446944812, "RHipRoll": 10.747663062926046, "RAnklePitch": -2.4472012564726953, "LHipPitch": -57.3067745148883, "LKneePitch": 88.16656145878724, "LHipRoll": -0.2308196716020575, "RHipPitch": -9.139866385053239, "LElbowRoll": -89.45862834735615, "RKneePitch": 11.597087054233526, "RElbowRoll": 16.890369205639303, "RElbowYaw": -50.2769698297654, "RShoulderPitch": 77.83403314672708}