{"LShoulderRoll": 12.059832465818332, "LShoulderPitch": 2.825129604944351, "RShoulderRoll": -24.491963396891407, "LElbowYaw": -90, "LAnklePitch": -28.01546770757509, "RHipRoll": 10.741820161901023, "RAnklePitch": -2.5341275720045786, "LHipPitch": -57.19478658235219, "LKneePitch": 87.84040912041576, "LHipRoll": -0.2283298639299741, "RHipPitch": -9.22704858408693, "LElbowRoll": -92.64324100778092, "RKneePitch": 11.776286667116636, "RElbowRoll": 17.03659170914122, "RElbowYaw": -50.39099204071054, "RShoulderPitch": 77.96404058308383}