{"LShoulderRoll": 11.29297608182958, "LShoulderPitch": 2.5710667433776564, "RShoulderRoll": -24.448048338688505, "LElbowYaw": -90, "LAnklePitch": -27.939112633414545, "RHipRoll": 10.630413807905994, "RAnklePitch": -2.446315195425001, "LHipPitch": -57.12353387631537, "LKneePitch": 87.69018277565046, "LHipRoll": -0.22821783772836682, "RHipPitch": -9.171687046871526, "LElbowRoll": -95.90803896467172, "RKneePitch": 11.617432457600017, "RElbowRoll": 17.025660761325298, "RElbowYaw": -50.39282852684567, "RShoulderPitch": 77.96970442560036}