{"supportLeg": "Legs", "angles": {"LShoulderRoll": 33.57436882085358, "LShoulderPitch": 80.68588899598205, "RShoulderRoll": -12.320823170113409, "LElbowYaw": -90, "LElbowRoll": -29.38696853775764, "RElbowRoll": 20.997987885861164, "RElbowYaw": 4.125743415750577, "RShoulderPitch": 79.18424119274069}}