{"LShoulderRoll": 11.163973041407825, "LShoulderPitch": 2.6726379202567045, "RShoulderRoll": -24.548052564120155, "LElbowYaw": -90, "LAnklePitch": -27.71970260037682, "RHipRoll": 11.213552890339269, "RAnklePitch": -3.1188087272730343, "LHipPitch": -57.03581513342878, "LKneePitch": 87.3429074526693, "LHipRoll": -0.22380829332899196, "RHipPitch": -10.200679866424935, "LElbowRoll": -94.1390999845922, "RKneePitch": 13.378890255011953, "RElbowRoll": 17.449855781847532, "RElbowYaw": -50.55595805543515, "RShoulderPitch": 78.2343270050276}