{"LShoulderRoll": 12.807109603886662, "LShoulderPitch": 5.825115514617153, "RShoulderRoll": -25.027794495822977, "LElbowYaw": -90, "LAnklePitch": -27.17732597789405, "RHipRoll": 9.609553799323045, "RAnklePitch": -2.4248777452451975, "LHipPitch": -57.33991199778809, "LKneePitch": 87.06442240153471, "LHipRoll": -0.22365022717086577, "RHipPitch": -9.429498433559147, "LElbowRoll": -99.81789991622591, "RKneePitch": 11.829161820672084, "RElbowRoll": 17.95601797853419, "RElbowYaw": -50.912714453280415, "RShoulderPitch": 78.52831018228596}