{"LShoulderRoll": 13.06453851083725, "LShoulderPitch": 5.15952498324171, "RShoulderRoll": -24.903371972884816, "LElbowYaw": -90, "LAnklePitch": -26.35289370889921, "RHipRoll": 9.592789478755414, "RAnklePitch": -2.3855065542317533, "LHipPitch": -57.65262774719883, "LKneePitch": 86.55322001912181, "LHipRoll": -0.22480433701777253, "RHipPitch": -9.472778487310435, "LElbowRoll": -96.0762148313621, "RKneePitch": 11.831306948455278, "RElbowRoll": 17.70060848363798, "RElbowYaw": -51.03253847635614, "RShoulderPitch": 78.50397186928653}