{"LShoulderRoll": 13.927402785911308, "LShoulderPitch": 6.0685092511363905, "RShoulderRoll": -24.92135798250563, "LElbowYaw": -90, "LAnklePitch": -23.148076951331106, "RHipRoll": 10.974394303311827, "RAnklePitch": -2.976469174492081, "LHipPitch": -58.00694241844681, "LKneePitch": 83.7811517741727, "LHipRoll": -0.22365477188639218, "RHipPitch": -10.249286985869844, "LElbowRoll": -96.55579305679566, "RKneePitch": 13.284419438544035, "RElbowRoll": 17.640218069351448, "RElbowYaw": -51.153901314049634, "RShoulderPitch": 78.50557737949579}