{"LShoulderRoll": 14.71048329116306, "LShoulderPitch": 7.117357619865004, "RShoulderRoll": -24.976588203053836, "LElbowYaw": -90, "LAnklePitch": -21.03651468866805, "RHipRoll": 10.073237170008476, "RAnklePitch": -2.1415577887911184, "LHipPitch": -55.37384454952902, "LKneePitch": 79.11632567054494, "LHipRoll": -0.22126382719673945, "RHipPitch": -9.412842853712519, "LElbowRoll": -97.80445878544123, "RKneePitch": 11.541211796578352, "RElbowRoll": 17.857546199508334, "RElbowYaw": -50.97967844856994, "RShoulderPitch": 78.44140327636909}