{"LShoulderRoll": 15.425101917769904, "LShoulderPitch": 8.880820658768329, "RShoulderRoll": -24.95165576672048, "LElbowYaw": -90, "LAnklePitch": -8.917201628024898, "RHipRoll": 10.64432909121707, "RAnklePitch": -1.6821525325521947, "LHipPitch": -48.70390801700325, "LKneePitch": 59.61030395454178, "LHipRoll": -0.19553001951789464, "RHipPitch": -8.703917051430196, "LElbowRoll": -99.37770798139901, "RKneePitch": 10.395938659003917, "RElbowRoll": 18.13164836859835, "RElbowYaw": -50.807325341160286, "RShoulderPitch": 78.40907396611382}