{"LShoulderRoll": 16.778370180705128, "LShoulderPitch": 10.003065408513422, "RShoulderRoll": -24.919881614644602, "LElbowYaw": -90, "LAnklePitch": -14.483833288971837, "RHipRoll": 9.359728950468437, "RAnklePitch": -1.071590974412274, "LHipPitch": -48.82720592013508, "LKneePitch": 65.09689982791431, "LHipRoll": -0.19723837739721242, "RHipPitch": -8.318305971178717, "LElbowRoll": -100.54356450126123, "RKneePitch": 9.371219313508561, "RElbowRoll": 18.25084792777443, "RElbowYaw": -51.032830228493, "RShoulderPitch": 78.43195455424802}