{"LShoulderRoll": 17.99265960420915, "LShoulderPitch": 12.080828512095493, "RShoulderRoll": -25.18581871741667, "LElbowYaw": -90, "LAnklePitch": -13.838886104104262, "RHipRoll": 5.607110298335846, "RAnklePitch": -0.5434896872390311, "LHipPitch": -47.79075536706946, "LKneePitch": 63.12016055492859, "LHipRoll": -0.19393783863471764, "RHipPitch": -9.563806371524919, "LElbowRoll": -97.85825925213199, "RKneePitch": 10.272718297105854, "RElbowRoll": 18.459545120669134, "RElbowYaw": -50.947969654119674, "RShoulderPitch": 78.30781017208895}