{"LShoulderRoll": 19.757819225450017, "LShoulderPitch": 15.783812679172726, "RShoulderRoll": -25.079076769495497, "LElbowYaw": -90, "LAnklePitch": -10.544314672079366, "RHipRoll": 6.494197663967485, "RAnklePitch": -0.37007812348565494, "LHipPitch": -42.56733457802456, "LKneePitch": 54.122984501752356, "LHipRoll": -0.19143900657303306, "RHipPitch": -7.18348035707352, "LElbowRoll": -99.81648657036253, "RKneePitch": 6.983855525230865, "RElbowRoll": 18.711440840882034, "RElbowYaw": -50.61038362103513, "RShoulderPitch": 78.22378359454642}