{"LShoulderRoll": 20.434494719060492, "LShoulderPitch": 21.179458951682335, "RShoulderRoll": -24.903956224740966, "LElbowYaw": -90, "LAnklePitch": -11.22019973417666, "RHipRoll": 6.008418430239778, "RAnklePitch": -0.36947293552263716, "LHipPitch": -39.602808692979806, "LKneePitch": 51.52011093071263, "LHipRoll": -0.1989994526692765, "RHipPitch": -7.002455402709558, "LElbowRoll": -96.0594388146223, "RKneePitch": 6.894870976585935, "RElbowRoll": 18.69620176018165, "RElbowYaw": -49.88976198096782, "RShoulderPitch": 77.80010454869294}