{"supportLeg": "Legs", "angles": {"LShoulderRoll": 34.46266336071472, "LShoulderPitch": 80.95179862179073, "RShoulderRoll": -13.530447921151076, "LElbowYaw": -90, "LElbowRoll": -27.75486263123946, "RElbowRoll": 21.60789692041058, "RElbowYaw": 4.662032378291869, "RShoulderPitch": 77.93305861841719}}