{"LShoulderRoll": 20.118880143192257, "LShoulderPitch": 22.663420754324306, "RShoulderRoll": -24.38281430768798, "LElbowYaw": 0, "LAnklePitch": -10.305674364040101, "RHipRoll": 6.602093191598381, "RAnklePitch": -0.16340334715228266, "LHipPitch": -35.53483860740836, "LKneePitch": 46.35626197751202, "LHipRoll": -0.2204540885149237, "RHipPitch": -6.6177043533269995, "LElbowRoll": -92.17163168808926, "RKneePitch": 6.637866918365745, "RElbowRoll": 18.93786251662138, "RElbowYaw": -49.54972669863313, "RShoulderPitch": 77.8327575751334}