{"LShoulderRoll": 21.1385918876765, "LShoulderPitch": 23.046196249715365, "RShoulderRoll": -23.829893832530676, "LElbowYaw": 0, "LAnklePitch": -9.071745797753877, "RHipRoll": 7.732542177694106, "RAnklePitch": -0.20643706671590678, "LHipPitch": -26.382618663489616, "LKneePitch": 35.747319054561416, "LHipRoll": -0.2950575173709423, "RHipPitch": -6.2814346129948575, "LElbowRoll": -80.01271207640454, "RKneePitch": 6.656671758051431, "RElbowRoll": 18.83900628251851, "RElbowYaw": -49.60670161869972, "RShoulderPitch": 77.90093095113114}