{"LShoulderRoll": 24.266692145223455, "LShoulderPitch": 27.527375878611863, "RShoulderRoll": -24.18836272681357, "LElbowYaw": 0, "LAnklePitch": -7.450707980315059, "RHipRoll": 7.998630197223456, "RAnklePitch": -0.31500941910296376, "LHipPitch": -23.183778424460186, "LKneePitch": 30.84918872735065, "LHipRoll": -0.3255580387306854, "RHipPitch": -6.100611117226336, "LElbowRoll": -81.45079290776258, "RKneePitch": 6.583655633687101, "RElbowRoll": 18.543410113046747, "RElbowYaw": -49.625193732842995, "RShoulderPitch": 77.69513275436636}