{"LShoulderRoll": 26.875415341692108, "LShoulderPitch": 26.622048200588694, "RShoulderRoll": -24.25068855831518, "LElbowYaw": 0, "LAnklePitch": -6.04583250435563, "RHipRoll": 8.230192034238911, "RAnklePitch": -0.398017711181339, "LHipPitch": -20.27374786671585, "LKneePitch": 26.63920084795612, "LHipRoll": -0.37166158732998533, "RHipPitch": -5.680259142237304, "LElbowRoll": -74.87134708185869, "RKneePitch": 6.240157412694657, "RElbowRoll": 18.095850171209065, "RElbowYaw": -49.786912964093375, "RShoulderPitch": 77.58498187066037}