{"LShoulderRoll": 20.195668082373118, "LShoulderPitch": 35.09718385986404, "RShoulderRoll": -23.850272459116823, "LElbowYaw": -113.15243540072123, "LAnklePitch": -4.8544723554425815, "RHipRoll": 7.701895371587852, "RAnklePitch": -0.2837868202913967, "LHipPitch": -16.626272778844267, "LKneePitch": 21.67662770690464, "LHipRoll": -0.36877664972027707, "RHipPitch": -4.992723077623481, "LElbowRoll": -56.46598253667136, "RKneePitch": 5.6183815415933225, "RElbowRoll": 17.469190958030623, "RElbowYaw": -49.99809907647385, "RShoulderPitch": 77.51338555919256}