{"LShoulderRoll": 21.315129252996318, "LShoulderPitch": 41.31483597565252, "RShoulderRoll": -22.993009339898517, "LElbowYaw": -125.11154201196794, "LAnklePitch": -4.6089987067854, "RHipRoll": 7.575509354904169, "RAnklePitch": -0.2416430173061883, "LHipPitch": -13.894681631902372, "LKneePitch": 18.602235310004573, "LHipRoll": -0.3790228082625505, "RHipPitch": -4.548963330984478, "LElbowRoll": -58.65049080323175, "RKneePitch": 5.176701719691806, "RElbowRoll": 16.97718481898582, "RElbowYaw": -49.78889843872672, "RShoulderPitch": 77.21903790676203}