{"LShoulderRoll": 42.63863670045031, "LShoulderPitch": 59.72522841644276, "RShoulderRoll": -22.255812352685105, "LElbowYaw": -90, "LAnklePitch": -4.047841408588681, "RHipRoll": 7.396952613555279, "RAnklePitch": -0.2803586528720956, "LHipPitch": -11.036293028726902, "LKneePitch": 15.210718836358325, "LHipRoll": -0.22286462479548416, "RHipPitch": -4.212946898203526, "LElbowRoll": -49.878776449947736, "RKneePitch": 4.776918598685569, "RElbowRoll": 17.55151101271082, "RElbowYaw": -49.566559575273295, "RShoulderPitch": 77.59279215727241}