{"LShoulderRoll": 39.80706931106486, "LShoulderPitch": 58.62217907131911, "RShoulderRoll": -21.54288826374098, "LElbowYaw": -90, "LAnklePitch": -2.6470733476380417, "RHipRoll": 7.200654559406144, "RAnklePitch": -0.22505199194841907, "LHipPitch": -8.82378193394672, "LKneePitch": 11.69393675766679, "LHipRoll": -0.21474724078134863, "RHipPitch": -3.902480737380685, "LElbowRoll": -44.529329767931785, "RKneePitch": 4.383741812937217, "RElbowRoll": 17.920011326122335, "RElbowYaw": -49.894706243707475, "RShoulderPitch": 78.05056943250466}