{"LShoulderRoll": 43.954363827733836, "LShoulderPitch": 61.50230064448826, "RShoulderRoll": -21.33295541831439, "LElbowYaw": 0, "LAnklePitch": -1.0505365173906824, "RHipRoll": 6.402850844458802, "RAnklePitch": -0.1923125497985012, "LHipPitch": -6.276655865191373, "LKneePitch": 7.6172950536441135, "LHipRoll": -0.18446499531787064, "RHipPitch": -3.41077625719457, "LElbowRoll": -40.85068507696499, "RKneePitch": 3.8313986473250736, "RElbowRoll": 18.379074630789518, "RElbowYaw": -50.69428081617527, "RShoulderPitch": 78.8663406337237}