{"LShoulderRoll": 28.67822737702405, "LShoulderPitch": 67.12204281701251, "RShoulderRoll": -21.295496164248114, "LElbowYaw": 0, "LAnklePitch": -0.006376682013325308, "RHipRoll": 5.091697551366334, "RAnklePitch": -0.15423076879956454, "LHipPitch": -4.628306850831521, "LKneePitch": 4.787109513892062, "LHipRoll": -0.1439331503956673, "RHipPitch": -2.998576332296011, "LElbowRoll": -30.776759706064894, "RKneePitch": 3.1846889985270366, "RElbowRoll": 18.805866270931432, "RElbowYaw": -52.473505071927434, "RShoulderPitch": 79.99652231138789}