{"supportLeg": "Legs", "angles": {"LShoulderRoll": 34.22819399090691, "LShoulderPitch": 77.07979204522181, "RShoulderRoll": -12.302486795666912, "LElbowYaw": -90, "LElbowRoll": -33.07779837767683, "RElbowRoll": 21.516307086231677, "RElbowYaw": 1.156688986019887, "RShoulderPitch": 80.02486384597823}}