{"LShoulderRoll": 19.880952228333772, "LShoulderPitch": 78.53673297133818, "RShoulderRoll": -22.39102429653282, "LElbowYaw": -45.91869777122035, "LAnklePitch": -2.2298753865242844, "RHipRoll": 4.737957872221012, "RAnklePitch": -0.6149533371479237, "LHipPitch": -2.156647559834255, "LKneePitch": 0.15987188283733644, "LHipRoll": -0.09159168611144079, "RHipPitch": -2.0845198062790615, "LElbowRoll": -21.412716492039493, "RKneePitch": 1.492842626461936, "RElbowRoll": 18.52454598426877, "RElbowYaw": -53.62520354298912, "RShoulderPitch": 80.56032231891375}