{"LShoulderRoll": 17.914417191032605, "LShoulderPitch": 85.53793225565416, "RShoulderRoll": -24.096353447873064, "LElbowYaw": -90, "LAnklePitch": -3.66610889912009, "RHipRoll": 2.047424690529087, "RAnklePitch": -1.054030073689404, "LHipPitch": -1.0388907330704313, "LKneePitch": 4.891394022076781, "LHipRoll": -0.005754017996429516, "RHipPitch": -0.9066814269532273, "LElbowRoll": -12.3119987945243, "RKneePitch": 0.15729001467374815, "RElbowRoll": 14.504054532274097, "RElbowYaw": 90, "RShoulderPitch": 81.15609809760831}