{"LShoulderRoll": 18.41223664410928, "LShoulderPitch": 90.6892341847413, "RShoulderRoll": -27.463115630342767, "LElbowYaw": -90, "LAnklePitch": -3.7820267574850988, "RHipRoll": -0.16365520883063003, "RAnklePitch": -0.1960580177987623, "LHipPitch": -2.314854191830449, "LKneePitch": 6.501891562351631, "LHipRoll": 0.0488489495995598, "RHipPitch": -0.5183748029667612, "LElbowRoll": -14.46188545533471, "RKneePitch": 0.3464231816334973, "RElbowRoll": 13.055634870997864, "RElbowYaw": 90, "RShoulderPitch": 83.17119679292821}