{"LShoulderRoll": 17.31365397592911, "LShoulderPitch": 93.02459718312457, "RShoulderRoll": -28.903649194365634, "LElbowYaw": -90, "LAnklePitch": -2.936703269057091, "RHipRoll": -2.5238362729184947, "RAnklePitch": -0.5111651087733691, "LHipPitch": -2.8829892308100113, "LKneePitch": 6.04051604581818, "LHipRoll": 0.0715987386661314, "RHipPitch": -0.413327498025609, "LElbowRoll": -16.407837608042257, "RKneePitch": 0.5976498878187613, "RElbowRoll": 11.178969876583778, "RElbowYaw": 90, "RShoulderPitch": 84.43305078755394}