{"LShoulderRoll": 15.337707803288591, "LShoulderPitch": 94.89086656287519, "RShoulderRoll": -29.56832284986562, "LElbowYaw": -90, "LAnklePitch": -0.38845651507332946, "RHipRoll": -4.112808555238347, "RAnklePitch": -3.1265769329814788, "LHipPitch": -2.330688335663339, "LKneePitch": 2.9877303783968046, "LHipRoll": 0.09219327936665374, "RHipPitch": -0.02755577933125153, "LElbowRoll": -17.70751257584297, "RKneePitch": 3.1027253763849103, "RElbowRoll": 8.779069194309557, "RElbowYaw": 90, "RShoulderPitch": 84.86352388320631}