{"LShoulderRoll": 15.166252024079368, "LShoulderPitch": 94.85001398487321, "RShoulderRoll": -29.191280795978617, "LElbowYaw": -90, "LAnklePitch": -2.5536795051879153, "RHipRoll": -7.568369835277232, "RAnklePitch": -9.956156528686918, "LHipPitch": -1.6614155222219296, "LKneePitch": 1.564541396305998, "LHipRoll": 0.08638033226604364, "RHipPitch": -5.290416396164076, "LElbowRoll": -15.947547481048275, "RKneePitch": 15.298886405849998, "RElbowRoll": 8.721106146448818, "RElbowYaw": 90, "RShoulderPitch": 83.31619577517463}