{"LShoulderRoll": 14.017430843781888, "LShoulderPitch": 94.78297792276884, "RShoulderRoll": -28.927655481716275, "LElbowYaw": -90, "LAnklePitch": -4.575479808666145, "RHipRoll": -15.356895963612956, "RAnklePitch": -12.666060075932705, "LHipPitch": -1.8871402841536025, "LKneePitch": 3.73002445715332, "LHipRoll": 0.09038827765360803, "RHipPitch": -12.696360157783616, "LElbowRoll": -17.202174834224394, "RKneePitch": 25.41076342022859, "RElbowRoll": 10.06648247474601, "RElbowYaw": 90, "RShoulderPitch": 82.73227742112852}