{"LShoulderRoll": 14.061563785343235, "LShoulderPitch": 93.05676909294203, "RShoulderRoll": -28.222536735755842, "LElbowYaw": -90, "LAnklePitch": -5.6525701420729035, "RHipRoll": -14.286952682000958, "RAnklePitch": -8.575261029300236, "LHipPitch": -2.5432472152156578, "LKneePitch": 4.255207438583227, "LHipRoll": 0.08892542751915439, "RHipPitch": -15.34469999393663, "LElbowRoll": -16.48392668197158, "RKneePitch": 24.05132728763789, "RElbowRoll": 11.141310762503025, "RElbowYaw": 90, "RShoulderPitch": 83.2259123386908}