{"LShoulderRoll": 13.0133233598368, "LShoulderPitch": 92.21324897599047, "RShoulderRoll": -27.09349055677071, "LElbowYaw": -90, "LAnklePitch": -7.1822446309762, "RHipRoll": -15.573936284077602, "RAnklePitch": -3.1166761656999853, "LHipPitch": -4.26648234632448, "LKneePitch": 4.0158076252399155, "LHipRoll": 0.08830273313141376, "RHipPitch": -18.881071321566267, "LElbowRoll": -22.212664030513565, "RKneePitch": 15.980029238435804, "RElbowRoll": 12.025401758893508, "RElbowYaw": 90, "RShoulderPitch": 84.94757885640054}