{"LShoulderRoll": 13.503913468199086, "LShoulderPitch": 90.52657858987484, "RShoulderRoll": -25.830658345037026, "LElbowYaw": -90, "LAnklePitch": -9.108945602500725, "RHipRoll": -17.200531546746753, "RAnklePitch": -13.74908977410584, "LHipPitch": -6.666466704473862, "LKneePitch": 3.258854353851632, "LHipRoll": 0.07183612101626627, "RHipPitch": -19.288498633803414, "LElbowRoll": -23.38583753887187, "RKneePitch": 6.154670361566531, "RElbowRoll": 14.659987607719984, "RElbowYaw": 90, "RShoulderPitch": 87.62676426998101}