{"supportLeg": "Legs", "angles": {"LShoulderRoll": 24.84526696738936, "LShoulderPitch": 82.9375551739264, "RShoulderRoll": -21.7975223882258, "LElbowYaw": -19.365806229080754, "LElbowRoll": -35.75001055276309, "RElbowRoll": 23.834754372137468, "RElbowYaw": 90, "RShoulderPitch": 87.95088826377132}}