{"LShoulderRoll": 38.98286729077971, "LShoulderPitch": 102.31890182525156, "RShoulderRoll": -14.879449181557, "LElbowYaw": -90, "LAnklePitch": -3.2476808230131553, "RHipRoll": -5.187780979763695, "RAnklePitch": -9.644325942328749, "LHipPitch": -6.168908402768167, "LKneePitch": 7.523101777898404, "LHipRoll": -0.22435835701834525, "RHipPitch": -0.9415819007356987, "LElbowRoll": -32.47579496086104, "RKneePitch": 8.696756258318118, "RElbowRoll": 20.47994765049569, "RElbowYaw": 90, "RShoulderPitch": 97.86711768123916}