{"LShoulderRoll": 15.95253193897963, "LShoulderPitch": 89.32013130406092, "RShoulderRoll": -23.442479500974756, "LElbowYaw": -64.01029693775243, "LAnklePitch": -11.949708586550173, "RHipRoll": -17.33487571815606, "RAnklePitch": -19.218545178734587, "LHipPitch": -9.514280725338324, "LKneePitch": 3.2475710704872256, "LHipRoll": 0.02023910409086173, "RHipPitch": -18.256038914409572, "LElbowRoll": -25.917770833305497, "RKneePitch": 4.384356960485718, "RElbowRoll": 15.219048046543037, "RElbowYaw": 90, "RShoulderPitch": 89.06657612431111}