{"LShoulderRoll": 15.20358357562901, "LShoulderPitch": 86.66846979903983, "RShoulderRoll": -22.37512588814283, "LElbowYaw": -58.46243989776063, "LAnklePitch": -17.27595764281054, "RHipRoll": -12.447785001256094, "RAnklePitch": -16.964911998710107, "LHipPitch": -11.476870641730017, "LKneePitch": 6.190403320084897, "LHipRoll": -0.060386719096014445, "RHipPitch": -15.57837567262851, "LElbowRoll": -26.847847997257418, "RKneePitch": 4.885835682293617, "RElbowRoll": 15.363522897221145, "RElbowYaw": 90, "RShoulderPitch": 91.14857758833871}