{"LShoulderRoll": 17.33836213354062, "LShoulderPitch": 85.78029041571047, "RShoulderRoll": -20.755130028695362, "LElbowYaw": -59.858141423262246, "LAnklePitch": -22.145273383600923, "RHipRoll": -2.314246448478466, "RAnklePitch": -14.771874132246822, "LHipPitch": -10.476302611186526, "LKneePitch": 11.818147914325806, "LHipRoll": -0.1476543158396889, "RHipPitch": -13.33081127916003, "LElbowRoll": -25.238592861197986, "RKneePitch": 4.272279334891692, "RElbowRoll": 14.969065256934385, "RElbowYaw": 90, "RShoulderPitch": 92.43037581358989}