{"LShoulderRoll": 18.38930977041717, "LShoulderPitch": 84.1224942032151, "RShoulderRoll": -16.22045460410135, "LElbowYaw": -56.861556042813824, "LAnklePitch": -28.63417283307365, "RHipRoll": 3.1866815247848046, "RAnklePitch": -12.260176608005054, "LHipPitch": -2.1511788611269793, "LKneePitch": 26.37169033708136, "LHipRoll": -0.2964974662243927, "RHipPitch": -10.212315982826212, "LElbowRoll": -26.126439100787906, "RKneePitch": 5.893715160085861, "RElbowRoll": 21.349235668855556, "RElbowYaw": 90, "RShoulderPitch": 95.61946585123573}