{"LShoulderRoll": 20.584844275573197, "LShoulderPitch": 79.91625237953065, "RShoulderRoll": -18.301550939151593, "LElbowYaw": -54.320842062965156, "LAnklePitch": -30.49837416689413, "RHipRoll": 10.719996186666092, "RAnklePitch": -9.397549728068498, "LHipPitch": -7.436722234891249, "LKneePitch": 37.893940838210085, "LHipRoll": -0.245693495235995, "RHipPitch": -7.077467540792952, "LElbowRoll": -24.832139115867562, "RKneePitch": 4.8284958242102505, "RElbowRoll": 25.88413485767785, "RElbowYaw": 90, "RShoulderPitch": 97.07876663051394}