{"LShoulderRoll": 22.636867527156852, "LShoulderPitch": 75.44575333567091, "RShoulderRoll": -18.56998564250557, "LElbowYaw": -46.475896855672005, "LAnklePitch": -21.24619833452043, "RHipRoll": 4.7081216452974655, "RAnklePitch": -5.654910869957533, "LHipPitch": -15.867061068430147, "LKneePitch": 37.544605987433044, "LHipRoll": -0.25380842179867413, "RHipPitch": -5.178760158271103, "LElbowRoll": -29.2779296225051, "RKneePitch": 18.431951347606145, "RElbowRoll": 32.40767329064522, "RElbowYaw": -73.53107310226662, "RShoulderPitch": 97.77246656498855}