{"LShoulderRoll": 26.92038000080808, "LShoulderPitch": 72.67110027808903, "RShoulderRoll": -18.100686842284023, "LElbowYaw": 0, "LAnklePitch": -10.23647158240459, "RHipRoll": -1.9600201231236778, "RAnklePitch": -7.737421694180071, "LHipPitch": -17.242433580924, "LKneePitch": 37.785566903218296, "LHipRoll": 0.12286952879592934, "RHipPitch": -0.5964372771176727, "LElbowRoll": -38.205416614784156, "RKneePitch": 21.625126456292236, "RElbowRoll": 40.636370829020564, "RElbowYaw": -69.10716493923483, "RShoulderPitch": 99.96937278252153}