{"LShoulderRoll": 27.248211112661735, "LShoulderPitch": 70.14195047415676, "RShoulderRoll": -21.799804198677325, "LElbowYaw": 0, "LAnklePitch": -9.006883935207782, "RHipRoll": 37.333208256780864, "RAnklePitch": -6.535813893765834, "LHipPitch": -19.851389139803658, "LKneePitch": 27.567952253870686, "LHipRoll": 0.4156489138723154, "RHipPitch": -1.4032111660400375, "LElbowRoll": -41.4645310180498, "RKneePitch": 8.965298753797612, "RElbowRoll": 40.8929844817184, "RElbowYaw": -65.41061838352815, "RShoulderPitch": 99.1531614938732}