{"LShoulderRoll": 25.85718215307105, "LShoulderPitch": 66.41051348113841, "RShoulderRoll": -19.976951602324704, "LElbowYaw": 0, "LAnklePitch": -14.029675470731206, "RHipRoll": 40.92439291373376, "RAnklePitch": -23.240449399971226, "LHipPitch": -22.28466244430551, "LKneePitch": 33.44563742978153, "LHipRoll": 0.6743789470094441, "RHipPitch": -13.0492265787464, "LElbowRoll": -49.30057751053988, "RKneePitch": 37.36541596172279, "RElbowRoll": 43.21658967520639, "RElbowYaw": -60.623406284222256, "RShoulderPitch": 97.61384285123584}