{"LShoulderRoll": 30.243856249245802, "LShoulderPitch": 69.0161301726569, "RShoulderRoll": -15.600008410267508, "LElbowYaw": 0, "LAnklePitch": -31.123038163735984, "RHipRoll": 6.607268096578266, "RAnklePitch": -29.056483111737805, "LHipPitch": -7.13472218428528, "LKneePitch": 24.496052189357556, "LHipRoll": 0.4321241799264933, "RHipPitch": -13.250654450026914, "LElbowRoll": -71.8816928501248, "RKneePitch": 48.7460261837885, "RElbowRoll": 45.87610127281624, "RElbowYaw": -70.67792114150689, "RShoulderPitch": 102.69934040931294}