{"LShoulderRoll": 35.97435810581131, "LShoulderPitch": 99.51130052854815, "RShoulderRoll": -11.406329008251232, "LElbowYaw": -90, "LAnklePitch": -7.79961308247367, "RHipRoll": -3.4186644889060562, "RAnklePitch": -7.345694596081458, "LHipPitch": -5.801102145480158, "LKneePitch": 5.456850635014433, "LHipRoll": -0.22362510993633353, "RHipPitch": -0.4348227269017997, "LElbowRoll": -26.289836027729336, "RKneePitch": 6.952964116882697, "RElbowRoll": 20.211209320250333, "RElbowYaw": 90, "RShoulderPitch": 95.41186466329933}