{"LShoulderRoll": 18.15727371064263, "LShoulderPitch": 57.45367071234019, "RShoulderRoll": -11.801667605721143, "LElbowYaw": 0, "LAnklePitch": -20.314333849074885, "RHipRoll": 7.114222063600602, "RAnklePitch": -39.02062498457652, "LHipPitch": -15.25903929435593, "LKneePitch": 10.6222461857123, "LHipRoll": 0.9413133887262525, "RHipPitch": -9.526393065551204, "LElbowRoll": -53.446175517671634, "RKneePitch": 54.95774308102676, "RElbowRoll": 48.401988667054155, "RElbowYaw": -69.1110284673123, "RShoulderPitch": 103.76871407983118}