{"LShoulderRoll": 23.557541017865788, "LShoulderPitch": 58.65500190053133, "RShoulderRoll": -36.48448934795266, "LElbowYaw": 0, "LAnklePitch": -43.23361127426666, "RHipRoll": 24.778864279131785, "RAnklePitch": -19.25212172016427, "LHipPitch": -21.283440104706926, "LKneePitch": 74.40352136604399, "LHipRoll": 0.7811714070241125, "RHipPitch": -17.61330388895172, "LElbowRoll": -98.87248070832892, "RKneePitch": 1.6249148891505456, "RElbowRoll": 59.00440064457128, "RElbowYaw": 90, "RShoulderPitch": 140.4938310446687}