{"LShoulderRoll": 0.29280140658683546, "LShoulderPitch": 46.738414231001045, "RShoulderRoll": -36.4843399280961, "LElbowYaw": 0, "LAnklePitch": -39.37325248843813, "RHipRoll": 40.638284414532635, "RAnklePitch": -15.741698801903866, "LHipPitch": -23.642864916375743, "LKneePitch": 68.30294912526992, "LHipRoll": 0.6357799913911634, "RHipPitch": -14.046868283809815, "LElbowRoll": -102.00037541973502, "RKneePitch": 1.661901219434185, "RElbowRoll": 59.00443364373372, "RElbowYaw": 90, "RShoulderPitch": 140.49399277448907}