{"LShoulderRoll": -1.516724036438041, "LShoulderPitch": -36.03764108588204, "RShoulderRoll": -36.48220474878892, "LElbowYaw": -15.80606550257145, "LAnklePitch": -42.40269490374189, "RHipRoll": 36.755825909150204, "RAnklePitch": -90.92011421223067, "LHipPitch": -25.68090318414353, "LKneePitch": 77.14349598324222, "LHipRoll": 0.7469805399817129, "RHipPitch": -10.18256100880508, "LElbowRoll": -2.119033817875703, "RKneePitch": 121, "RElbowRoll": 59.005113243952266, "RElbowYaw": 90, "RShoulderPitch": 140.49618727412349}