{"LShoulderRoll": -8.836222588476474, "LShoulderPitch": -44.54869959343353, "RShoulderRoll": -36.48061380877038, "LElbowYaw": 0, "LAnklePitch": -16.872940769256786, "RHipRoll": 61.043780147117275, "RAnklePitch": -105.6919099146735, "LHipPitch": -40.54937289562719, "LKneePitch": 60.05055719122029, "LHipRoll": 0.4936969530826204, "RHipPitch": -13.56127442141343, "LElbowRoll": -0.9887774359467301, "RKneePitch": 121, "RElbowRoll": 59.00562568059162, "RElbowYaw": 90, "RShoulderPitch": 140.4978299668774}