{"LShoulderRoll": 4.601997555242466, "LShoulderPitch": -53.38141402246643, "RShoulderRoll": -36.479612586420686, "LElbowYaw": 17.896087973618343, "LAnklePitch": -7.246941173051255, "RHipRoll": 44.022771209968056, "RAnklePitch": -10.995836065478287, "LHipPitch": -5.266792606386588, "LKneePitch": 1.7234998239188997, "LHipRoll": 0.8112794346803153, "RHipPitch": -8.794541389202735, "LElbowRoll": -1.132636193137074, "RKneePitch": 120.70477850108671, "RElbowRoll": 59.00594384830633, "RElbowYaw": 90, "RShoulderPitch": 140.4988488575754}