{"LShoulderRoll": -22.434873765022726, "LShoulderPitch": -72.03995559384265, "RShoulderRoll": -36.47898264284397, "LElbowYaw": -90, "LAnklePitch": -49.69603369003466, "RHipRoll": 40.671215268351695, "RAnklePitch": -7.793808044751202, "LHipPitch": -21.737759283039836, "LKneePitch": 87.88026756618713, "LHipRoll": 0.9621116317206152, "RHipPitch": -11.14452986950441, "LElbowRoll": -2.2160442321368237, "RKneePitch": 116.15105067136926, "RElbowRoll": 59.00620141873647, "RElbowYaw": 90, "RShoulderPitch": 140.49949785364885}