{"LShoulderRoll": -6.7216911575896034, "LShoulderPitch": -86.55542846726853, "RShoulderRoll": -36.478332201422525, "LElbowYaw": 0, "LAnklePitch": -34.76555479771143, "RHipRoll": 53.75836102631336, "RAnklePitch": -5.133651313207594, "LHipPitch": -12.018282567698307, "LKneePitch": 68.18144786158712, "LHipRoll": 0.8743365834015352, "RHipPitch": -13.606831965310874, "LElbowRoll": -85.85376187182428, "RKneePitch": 114.71599713679488, "RElbowRoll": 59.00636957889196, "RElbowYaw": 90, "RShoulderPitch": 140.5001475230394}