{"LShoulderRoll": -3.1916219851792693, "LShoulderPitch": -87.77522442630084, "RShoulderRoll": -36.47830442677196, "LElbowYaw": -90, "LAnklePitch": -49.47959931279137, "RHipRoll": 35.74580298895334, "RAnklePitch": -68, "LHipPitch": -8.130144747257063, "LKneePitch": 77.57721270692002, "LHipRoll": 0.8134468616310667, "RHipPitch": -6.667533417164009, "LElbowRoll": -3.7516705045951255, "RKneePitch": 92.67184714648354, "RElbowRoll": 59.00637007298461, "RElbowYaw": 90, "RShoulderPitch": 140.50016681508367}