{"LShoulderRoll": -3.3963612513729555, "LShoulderPitch": -84.34026997714834, "RShoulderRoll": -36.47819441718451, "LElbowYaw": 0, "LAnklePitch": -18.410485402232453, "RHipRoll": 35.77549012979647, "RAnklePitch": -68, "LHipPitch": -2.4650649880051247, "LKneePitch": 37.040393987879526, "LHipRoll": 0.6854408288839452, "RHipPitch": -12.857852932457831, "LElbowRoll": -92.45731214159002, "RKneePitch": 105.57352677703035, "RElbowRoll": 59.00639099158634, "RElbowYaw": 90, "RShoulderPitch": 140.50026069646788}