{"LShoulderRoll": 32.23154491003328, "LShoulderPitch": 101.6609126041088, "RShoulderRoll": -9.77386563190681, "LElbowYaw": -90, "LAnklePitch": -1.8869351424896479, "RHipRoll": -2.74407896430031, "RAnklePitch": -5.9225651047353125, "LHipPitch": -4.51059868561309, "LKneePitch": 8.602921031104842, "LHipRoll": -0.1871595520995899, "RHipPitch": -0.2724694295110197, "LElbowRoll": -28.70622382131876, "RKneePitch": 5.685710565006929, "RElbowRoll": 16.6371992237099, "RElbowYaw": 90, "RShoulderPitch": 91.46889728550565}