{"LShoulderRoll": -15.581978906988347, "LShoulderPitch": -84.70452007251828, "RShoulderRoll": -36.4780134863729, "LElbowYaw": 0, "LAnklePitch": -18.410234399781032, "RHipRoll": 55.001045628719545, "RAnklePitch": -68, "LHipPitch": -0.8204491318302303, "LKneePitch": 40.381346149361036, "LHipRoll": 0.7287692295080583, "RHipPitch": -17.75818905384925, "LElbowRoll": -75.19729318363183, "RKneePitch": 110.31947061812723, "RElbowRoll": 59.00646537773747, "RElbowYaw": 90, "RShoulderPitch": 140.50043064580376}