{"LShoulderRoll": -13.594724535800093, "LShoulderPitch": -89.46273197998562, "RShoulderRoll": -36.47790947213746, "LElbowYaw": -90, "LAnklePitch": -49.1436132570613, "RHipRoll": 30.047834902473422, "RAnklePitch": -68, "LHipPitch": -9.34862767921355, "LKneePitch": 80.77009675078541, "LHipRoll": 0.8584502733509758, "RHipPitch": -4.48576371144263, "LElbowRoll": -3.7475296144060906, "RKneePitch": 85.71629933631438, "RElbowRoll": 59.00649456966946, "RElbowYaw": 90, "RShoulderPitch": 140.50055328044908}