{"LShoulderRoll": -15.368127649058001, "LShoulderPitch": -87.4622804992163, "RShoulderRoll": -36.47761403509418, "LElbowYaw": 0, "LAnklePitch": -50.10259376886165, "RHipRoll": 32.1024949763855, "RAnklePitch": -68, "LHipPitch": -3.890666981730618, "LKneePitch": 88.9525982649631, "LHipRoll": 0.9298338305889654, "RHipPitch": -9.869616284452206, "LElbowRoll": -76.45352378853171, "RKneePitch": 96.12309164376053, "RElbowRoll": 59.00658821964454, "RElbowYaw": 90, "RShoulderPitch": 140.50085646642253}