{"LShoulderRoll": -14.888967160000572, "LShoulderPitch": -87.43541925285751, "RShoulderRoll": -36.47735504239605, "LElbowYaw": 0, "LAnklePitch": -18.409325851002507, "RHipRoll": 33.88921826000143, "RAnklePitch": -68, "LHipPitch": -3.0420860279313047, "LKneePitch": 38.23944353325663, "LHipRoll": 0.7071660595945294, "RHipPitch": -7.636445687778291, "LElbowRoll": -76.71123842934448, "RKneePitch": 94.96363364337111, "RElbowRoll": 59.00669387194715, "RElbowYaw": 90, "RShoulderPitch": 140.50114586519652}