{"LShoulderRoll": -15.66323079606989, "LShoulderPitch": -81.38943849074813, "RShoulderRoll": -36.47720606139829, "LElbowYaw": -90, "LAnklePitch": -18.409138411368403, "RHipRoll": 34.396224263882644, "RAnklePitch": -68, "LHipPitch": -5.5619752714719795, "LKneePitch": 36.31349694803134, "LHipRoll": 0.682605917407731, "RHipPitch": -7.389082050202461, "LElbowRoll": -3.68777448040305, "RKneePitch": 93.73630483009929, "RElbowRoll": 59.006722894533965, "RElbowYaw": 90, "RShoulderPitch": 140.50128434664524}