{"LShoulderRoll": -15.469294431740668, "LShoulderPitch": -81.17240670865235, "RShoulderRoll": -36.476956851489554, "LElbowYaw": -90, "LAnklePitch": -18.408831108092997, "RHipRoll": 38.965637585115296, "RAnklePitch": -8.91512026454825, "LHipPitch": -14.472509158885387, "LKneePitch": 39.72383784787911, "LHipRoll": 0.6486513321618567, "RHipPitch": -3.4044859299511643, "LElbowRoll": -3.6853786359114906, "RKneePitch": 110.21031162701684, "RElbowRoll": 59.0067631969622, "RElbowYaw": 90, "RShoulderPitch": 140.50150628728696}