{"LShoulderRoll": -12.569274751662169, "LShoulderPitch": -80.67882997964615, "RShoulderRoll": -36.47679330385382, "LElbowYaw": -90, "LAnklePitch": -18.40854909023294, "RHipRoll": 34.99193733108896, "RAnklePitch": -68, "LHipPitch": -6.832563439118843, "LKneePitch": 36.40119422442737, "LHipRoll": 0.6726366221571698, "RHipPitch": -6.559927079781545, "LElbowRoll": -3.6782077554744887, "RKneePitch": 93.50816136463256, "RElbowRoll": 59.00676302042737, "RElbowYaw": 90, "RShoulderPitch": 140.50167255977985}