{"LShoulderRoll": -12.280321219772892, "LShoulderPitch": -81.02565070378954, "RShoulderRoll": -36.47654505892355, "LElbowYaw": -90, "LAnklePitch": -18.40825939798748, "RHipRoll": 34.79264712951406, "RAnklePitch": -68, "LHipPitch": -6.8187282852465785, "LKneePitch": 36.45572118619981, "LHipRoll": 0.6722076379247465, "RHipPitch": -6.14793031262694, "LElbowRoll": -3.682627690312273, "RKneePitch": 92.54047232991097, "RElbowRoll": 59.006897552932784, "RElbowYaw": 90, "RShoulderPitch": 140.50192114683756}