{"LShoulderRoll": -12.92538969915348, "LShoulderPitch": -80.97853205756088, "RShoulderRoll": -36.47638033406716, "LElbowYaw": -90, "LAnklePitch": -18.407990318897987, "RHipRoll": 35.260259738149, "RAnklePitch": -68, "LHipPitch": -6.424818812249455, "LKneePitch": 36.482519429886764, "LHipRoll": 0.6695963272056968, "RHipPitch": -6.323278263054206, "LElbowRoll": -3.6823061635605825, "RKneePitch": 92.91180715992478, "RElbowRoll": 59.00697956368877, "RElbowYaw": 90, "RShoulderPitch": 140.50211865251566}