{"LShoulderRoll": -13.586631794100395, "LShoulderPitch": -80.65470218453817, "RShoulderRoll": -36.47629136147837, "LElbowYaw": -90, "LAnklePitch": -18.407825661545047, "RHipRoll": 34.928743529345, "RAnklePitch": -68, "LHipPitch": -8.120551746649411, "LKneePitch": 37.168384353623225, "LHipRoll": 0.6710612836163079, "RHipPitch": -4.894349566470183, "LElbowRoll": -3.678629741007569, "RKneePitch": 90.75479321155612, "RElbowRoll": 59.0069911702637, "RElbowYaw": 90, "RShoulderPitch": 140.50222827244335}