{"LShoulderRoll": 31.741409289210907, "LShoulderPitch": 100.05208159362823, "RShoulderRoll": -10.803245290910214, "LElbowYaw": -90, "LAnklePitch": -4.91000721801403, "RHipRoll": -2.538774740337176, "RAnklePitch": -5.6038073438765394, "LHipPitch": -3.0331088490243587, "LKneePitch": 9.626399115537794, "LHipRoll": -0.17793599753412886, "RHipPitch": -0.04372514649713821, "LElbowRoll": -27.612474716048865, "RKneePitch": 5.692648312353612, "RElbowRoll": 16.284632980444428, "RElbowYaw": 90, "RShoulderPitch": 88.98502447204248}