{"LShoulderRoll": 30.775931449038417, "LShoulderPitch": 98.88344861861917, "RShoulderRoll": -11.794200029475908, "LElbowYaw": -90, "LAnklePitch": -0.5101396350321465, "RHipRoll": -2.497536223183556, "RAnklePitch": -4.2476716071727765, "LHipPitch": -0.3380088840320923, "LKneePitch": 3.7882665219038074, "LHipRoll": -0.15036908038511454, "RHipPitch": -0.2554214604588765, "LElbowRoll": -26.683739821119843, "RKneePitch": 4.615635600038303, "RElbowRoll": 14.273335210145149, "RElbowYaw": 90, "RShoulderPitch": 86.99316174778619}