{"LShoulderRoll": 28.93266498600763, "LShoulderPitch": 96.4037111771911, "RShoulderRoll": -12.597220325720933, "LElbowYaw": -90, "LAnklePitch": -0.011381379170884998, "RHipRoll": -3.125829371793065, "RAnklePitch": -3.9291656819408445, "LHipPitch": -0.13689416275038013, "LKneePitch": 3.945803070541018, "LHipRoll": -0.14614701857403933, "RHipPitch": -1.2695381499078593, "LElbowRoll": -24.269440064463822, "RKneePitch": 5.421476112630614, "RElbowRoll": 18.352537461661427, "RElbowYaw": 90, "RShoulderPitch": 87.18046462087658}