{"LShoulderRoll": 28.00586506363044, "LShoulderPitch": 95.5230418587891, "RShoulderRoll": -13.290811589672588, "LElbowYaw": -90, "LAnklePitch": -0.2768841231513335, "RHipRoll": -3.325789094140491, "RAnklePitch": -3.7926323114359377, "LHipPitch": -0.3769058389552242, "LKneePitch": 3.7208240811904716, "LHipRoll": -0.1319147152154316, "RHipPitch": -1.6888520497872435, "LElbowRoll": -21.00947465976128, "RKneePitch": 5.655054366618231, "RElbowRoll": 17.332636383013494, "RElbowYaw": 90, "RShoulderPitch": 87.53543086643289}