{"LShoulderRoll": 27.40880077933464, "LShoulderPitch": 95.6451519629653, "RShoulderRoll": -15.097901446557088, "LElbowYaw": -90, "LAnklePitch": -0.14273176060655146, "RHipRoll": -3.644421462713316, "RAnklePitch": -3.881483180139071, "LHipPitch": -0.5810395530297399, "LKneePitch": 3.682330314990395, "LHipRoll": -0.1256396254298674, "RHipPitch": -1.8102920187144491, "LElbowRoll": -18.672801914129423, "RKneePitch": 5.993393348354147, "RElbowRoll": 19.137487211301845, "RElbowYaw": 90, "RShoulderPitch": 88.14882528938958}