{"LShoulderRoll": 26.538512733923547, "LShoulderPitch": 94.8755193244944, "RShoulderRoll": -16.14287336891659, "LElbowYaw": -90, "LAnklePitch": -0.18274230870976282, "RHipRoll": -3.978407275868905, "RAnklePitch": -3.74021785102083, "LHipPitch": -0.6511647315997777, "LKneePitch": 3.563448520192992, "LHipRoll": -0.1169860550730487, "RHipPitch": -1.7942540611543052, "LElbowRoll": -18.18057642849294, "RKneePitch": 5.910606097337819, "RElbowRoll": 17.317825615205805, "RElbowYaw": 90, "RShoulderPitch": 88.18048157406906}