{"LShoulderRoll": 26.075907211628035, "LShoulderPitch": 94.74071871709607, "RShoulderRoll": -17.52593105889024, "LElbowYaw": -90, "LAnklePitch": -0.3522139288994879, "RHipRoll": -4.654556335289054, "RAnklePitch": -3.538077141034222, "LHipPitch": -0.6267031828177778, "LKneePitch": 3.39491399081561, "LHipRoll": -0.10870309268698577, "RHipPitch": -1.7512078987858501, "LElbowRoll": -18.35894702768283, "RKneePitch": 5.855580088966462, "RElbowRoll": 17.79553317512773, "RElbowYaw": 90, "RShoulderPitch": 87.75537020613876}