{"supportLeg": "Legs", "angles": {"LShoulderRoll": 23.229791894370564, "LShoulderPitch": 83.57951044121201, "RShoulderRoll": -17.044022214129004, "LElbowYaw": -19.584646173911807, "LElbowRoll": -33.95316483684638, "RElbowRoll": 25.225858181234855, "RElbowYaw": 90, "RShoulderPitch": 82.3787971099036}}