{"LShoulderRoll": 26.76074933579312, "LShoulderPitch": 94.59168198286125, "RShoulderRoll": -18.57521583563766, "LElbowYaw": -90, "LAnklePitch": -0.279901239957141, "RHipRoll": -5.0363595313320735, "RAnklePitch": -3.954970902783259, "LHipPitch": -0.7700130007352186, "LKneePitch": 3.2901998220414157, "LHipRoll": -0.10323724408563477, "RHipPitch": -1.7290245790525631, "LElbowRoll": -19.618933143475147, "RKneePitch": 6.224447175673731, "RElbowRoll": 17.366806487017755, "RElbowYaw": 90, "RShoulderPitch": 87.18164348489148}