{"LShoulderRoll": 27.093913217796434, "LShoulderPitch": 94.35132350982711, "RShoulderRoll": -19.021495235256772, "LElbowYaw": -90, "LAnklePitch": -0.13928072057096585, "RHipRoll": -5.345270066249768, "RAnklePitch": -3.874638514577441, "LHipPitch": -1.0562863046182258, "LKneePitch": 3.2910069654137715, "LHipRoll": -0.09763871904145877, "RHipPitch": -1.7124737864413078, "LElbowRoll": -20.156999310129322, "RKneePitch": 6.207515149092131, "RElbowRoll": 17.714543729802784, "RElbowYaw": 90, "RShoulderPitch": 86.10562622329465}