{"LShoulderRoll": 27.195055944139096, "LShoulderPitch": 94.3874314962475, "RShoulderRoll": -19.45854858836732, "LElbowYaw": -90, "LAnklePitch": -0.27417533662243443, "RHipRoll": -5.539393774189907, "RAnklePitch": -3.85603303023656, "LHipPitch": -1.4353452023460846, "LKneePitch": 3.6725744642896814, "LHipRoll": -0.10008951643608806, "RHipPitch": -1.713454087408266, "LElbowRoll": -20.332220751298223, "RKneePitch": 6.260602476881871, "RElbowRoll": 17.82228473598417, "RElbowYaw": 90, "RShoulderPitch": 84.97300279947184}