{"LShoulderRoll": 27.208953132261698, "LShoulderPitch": 94.4259336402599, "RShoulderRoll": -18.516597102546665, "LElbowYaw": -90, "LAnklePitch": -2.853955279236388, "RHipRoll": -5.185918742336428, "RAnklePitch": -4.211557903553697, "LHipPitch": -3.377764250235245, "LKneePitch": 7.098756962884124, "LHipRoll": -0.10540668465538665, "RHipPitch": -1.7548603018330198, "LElbowRoll": -20.366247616366138, "RKneePitch": 6.563281960071265, "RElbowRoll": 14.894587725779417, "RElbowYaw": 90, "RShoulderPitch": 83.68776143314723}