{"LShoulderRoll": 27.249991247761734, "LShoulderPitch": 94.6292434595082, "RShoulderRoll": -17.62149788273058, "LElbowYaw": -90, "LAnklePitch": -5.225182651030963, "RHipRoll": -4.853492574139623, "RAnklePitch": -4.193461242869631, "LHipPitch": -5.479902009935458, "LKneePitch": 11.288336239243876, "LHipRoll": -0.11150077111572208, "RHipPitch": -1.6429865231486502, "LElbowRoll": -19.99127587793984, "RKneePitch": 6.454844355576256, "RElbowRoll": 15.592082276679946, "RElbowYaw": 90, "RShoulderPitch": 83.89680668040059}