{"LShoulderRoll": 26.60094050143263, "LShoulderPitch": 94.94967101704937, "RShoulderRoll": -17.020308784271297, "LElbowYaw": -90, "LAnklePitch": -4.5593336273260405, "RHipRoll": -4.621400612159136, "RAnklePitch": -4.313464316708121, "LHipPitch": -6.924542080949564, "LKneePitch": 12.475373776308544, "LHipRoll": -0.09627045028627057, "RHipPitch": -1.3385944273085641, "LElbowRoll": -20.201588816412453, "RKneePitch": 6.259623775211992, "RElbowRoll": 15.524344763211417, "RElbowYaw": 90, "RShoulderPitch": 84.39915170488528}