{"LShoulderRoll": 25.951615962380462, "LShoulderPitch": 96.33487402079629, "RShoulderRoll": -17.395231657767095, "LElbowYaw": -90, "LAnklePitch": -2.1284352024290314, "RHipRoll": -3.9013484496095616, "RAnklePitch": -4.372782839393054, "LHipPitch": -6.871161850925176, "LKneePitch": 10.576189736991068, "LHipRoll": -0.07264489002803513, "RHipPitch": -1.1652539526740213, "LElbowRoll": -20.887872376099722, "RKneePitch": 5.832361225685361, "RElbowRoll": 13.831504096952415, "RElbowYaw": 90, "RShoulderPitch": 84.38376050436088}