{"LShoulderRoll": 24.81109316123455, "LShoulderPitch": 98.47294497756562, "RShoulderRoll": -19.06612665079719, "LElbowYaw": -90, "LAnklePitch": -1.5874442959683819, "RHipRoll": -4.54327832377147, "RAnklePitch": -4.675550160828067, "LHipPitch": -5.80635872434506, "LKneePitch": 8.696229161123313, "LHipRoll": -0.02622723472113249, "RHipPitch": -0.6916972217029524, "LElbowRoll": -21.32033770440796, "RKneePitch": 5.5032646389006175, "RElbowRoll": 16.6080565980304, "RElbowYaw": 90, "RShoulderPitch": 86.10593078893432}