{"LShoulderRoll": 24.2589456422297, "LShoulderPitch": 99.19161391354429, "RShoulderRoll": -20.210155274937627, "LElbowYaw": -90, "LAnklePitch": -1.379295030667194, "RHipRoll": -5.748667050853432, "RAnklePitch": -4.5894875192530975, "LHipPitch": -5.054528394027329, "LKneePitch": 7.460441834136304, "LHipRoll": 0.014260573725761323, "RHipPitch": -0.44793277319969604, "LElbowRoll": -22.78733043100027, "RKneePitch": 5.162691742732193, "RElbowRoll": 18.658150134812246, "RElbowYaw": 90, "RShoulderPitch": 87.73573308060311}