{"LShoulderRoll": 23.885726653720265, "LShoulderPitch": 99.1043908692922, "RShoulderRoll": -20.085559833144565, "LElbowYaw": -90, "LAnklePitch": -0.8737334056348658, "RHipRoll": -5.997689549266635, "RAnklePitch": -5.236731784737842, "LHipPitch": -4.294328902783505, "LKneePitch": 6.037851362123519, "LHipRoll": 0.047037413392585416, "RHipPitch": -0.8926461253117282, "LElbowRoll": -25.805802886280475, "RKneePitch": 6.146053795151403, "RElbowRoll": 20.585869686873878, "RElbowYaw": 90, "RShoulderPitch": 88.51290499091428}