{"supportLeg": "Legs", "angles": {"LShoulderRoll": 22.37447782316457, "LShoulderPitch": 83.1889294205441, "RShoulderRoll": -15.130126978139739, "LElbowYaw": -18.291225619340764, "LElbowRoll": -32.820099135675804, "RElbowRoll": 15.649108885731124, "RElbowYaw": 90, "RShoulderPitch": 80.94139700877923}}