{"LShoulderRoll": 23.471498502224026, "LShoulderPitch": 98.56071644656073, "RShoulderRoll": -19.692574501833377, "LElbowYaw": -90, "LAnklePitch": -0.26410063936469896, "RHipRoll": -6.810726521920045, "RAnklePitch": -3.7807474920638384, "LHipPitch": -3.2136721833932, "LKneePitch": 4.634528917063506, "LHipRoll": 0.07384003905643693, "RHipPitch": -1.3943709737946648, "LElbowRoll": -25.989306845258824, "RKneePitch": 5.181840496014814, "RElbowRoll": 22.726799231028025, "RElbowYaw": -64.99597488380923, "RShoulderPitch": 89.3009535964457}