{"LShoulderRoll": 22.926437994694073, "LShoulderPitch": 98.59411767393705, "RShoulderRoll": -21.41713038655321, "LElbowYaw": -90, "LAnklePitch": -0.2072886345629712, "RHipRoll": -8.009121049250904, "RAnklePitch": -0.3851319439239802, "LHipPitch": -2.431766789020031, "LKneePitch": 3.5768008991696547, "LHipRoll": 0.09641979786047805, "RHipPitch": -3.5790121087380413, "LElbowRoll": -26.670355489880393, "RKneePitch": 4.059585650543482, "RElbowRoll": 22.142269213192378, "RElbowYaw": 90, "RShoulderPitch": 89.55280014842684}