{"LShoulderRoll": 22.765037745996757, "LShoulderPitch": 98.80256823977011, "RShoulderRoll": -22.04153673015775, "LElbowYaw": -90, "LAnklePitch": -0.37667919232767133, "RHipRoll": -9.995802847806566, "RAnklePitch": -0.7675105742498403, "LHipPitch": -2.1639679004932475, "LKneePitch": 3.365819255183112, "LHipRoll": 0.11267212794323515, "RHipPitch": -6.459153197137937, "LElbowRoll": -28.198025373926583, "RKneePitch": 5.812098454209803, "RElbowRoll": 22.309323250941816, "RElbowYaw": 90, "RShoulderPitch": 90.21895358099817}