{"LShoulderRoll": 21.790907783202755, "LShoulderPitch": 98.28822895957153, "RShoulderRoll": -23.271954832761057, "LElbowYaw": -90, "LAnklePitch": -0.5700409875344121, "RHipRoll": -11.701573767980033, "RAnklePitch": -5.1178768383286695, "LHipPitch": -2.1614902948527117, "LKneePitch": 3.2114660662351184, "LHipRoll": 0.1265888538795355, "RHipPitch": -8.899689534863327, "LElbowRoll": -26.86644353200157, "RKneePitch": 3.915500860026924, "RElbowRoll": 22.80339723580309, "RElbowYaw": -67.92650955815971, "RShoulderPitch": 90.86469738167841}