{"LShoulderRoll": 21.86048272600787, "LShoulderPitch": 98.14168224564395, "RShoulderRoll": -23.21741580316418, "LElbowYaw": -90, "LAnklePitch": -0.11432629212036716, "RHipRoll": -23.615183644281295, "RAnklePitch": -11.920286670371368, "LHipPitch": -2.3640465768353067, "LKneePitch": 4.062613080154279, "LHipRoll": 0.12907664954086906, "RHipPitch": -11.587588106788118, "LElbowRoll": -26.237950802520743, "RKneePitch": 1.6787788803395642, "RElbowRoll": 23.260897876145123, "RElbowYaw": -67.78976363020915, "RShoulderPitch": 91.06126372515295}