{"LShoulderRoll": 22.45543283251789, "LShoulderPitch": 97.64346562487952, "RShoulderRoll": -23.04531288690592, "LElbowYaw": -90, "LAnklePitch": -0.01591777773168701, "RHipRoll": -21.67022601440793, "RAnklePitch": -14.06021002682364, "LHipPitch": -2.4101956241465388, "LKneePitch": 4.196809885073236, "LHipRoll": 0.13695707109031005, "RHipPitch": -12.74031356386358, "LElbowRoll": -24.871910998126538, "RKneePitch": 2.177276031176234, "RElbowRoll": 23.61861356577714, "RElbowYaw": -67.6881765773553, "RShoulderPitch": 91.21453877346067}