{"LShoulderRoll": 22.84344241987182, "LShoulderPitch": 97.37687057612602, "RShoulderRoll": -23.027643796193946, "LElbowYaw": -90, "LAnklePitch": -0.0450371825004936, "RHipRoll": -21.173736591289718, "RAnklePitch": -15.244392994731896, "LHipPitch": -2.5461358848783107, "LKneePitch": 4.209828040013349, "LHipRoll": 0.1426688390484764, "RHipPitch": -13.449629066425942, "LElbowRoll": -24.017684933909635, "RKneePitch": 2.425440357207009, "RElbowRoll": 23.84760432617628, "RElbowYaw": -67.69265352873707, "RShoulderPitch": 91.34404942727032}