{"LShoulderRoll": 22.703875755542608, "LShoulderPitch": 97.1490075190089, "RShoulderRoll": -22.65737675684864, "LElbowYaw": -90, "LAnklePitch": -0.10012680154819975, "RHipRoll": -20.821512392783507, "RAnklePitch": -15.320340627922548, "LHipPitch": -2.6347846781053192, "LKneePitch": 4.56688081363572, "LHipRoll": 0.14233634497616832, "RHipPitch": -13.733742356280956, "LElbowRoll": -22.946572631509355, "RKneePitch": 2.3691240089095515, "RElbowRoll": 24.228257866929653, "RElbowYaw": -67.00497287720805, "RShoulderPitch": 91.17886659146811}