{"LShoulderRoll": 22.631214352474803, "LShoulderPitch": 97.17124103556965, "RShoulderRoll": -22.401734837214658, "LElbowYaw": -90, "LAnklePitch": -0.07067324386315477, "RHipRoll": -20.818023586409158, "RAnklePitch": -15.917540376697971, "LHipPitch": -2.675319907550744, "LKneePitch": 4.623085920365838, "LHipRoll": 0.14474214245047343, "RHipPitch": -13.776831416347648, "LElbowRoll": -21.786945396823057, "RKneePitch": 2.7252976079498126, "RElbowRoll": 23.94429518813834, "RElbowYaw": -66.57126477902389, "RShoulderPitch": 90.82144986469022}