{"LShoulderRoll": 22.565139244800154, "LShoulderPitch": 96.92339743374473, "RShoulderRoll": -22.15138578613888, "LElbowYaw": -90, "LAnklePitch": -0.36459663386585817, "RHipRoll": -20.186939204715767, "RAnklePitch": -20.312413672899424, "LHipPitch": -2.8524873846169783, "LKneePitch": 5.205216168134342, "LHipRoll": 0.14090874675949192, "RHipPitch": -14.007420076957885, "LElbowRoll": -21.224155013723163, "RKneePitch": 6.310226636744858, "RElbowRoll": 23.975737115000072, "RElbowYaw": -66.54121639285871, "RShoulderPitch": 90.82676815028569}