{"supportLeg": "Legs", "angles": {"LShoulderRoll": 21.22801981917201, "LShoulderPitch": 82.16697209601547, "RShoulderRoll": -14.86638750558256, "LElbowYaw": -14.3895694046563, "LElbowRoll": -30.983934761597567, "RElbowRoll": 20.208642671564235, "RElbowYaw": 90, "RShoulderPitch": 79.3932639477466}}