{"LShoulderRoll": 22.560280545171334, "LShoulderPitch": 96.74532309156683, "RShoulderRoll": -22.30496869325577, "LElbowYaw": -90, "LAnklePitch": -0.894891803565045, "RHipRoll": -18.055317938902043, "RAnklePitch": -20.284647157734753, "LHipPitch": -3.0801417324722564, "LKneePitch": 5.924201613243184, "LHipRoll": 0.14324404870029056, "RHipPitch": -14.988562154393847, "LElbowRoll": -21.483165147329004, "RKneePitch": 5.3298426242880055, "RElbowRoll": 24.592209124653493, "RElbowYaw": -65.88559278588976, "RShoulderPitch": 90.81416730912575}