{"LShoulderRoll": 22.34608920969992, "LShoulderPitch": 96.68617773816955, "RShoulderRoll": -22.237612259997324, "LElbowYaw": -90, "LAnklePitch": -1.3375011061165338, "RHipRoll": -16.73409783753614, "RAnklePitch": -20.58319387426782, "LHipPitch": -3.270451780273234, "LKneePitch": 6.256850111412945, "LHipRoll": 0.15053828125183905, "RHipPitch": -15.877403864106327, "LElbowRoll": -21.31929514161189, "RKneePitch": 4.908663234354719, "RElbowRoll": 24.269614608475536, "RElbowYaw": -65.67609403603058, "RShoulderPitch": 90.54020216094307}