{"LShoulderRoll": 22.361523580932307, "LShoulderPitch": 96.70821007549073, "RShoulderRoll": -21.99579120143553, "LElbowYaw": -90, "LAnklePitch": -1.811451789218438, "RHipRoll": -16.265869444987377, "RAnklePitch": -20.158267973527074, "LHipPitch": -3.3854572444291904, "LKneePitch": 6.882415443550627, "LHipRoll": 0.14594748778537894, "RHipPitch": -16.7228742009803, "LElbowRoll": -21.15827365490449, "RKneePitch": 3.6853869023094035, "RElbowRoll": 23.956755287189765, "RElbowYaw": -65.70573255017999, "RShoulderPitch": 90.38829991966345}