{"LShoulderRoll": 22.645796857693366, "LShoulderPitch": 97.34458813162414, "RShoulderRoll": -21.856187727812387, "LElbowYaw": -90, "LAnklePitch": -2.2539476797739866, "RHipRoll": -16.173942686197268, "RAnklePitch": -20.02869816938633, "LHipPitch": -3.5131926946840366, "LKneePitch": 7.344903112987424, "LHipRoll": 0.14469833246959762, "RHipPitch": -16.788847613268047, "LElbowRoll": -21.694642013265877, "RKneePitch": 3.5832021722981438, "RElbowRoll": 24.004088480568015, "RElbowYaw": -65.53358369121528, "RShoulderPitch": 90.32736906467109}