{"LShoulderRoll": 23.25325526826392, "LShoulderPitch": 98.04863126657725, "RShoulderRoll": -21.661800090200845, "LElbowYaw": -90, "LAnklePitch": -3.1436146877980207, "RHipRoll": -15.436929643365932, "RAnklePitch": -19.527347981848067, "LHipPitch": -3.58873736775935, "LKneePitch": 8.336751310911723, "LHipRoll": 0.13543395141982106, "RHipPitch": -16.915061907435728, "LElbowRoll": -24.591966834560765, "RKneePitch": 2.987034896419459, "RElbowRoll": 23.903237499610412, "RElbowYaw": -65.05520206461324, "RShoulderPitch": 90.0203415346936}