{"LShoulderRoll": 23.065490723230923, "LShoulderPitch": 97.87644923847232, "RShoulderRoll": -21.62333321633641, "LElbowYaw": -90, "LAnklePitch": -3.525317310135563, "RHipRoll": -15.391185388206562, "RAnklePitch": -18.944409854527763, "LHipPitch": -3.508978837510554, "LKneePitch": 8.541243793109516, "LHipRoll": 0.1356291244610547, "RHipPitch": -16.805803769544937, "LElbowRoll": -24.015020877587347, "RKneePitch": 2.458928524670341, "RElbowRoll": 24.641466448126494, "RElbowYaw": -64.54533350420834, "RShoulderPitch": 90.19308224964118}