{"LShoulderRoll": 22.749439302577578, "LShoulderPitch": 97.55108596996843, "RShoulderRoll": -21.996307919964693, "LElbowYaw": -90, "LAnklePitch": -4.044998437246818, "RHipRoll": -15.29189612886514, "RAnklePitch": -18.919406905362763, "LHipPitch": -3.376252848943963, "LKneePitch": 8.844523698258257, "LHipRoll": 0.1344822074402154, "RHipPitch": -16.85450623244418, "LElbowRoll": -24.023567769849762, "RKneePitch": 2.1568663417149025, "RElbowRoll": 24.362817858737344, "RElbowYaw": -63.165359869883986, "RShoulderPitch": 89.36990544533857}