{"LShoulderRoll": 22.141087614509907, "LShoulderPitch": 97.47984518922792, "RShoulderRoll": -22.276516811790312, "LElbowYaw": -90, "LAnklePitch": -4.005057878038286, "RHipRoll": -15.12175409398274, "RAnklePitch": -18.62800931085063, "LHipPitch": -2.7974616096411467, "LKneePitch": 8.033491902684318, "LHipRoll": 0.14403798116558134, "RHipPitch": -16.496569697926702, "LElbowRoll": -25.07673624818284, "RKneePitch": 2.1993494030899114, "RElbowRoll": 24.840665828408646, "RElbowYaw": -60.26323728292124, "RShoulderPitch": 88.13915605982025}