{"LShoulderRoll": 21.796948673438216, "LShoulderPitch": 97.4979371546427, "RShoulderRoll": -22.11393605592122, "LElbowYaw": -90, "LAnklePitch": -4.075700513006694, "RHipRoll": -15.02174172036867, "RAnklePitch": -17.097496494601074, "LHipPitch": -2.527068503102001, "LKneePitch": 7.893475866446181, "LHipRoll": 0.1368413706119889, "RHipPitch": -15.606147829651391, "LElbowRoll": -27.03637708072378, "RKneePitch": 1.5617238258950863, "RElbowRoll": 23.763277330877997, "RElbowYaw": -60.630641614240275, "RShoulderPitch": 87.73036638662234}