{"LShoulderRoll": 22.458790773536197, "LShoulderPitch": 98.46916856496418, "RShoulderRoll": -21.620545945058062, "LElbowYaw": -90, "LAnklePitch": -4.304345188562635, "RHipRoll": -15.02393100995893, "RAnklePitch": -16.600856359209246, "LHipPitch": -2.2123060606168963, "LKneePitch": 7.837973101915679, "LHipRoll": 0.13066123083339617, "RHipPitch": -14.697264049047718, "LElbowRoll": -28.21726283688821, "RKneePitch": 1.9605504116680947, "RElbowRoll": 24.20244531079618, "RElbowYaw": -60.914818329621106, "RShoulderPitch": 88.1067703415039}