{"supportLeg": "Legs", "angles": {"LShoulderRoll": 21.699713062336407, "LShoulderPitch": 81.00045346405055, "RShoulderRoll": -15.118552422167319, "LElbowYaw": -90, "LElbowRoll": -27.638504178112868, "RElbowRoll": 24.07304217153313, "RElbowYaw": 90, "RShoulderPitch": 79.49587683987117}}