{"LShoulderRoll": 23.595365522855325, "LShoulderPitch": 98.96896381925411, "RShoulderRoll": -21.45040154890699, "LElbowYaw": -90, "LAnklePitch": -4.5332328923405925, "RHipRoll": -14.701771860060846, "RAnklePitch": -16.565304503603286, "LHipPitch": -1.6979496851972868, "LKneePitch": 7.592780853707865, "LHipRoll": 0.1256997148638561, "RHipPitch": -13.925716547762278, "LElbowRoll": -29.7656139621173, "RKneePitch": 2.70763072063167, "RElbowRoll": 22.905462524844694, "RElbowYaw": -62.66478423935067, "RShoulderPitch": 88.29370927525163}