{"LShoulderRoll": 23.185628146752027, "LShoulderPitch": 98.85289381537318, "RShoulderRoll": -21.285179910437453, "LElbowYaw": -90, "LAnklePitch": -4.829892742485839, "RHipRoll": -14.355612393197044, "RAnklePitch": -16.0414247092354, "LHipPitch": -1.3784313993214994, "LKneePitch": 7.637059494918873, "LHipRoll": 0.12188644484490858, "RHipPitch": -13.347787345426383, "LElbowRoll": -28.5418604546378, "RKneePitch": 2.833130069928984, "RElbowRoll": 21.95157494709383, "RElbowYaw": -61.2962020184329, "RShoulderPitch": 87.1660408023897}