{"LShoulderRoll": 22.430338061355528, "LShoulderPitch": 98.61333889618349, "RShoulderRoll": -21.08214396427196, "LElbowYaw": -90, "LAnklePitch": -5.757815558853011, "RHipRoll": -14.083144144658043, "RAnklePitch": -15.850835843711664, "LHipPitch": -1.3662631218881245, "LKneePitch": 8.348931130448847, "LHipRoll": 0.11628965001182935, "RHipPitch": -12.525724455009552, "LElbowRoll": -27.6462384356104, "RKneePitch": 3.4712598131137895, "RElbowRoll": 21.09479004725435, "RElbowYaw": -59.566498069198744, "RShoulderPitch": 85.78652337851146}