{"LShoulderRoll": 22.12480609695109, "LShoulderPitch": 98.49957132338649, "RShoulderRoll": -19.189535064940433, "LElbowYaw": -90, "LAnklePitch": -6.282548051774114, "RHipRoll": -12.979002172101325, "RAnklePitch": -15.722083221387564, "LHipPitch": -0.7769427948103527, "LKneePitch": 8.423171083944851, "LHipRoll": 0.1035819681194931, "RHipPitch": -11.930311429967205, "LElbowRoll": -24.61295651458954, "RKneePitch": 4.0009883712644125, "RElbowRoll": 21.635240823651344, "RElbowYaw": -61.50694566698937, "RShoulderPitch": 87.01697252408546}