{"LShoulderRoll": 23.00538738338354, "LShoulderPitch": 98.74609540021633, "RShoulderRoll": -18.722726412992788, "LElbowYaw": -90, "LAnklePitch": -6.588216280913372, "RHipRoll": -5.779380057828095, "RAnklePitch": -15.556156412500272, "LHipPitch": -0.21557797656771527, "LKneePitch": 8.203430466784994, "LHipRoll": 0.09429494080684259, "RHipPitch": -11.23940961166808, "LElbowRoll": -20.723332871414584, "RKneePitch": 4.634893186555388, "RElbowRoll": 22.53194821090426, "RElbowYaw": -61.32000713020328, "RShoulderPitch": 87.35201715188683}