{"LShoulderRoll": 24.370794744387673, "LShoulderPitch": 99.74500450899957, "RShoulderRoll": -18.91522869076448, "LElbowYaw": -90, "LAnklePitch": -7.190092602074941, "RHipRoll": -4.688508278174718, "RAnklePitch": -15.311389351320969, "LHipPitch": -0.5073513442056452, "LKneePitch": 7.789334643678899, "LHipRoll": 0.08669111521868858, "RHipPitch": -10.414194196912007, "LElbowRoll": -24.267563315592156, "RKneePitch": 5.205437727705828, "RElbowRoll": 17.60141561061323, "RElbowYaw": 90, "RShoulderPitch": 86.09066912345868}