{"LShoulderRoll": 24.109284736033, "LShoulderPitch": 100.04085046262702, "RShoulderRoll": -18.872775184491356, "LElbowYaw": -90, "LAnklePitch": -8.371203766779118, "RHipRoll": -4.202656246034454, "RAnklePitch": -14.714329384491435, "LHipPitch": -0.8026352028919064, "LKneePitch": 8.302761493410344, "LHipRoll": 0.08432915460396512, "RHipPitch": -9.467122640927727, "LElbowRoll": -27.084496970149473, "RKneePitch": 5.386817334449347, "RElbowRoll": 17.968894356052346, "RElbowYaw": 90, "RShoulderPitch": 87.44160834005653}