{"LShoulderRoll": 24.278059911493397, "LShoulderPitch": 101.4557815806181, "RShoulderRoll": -19.762703222190726, "LElbowYaw": -90, "LAnklePitch": -9.698033318547758, "RHipRoll": -3.2362875906022666, "RAnklePitch": -14.080088640337934, "LHipPitch": -1.3630796364311664, "LKneePitch": 8.824495051534939, "LHipRoll": 0.07726460207269462, "RHipPitch": -7.967462222572351, "LElbowRoll": -29.467772947477698, "RKneePitch": 6.195421664893388, "RElbowRoll": 13.882087033467883, "RElbowYaw": 90, "RShoulderPitch": 85.32358774078467}