{"LShoulderRoll": 24.939480544297343, "LShoulderPitch": 100.30884697219713, "RShoulderRoll": -19.83995122070231, "LElbowYaw": -90, "LAnklePitch": -11.01925567761549, "RHipRoll": -2.7548552246781846, "RAnklePitch": -13.468353073612619, "LHipPitch": -2.165604949850959, "LKneePitch": 9.193496211764682, "LHipRoll": 0.06569697993932719, "RHipPitch": -6.642324075277884, "LElbowRoll": -25.062832326885598, "RKneePitch": 6.841861071713566, "RElbowRoll": 14.288634902378107, "RElbowYaw": 90, "RShoulderPitch": 85.51914224639187}