{"LShoulderRoll": 24.74210795710231, "LShoulderPitch": 101.29007813476892, "RShoulderRoll": -20.92675885415655, "LElbowYaw": -90, "LAnklePitch": -11.716539275655407, "RHipRoll": -2.6696096588324547, "RAnklePitch": -13.141392411893676, "LHipPitch": -2.458895116391645, "LKneePitch": 9.557470683556602, "LHipRoll": 0.0567025242078394, "RHipPitch": -5.9765787453084585, "LElbowRoll": -25.65194239317546, "RKneePitch": 7.164630456187837, "RElbowRoll": 12.529892941403858, "RElbowYaw": 90, "RShoulderPitch": 85.07247768768895}