{"supportLeg": "Legs", "angles": {"LShoulderRoll": 20.686506616745657, "LShoulderPitch": 81.50627264968313, "RShoulderRoll": -16.640239194087098, "LElbowYaw": -90, "LElbowRoll": -24.66876316342922, "RElbowRoll": 26.600786313847124, "RElbowYaw": 90, "RShoulderPitch": 79.19976034718592}}