{"LShoulderRoll": 24.522336438584944, "LShoulderPitch": 102.10297127923158, "RShoulderRoll": -20.227356445953806, "LElbowYaw": -90, "LAnklePitch": -12.4837652784786, "RHipRoll": -1.9956056331919925, "RAnklePitch": -12.623131115917445, "LHipPitch": -2.8727841329206143, "LKneePitch": 9.898505751258597, "LHipRoll": 0.04493804034081151, "RHipPitch": -5.007042072392309, "LElbowRoll": -26.838132010671643, "RKneePitch": 7.626896959911818, "RElbowRoll": 12.931873804525736, "RElbowYaw": 90, "RShoulderPitch": 85.39033362780118}