{"LShoulderRoll": 25.351022231431777, "LShoulderPitch": 101.79741404649299, "RShoulderRoll": -19.45926222022524, "LElbowYaw": -90, "LAnklePitch": -13.122661347077099, "RHipRoll": -1.2654625432756443, "RAnklePitch": -12.07646942121113, "LHipPitch": -3.529242860994472, "LKneePitch": 9.885474673326968, "LHipRoll": 0.029909480529388004, "RHipPitch": -4.072535292599966, "LElbowRoll": -24.964988867808813, "RKneePitch": 8.031086392951266, "RElbowRoll": 11.228970636870173, "RElbowYaw": 90, "RShoulderPitch": 84.84953094236472}