{"LShoulderRoll": 25.532976251897782, "LShoulderPitch": 102.65013458759577, "RShoulderRoll": -19.602355125180022, "LElbowYaw": -90, "LAnklePitch": -13.942343607283831, "RHipRoll": -0.8825954443782689, "RAnklePitch": -11.536226326687355, "LHipPitch": -3.8200622722319224, "LKneePitch": 10.392231775352087, "LHipRoll": 0.01822876916436305, "RHipPitch": -3.290862590827487, "LElbowRoll": -26.510614723621018, "RKneePitch": 8.311198958111504, "RElbowRoll": 11.474088256158979, "RElbowYaw": 90, "RShoulderPitch": 85.41434151120067}