{"LShoulderRoll": 26.40518814928499, "LShoulderPitch": 103.6197111271286, "RShoulderRoll": -19.359950860213697, "LElbowYaw": -90, "LAnklePitch": -15.232378754101916, "RHipRoll": -0.7831845240977671, "RAnklePitch": -10.909507997790385, "LHipPitch": -3.7229960063020258, "LKneePitch": 11.681866696700695, "LHipRoll": 0.001292465780325344, "RHipPitch": -2.680378739887189, "LElbowRoll": -28.640170298278832, "RKneePitch": 8.428368254097194, "RElbowRoll": 12.765049066134367, "RElbowYaw": 90, "RShoulderPitch": 85.77108492124829}