{"LShoulderRoll": 26.67207257208908, "LShoulderPitch": 103.9694402459597, "RShoulderRoll": -18.614897232073943, "LElbowYaw": -90, "LAnklePitch": -15.686778101324009, "RHipRoll": -0.31055641295227177, "RAnklePitch": -10.52809368016429, "LHipPitch": -3.9557215786845603, "LKneePitch": 11.929698950427962, "LHipRoll": -0.01356220542456082, "RHipPitch": -1.5039569775104695, "LElbowRoll": -28.79339653651624, "RKneePitch": 9.2603664818227, "RElbowRoll": 12.281460252452973, "RElbowYaw": 90, "RShoulderPitch": 86.13604257300035}