{"LShoulderRoll": 26.584232104810404, "LShoulderPitch": 103.4107603345687, "RShoulderRoll": -19.840797332114636, "LElbowYaw": -90, "LAnklePitch": -16.226624549374563, "RHipRoll": 0.8831035372890323, "RAnklePitch": -9.997576248865528, "LHipPitch": -4.597130252409912, "LKneePitch": 11.954711893587017, "LHipRoll": -0.04313924493258123, "RHipPitch": -0.6033768891178255, "LElbowRoll": -27.181227183963586, "RKneePitch": 9.559499808194346, "RElbowRoll": 12.48354950493706, "RElbowYaw": 90, "RShoulderPitch": 85.93685353933374}