{"LShoulderRoll": 26.349896296994444, "LShoulderPitch": 100.8995691592595, "RShoulderRoll": -19.69440596065051, "LElbowYaw": -90, "LAnklePitch": -17.39111069277861, "RHipRoll": 1.9914103623775836, "RAnklePitch": -9.906032432719059, "LHipPitch": -4.880681941345131, "LKneePitch": 12.521927273848974, "LHipRoll": -0.021064414452954396, "RHipPitch": -0.15203006698253319, "LElbowRoll": -23.01837348204623, "RKneePitch": 10.166850197758635, "RElbowRoll": 15.249141449079843, "RElbowYaw": 90, "RShoulderPitch": 87.26061517534242}