{"LShoulderRoll": 26.778232203897986, "LShoulderPitch": 100.25395113582246, "RShoulderRoll": -19.415036771665783, "LElbowYaw": -90, "LAnklePitch": -17.605614765639487, "RHipRoll": 3.599275654001422, "RAnklePitch": -9.456196488025313, "LHipPitch": -4.93252352711238, "LKneePitch": 12.679760264121, "LHipRoll": -0.01962385309202064, "RHipPitch": -0.6865813790407742, "LElbowRoll": -21.927933400430362, "RKneePitch": 10.199935577326272, "RElbowRoll": 14.165297075471614, "RElbowYaw": 90, "RShoulderPitch": 86.08408010015121}