{"LShoulderRoll": 27.475629935711265, "LShoulderPitch": 99.75222424172718, "RShoulderRoll": -19.93310482387011, "LElbowYaw": -90, "LAnklePitch": -17.928118400926905, "RHipRoll": 3.4654262886544083, "RAnklePitch": -8.56094481515943, "LHipPitch": -5.155152909218685, "LKneePitch": 12.771561842515382, "LHipRoll": -0.048180633601547805, "RHipPitch": -0.42660126284542343, "LElbowRoll": -20.69827632889448, "RKneePitch": 9.189545319264255, "RElbowRoll": 14.882489073753845, "RElbowYaw": 90, "RShoulderPitch": 85.93857152120125}