{"LShoulderRoll": 26.977119472896486, "LShoulderPitch": 100.5355896296351, "RShoulderRoll": -20.414907227717002, "LElbowYaw": -90, "LAnklePitch": -18.17094946965487, "RHipRoll": 4.104566971734817, "RAnklePitch": -7.385813696761602, "LHipPitch": -5.492376881874179, "LKneePitch": 12.689718998070646, "LHipRoll": -0.07115108943586287, "RHipPitch": -0.5358228299310213, "LElbowRoll": -21.383203603012163, "RKneePitch": 8.212547797143344, "RElbowRoll": 17.36584413214348, "RElbowYaw": 90, "RShoulderPitch": 87.19876368102781}