{"supportLeg": "Legs", "angles": {"LShoulderRoll": 21.638926632776872, "LShoulderPitch": 79.10488852964633, "RShoulderRoll": -17.827262869626654, "LElbowYaw": -90, "LElbowRoll": -28.09705188285713, "RElbowRoll": 30.14736291656041, "RElbowYaw": 90, "RShoulderPitch": 78.95752607625225}}