{"LShoulderRoll": 27.12381006129045, "LShoulderPitch": 100.76445202012788, "RShoulderRoll": -20.47047679691507, "LElbowYaw": -90, "LAnklePitch": -17.994697176728565, "RHipRoll": 4.368967893450121, "RAnklePitch": -6.6728885831178815, "LHipPitch": -5.727242161548503, "LKneePitch": 12.305668729512945, "LHipRoll": -0.09389037981157035, "RHipPitch": -0.45650788141982446, "LElbowRoll": -21.456795619060415, "RKneePitch": 7.491857149344497, "RElbowRoll": 18.5462030667386, "RElbowYaw": 90, "RShoulderPitch": 87.8439535768303}