{"LShoulderRoll": 27.311718457590025, "LShoulderPitch": 101.68158412267657, "RShoulderRoll": -20.76135175261036, "LElbowYaw": -90, "LAnklePitch": -18.39731721890972, "RHipRoll": 5.081853925346504, "RAnklePitch": -5.945897591387748, "LHipPitch": -6.135244380539049, "LKneePitch": 12.412419542878808, "LHipRoll": -0.12277769736305261, "RHipPitch": -1.0036818900925226, "LElbowRoll": -21.128844581060065, "RKneePitch": 7.2516519074163455, "RElbowRoll": 17.97825782333294, "RElbowYaw": 90, "RShoulderPitch": 88.12337274477126}