{"LShoulderRoll": 26.854861651346607, "LShoulderPitch": 102.2878282535989, "RShoulderRoll": -20.848759843540304, "LElbowYaw": -90, "LAnklePitch": -18.81160115901511, "RHipRoll": 6.096152071979715, "RAnklePitch": -5.821292178032991, "LHipPitch": -6.278848796675504, "LKneePitch": 12.695176071724461, "LHipRoll": -0.13192449305989834, "RHipPitch": -1.807019037729006, "LElbowRoll": -21.046224693127613, "RKneePitch": 7.75267561587799, "RElbowRoll": 19.354767538723337, "RElbowYaw": 90, "RShoulderPitch": 88.53008150920218}