{"LShoulderRoll": 26.867328543256782, "LShoulderPitch": 102.63425147322117, "RShoulderRoll": -21.567213067987822, "LElbowYaw": -90, "LAnklePitch": -19.630168399622534, "RHipRoll": 7.097103109346355, "RAnklePitch": -5.572555572228552, "LHipPitch": -5.986268080003768, "LKneePitch": 13.731620877321745, "LHipRoll": -0.13616035249988287, "RHipPitch": -2.2133933647106403, "LElbowRoll": -23.10834162228329, "RKneePitch": 7.849560308032352, "RElbowRoll": 20.400258234815453, "RElbowYaw": 90, "RShoulderPitch": 88.01805385756462}