{"LShoulderRoll": 27.261998154079265, "LShoulderPitch": 102.5167252517672, "RShoulderRoll": -21.749210824169506, "LElbowYaw": -90, "LAnklePitch": -20.44090090312946, "RHipRoll": 7.696239931581424, "RAnklePitch": -5.295718494878102, "LHipPitch": -5.446363900728741, "LKneePitch": 15.079998771563709, "LHipRoll": -0.14783548784522021, "RHipPitch": -2.269739957884667, "LElbowRoll": -24.361246967078273, "RKneePitch": 7.609038684644645, "RElbowRoll": 19.773916744709084, "RElbowYaw": 90, "RShoulderPitch": 87.33346877039808}