{"LShoulderRoll": 27.471224881567682, "LShoulderPitch": 102.55832920204713, "RShoulderRoll": -21.61290107047053, "LElbowYaw": -90, "LAnklePitch": -21.287270737008797, "RHipRoll": 7.509063746097415, "RAnklePitch": -5.09217774833202, "LHipPitch": -4.742640209070885, "LKneePitch": 16.626294348327974, "LHipRoll": -0.15727529190170295, "RHipPitch": -2.246815572056775, "LElbowRoll": -24.08803436677576, "RKneePitch": 7.43433500598934, "RElbowRoll": 19.559371428104555, "RElbowYaw": 90, "RShoulderPitch": 87.35363571099508}