{"LShoulderRoll": 27.103195062152, "LShoulderPitch": 102.02599418099008, "RShoulderRoll": -21.872968709786463, "LElbowYaw": -90, "LAnklePitch": -22.164170860757196, "RHipRoll": 7.780833742188167, "RAnklePitch": -4.746753688722748, "LHipPitch": -3.9976234783011506, "LKneePitch": 18.2957901313942, "LHipRoll": -0.1721968582413572, "RHipPitch": -2.410311691583786, "LElbowRoll": -23.469347430639544, "RKneePitch": 7.219837002155884, "RElbowRoll": 19.313628593124747, "RElbowYaw": 90, "RShoulderPitch": 86.85685621770452}