{"LShoulderRoll": 26.996834628381354, "LShoulderPitch": 101.53837359417754, "RShoulderRoll": -21.78993014747569, "LElbowYaw": -90, "LAnklePitch": -21.157995354062507, "RHipRoll": 8.34715669822921, "RAnklePitch": -4.524376803077274, "LHipPitch": -3.30253176278309, "LKneePitch": 17.956189403357882, "LHipRoll": -0.17169604684712558, "RHipPitch": -2.443464244568119, "LElbowRoll": -23.436289199347158, "RKneePitch": 6.991111966290077, "RElbowRoll": 19.223937058904596, "RElbowYaw": 90, "RShoulderPitch": 86.5859639018866}