{"LShoulderRoll": 27.378057143426034, "LShoulderPitch": 100.76531069108594, "RShoulderRoll": -21.653513679569787, "LElbowYaw": -90, "LAnklePitch": -16.00777724991005, "RHipRoll": 8.234962880021534, "RAnklePitch": -4.324443457045888, "LHipPitch": -2.580893329493918, "LKneePitch": 13.473853097217045, "LHipRoll": -0.1629612581567719, "RHipPitch": -2.3771601432566882, "LElbowRoll": -22.9557939798122, "RKneePitch": 6.766997327275959, "RElbowRoll": 19.698483272405696, "RElbowYaw": 90, "RShoulderPitch": 86.48666211505298}