{"LShoulderRoll": 27.1874179307121, "LShoulderPitch": 99.91173432052351, "RShoulderRoll": -21.71769349691232, "LElbowYaw": -90, "LAnklePitch": -9.060830781281467, "RHipRoll": 8.584150234166653, "RAnklePitch": -4.248314045742362, "LHipPitch": -1.4157229227852497, "LKneePitch": 7.660655571490366, "LHipRoll": -0.14748728476747297, "RHipPitch": -2.2121336982809936, "LElbowRoll": -22.624630540452813, "RKneePitch": 6.533559407832058, "RElbowRoll": 18.975353634522918, "RElbowYaw": 90, "RShoulderPitch": 85.97148743558964}