{"average_typicality": 0.21908163265306121, "uzrxbwmmwynxzgxz": 0.25, "axrxwygtwynxzaxm": 0.1836734693877551, "azrtwygtwynxzaxmdzrtwygtwynxzaxmaxrxwygtwynxzaxmuzrxwwmmwvnxscxmazrrwyomwynxzazmuzrxbwmmwynxzgxznxwxwogtwtnzzawmuartkygtwyvqzaxzazkxmwmmwonpzazmzofdpfynwynpbal": 0.6666666666666666, "azrrwyomwynxzazm": 0.22, "uzrxwwmmwvnxscxm": 0.22448979591836735, "azkxmwmmwonpzazm": 0.22448979591836735, "azrtwygtwynxzaxm": 0.1836734693877551, "uartkygtwyvqzaxz": 0.2, "zofdpfynwynpbal": 0.28, "dzrtwygtwynxzaxm": 0.2, "nxwxwogtwtnzzawm": 0.22448979591836735}