{"min_typicality": [0.55, 0.55, 0.55, 0.55, 0.55, 0.55, 0.55, 0.55, 0.55, 0.5742307692307691], "criterion2": 0, "rahczzubnxwvcwberahczzubnxwvcwberahczzubnxwvcwberahczzubnxwvcwberahczzubnxwvcwberahczzubnxwvcwberahczzubnxwvcwberahczzubnxwvcwberahczzubnxwvcwberahczzubnxwvcwb": 0.4492753623188406, "single_results": {"rahczzubnxwvcwbe": 0.37681159420289856, "rahczzubnxwvcwb": 0.4057971014492754}, "average_typicality Criterion1": 0.3797101449275362}