{"LShoulderRoll": 41.854061005044734, "LShoulderPitch": 103.42986498139382, "RShoulderRoll": -21.131582377626582, "LElbowYaw": -90, "LAnklePitch": -2.0818108161480353, "RHipRoll": 9.79778357790251, "RAnklePitch": -12.678749708332106, "LHipPitch": -6.686068142588738, "LKneePitch": 16.745784027575922, "LHipRoll": -0.872106387860671, "RHipPitch": -8.459852982698578, "LElbowRoll": -46.7428677464155, "RKneePitch": 4.264315698179274, "RElbowRoll": 48.0920688262556, "RElbowYaw": 90, "RShoulderPitch": 75.4384533756081}