{"LShoulderRoll": 39.53051822927164, "LShoulderPitch": 102.05435280029434, "RShoulderRoll": -22.183252346412402, "LElbowYaw": -90, "LAnklePitch": -2.3496271604840757, "RHipRoll": 8.998111884442299, "RAnklePitch": -11.456258300641963, "LHipPitch": -6.578657489627616, "LKneePitch": 14.876939041269566, "LHipRoll": -0.8495014196682125, "RHipPitch": -10.638711404227863, "LElbowRoll": -44.80329796899508, "RKneePitch": 1.2690048398543183, "RElbowRoll": 47.076742716073966, "RElbowYaw": 90, "RShoulderPitch": 74.76769385034427}