{"LShoulderRoll": 36.85738128073415, "LShoulderPitch": 76.70552448950424, "RShoulderRoll": -31.749746994800386, "LElbowYaw": -43.02084155526807, "LAnklePitch": -3.8965895372110424, "RHipRoll": -4.754598448580486, "RAnklePitch": -7.870340355504595, "LHipPitch": -13.94745395478138, "LKneePitch": 10.334899192000421, "LHipRoll": 0.041188245900618946, "RHipPitch": -6.266406676452959, "LElbowRoll": -37.78680619353463, "RKneePitch": 14.129976465574373, "RElbowRoll": 37.29812569726664, "RElbowYaw": -48.01689973768351, "RShoulderPitch": 84.7862756049323}