{"LShoulderRoll": 34.25076356658386, "LShoulderPitch": 76.51260186115097, "RShoulderRoll": -33.66761979014446, "LElbowYaw": -42.39865508366496, "LAnklePitch": -1.2859809794378663, "RHipRoll": -15.851136592534848, "RAnklePitch": -2.639228276169888, "LHipPitch": -10.967509747443316, "LKneePitch": 13.050033653019113, "LHipRoll": 0.20150756477298737, "RHipPitch": -17.73873846085094, "LElbowRoll": -32.742474167361166, "RKneePitch": 15.069781722288468, "RElbowRoll": 34.79000047018633, "RElbowYaw": -48.6638802382044, "RShoulderPitch": 84.0740349664028}