{"LShoulderRoll": 35.20803083236379, "LShoulderPitch": 78.83599143063279, "RShoulderRoll": -34.84138528672159, "LElbowYaw": -46.84238776001402, "LAnklePitch": -4.957964209040767, "RHipRoll": -9.92459999616193, "RAnklePitch": -12.327709666923212, "LHipPitch": -11.110954130267018, "LKneePitch": 16.948565650238123, "LHipRoll": 0.18999873449339957, "RHipPitch": -23.706318286817336, "LElbowRoll": -33.148934573257264, "RKneePitch": 11.391886311884576, "RElbowRoll": 36.0381542322464, "RElbowYaw": -45.61706420954816, "RShoulderPitch": 82.71129463175114}