{"LShoulderRoll": 35.38289208206213, "LShoulderPitch": 77.91081383702637, "RShoulderRoll": -33.37956782100074, "LElbowYaw": -45.69212214061997, "LAnklePitch": -4.197620952648279, "RHipRoll": -8.746779594833319, "RAnklePitch": -17.509165295449733, "LHipPitch": -10.246999775302655, "LKneePitch": 15.230961089915695, "LHipRoll": 0.09335366182912803, "RHipPitch": -23.44647663471963, "LElbowRoll": -33.273210962794224, "RKneePitch": 6.077323116344672, "RElbowRoll": 35.580967685702774, "RElbowYaw": -44.187841417948334, "RShoulderPitch": 81.89593571302001}