{"LShoulderRoll": 35.75971093059762, "LShoulderPitch": 80.85609943517179, "RShoulderRoll": -33.367864226015335, "LElbowYaw": -44.344779262556884, "LAnklePitch": -7.633059329021378, "RHipRoll": -3.8325317039070885, "RAnklePitch": -16.038282929907012, "LHipPitch": -6.294155825160843, "LKneePitch": 15.061614692362951, "LHipRoll": -0.03286683032148999, "RHipPitch": -22.20706089357654, "LElbowRoll": -38.168477278681564, "RKneePitch": 6.447732501338692, "RElbowRoll": 36.33561532348372, "RElbowYaw": -45.486691547696594, "RShoulderPitch": 81.68530372445353}