{"LShoulderRoll": 34.814241586735676, "LShoulderPitch": 85.49511550377878, "RShoulderRoll": -31.804556593949865, "LElbowYaw": -47.08348936711864, "LAnklePitch": -15.635538995866952, "RHipRoll": 3.3411047150936977, "RAnklePitch": -7.83038348556461, "LHipPitch": -2.2973497743101916, "LKneePitch": 17.93376934019463, "LHipRoll": -0.09732395864097315, "RHipPitch": -18.53954113345165, "LElbowRoll": -42.90043716158755, "RKneePitch": 10.774481380469751, "RElbowRoll": 33.57629163690024, "RElbowYaw": -47.879403705024934, "RShoulderPitch": 81.48228235061379}