{"LShoulderRoll": 35.50772453630694, "LShoulderPitch": 89.53873355553004, "RShoulderRoll": -29.99830876350645, "LElbowYaw": -50.37002336402207, "LAnklePitch": -7.819541374439822, "RHipRoll": 13.649140994317856, "RAnklePitch": -2.1151848682698784, "LHipPitch": -16.13252306107435, "LKneePitch": 8.6043157735931, "LHipRoll": -0.2268362399456799, "RHipPitch": -14.248685509968624, "LElbowRoll": -44.85688435892021, "RKneePitch": 12.758517108250686, "RElbowRoll": 29.344640649776352, "RElbowYaw": -44.55788989012072, "RShoulderPitch": 76.1224474401361}