{"LShoulderRoll": 37.45835117018653, "LShoulderPitch": 80.75259516494687, "RShoulderRoll": -30.74341958245476, "LElbowYaw": -41.67115064716313, "LAnklePitch": -21.458090867356887, "RHipRoll": 16.28135168123255, "RAnklePitch": -3.05730021215561, "LHipPitch": -21.815504591983313, "LKneePitch": 2.487635603250766, "LHipRoll": -0.12323213734898142, "RHipPitch": -12.7321818701691, "LElbowRoll": -42.425987905328725, "RKneePitch": 16.74231381038979, "RElbowRoll": 32.11192972439375, "RElbowYaw": -42.55518127020532, "RShoulderPitch": 77.2484454695128}