{"LShoulderRoll": 35.73804908781748, "LShoulderPitch": 84.18440473777116, "RShoulderRoll": -30.035139146087893, "LElbowYaw": -46.439389631248844, "LAnklePitch": -22.059269797027667, "RHipRoll": 12.45692430410252, "RAnklePitch": -6.483362055459722, "LHipPitch": -21.650593102759643, "LKneePitch": 2.8106066516662054, "LHipRoll": -0.06928601653665124, "RHipPitch": -11.932927735294655, "LElbowRoll": -42.179122281716246, "RKneePitch": 19.598739882147953, "RElbowRoll": 29.38973667598816, "RElbowYaw": -44.86220988953704, "RShoulderPitch": 77.52058712443026}