{"LShoulderRoll": 35.1189349290697, "LShoulderPitch": 81.10587155198589, "RShoulderRoll": -31.284874673178084, "LElbowYaw": -43.34737670952566, "LAnklePitch": -17.23878838401862, "RHipRoll": 6.808764898749106, "RAnklePitch": -10.279626984168573, "LHipPitch": -18.10647152177691, "LKneePitch": 1.0113889207037232, "LHipRoll": -0.08759099879800734, "RHipPitch": -6.499580773267951, "LElbowRoll": -40.2644902034111, "RKneePitch": 17.248316572691692, "RElbowRoll": 31.98562313974338, "RElbowYaw": -48.799230221315405, "RShoulderPitch": 81.13371405200624}