{"LShoulderRoll": 34.58208943548054, "LShoulderPitch": 89.34166029986987, "RShoulderRoll": -30.017867943142758, "LElbowYaw": -90, "LAnklePitch": -15.682100630907613, "RHipRoll": -9.869199264378588, "RAnklePitch": -26.483797586294564, "LHipPitch": -10.879623769338608, "LKneePitch": 28.735055072985745, "LHipRoll": -0.5116201184831163, "RHipPitch": -26.078657464665135, "LElbowRoll": -46.31227123953147, "RKneePitch": 7.33757983502619, "RElbowRoll": 46.46129113354897, "RElbowYaw": -7.142607642367523, "RShoulderPitch": 74.72902535594741}