{"LShoulderRoll": 31.748724887113863, "LShoulderPitch": 82.11125254030095, "RShoulderRoll": -29.14134500707139, "LElbowYaw": -52.70507831156489, "LAnklePitch": -1.420280585355286, "RHipRoll": -8.931934450157387, "RAnklePitch": -15.631426786834666, "LHipPitch": -9.33595603189032, "LKneePitch": 8.193335276334665, "LHipRoll": -0.09798134468667478, "RHipPitch": -15.975410730415916, "LElbowRoll": -36.02949821498075, "RKneePitch": 33.68927568519396, "RElbowRoll": 32.62221374761842, "RElbowYaw": -58.085110823531416, "RShoulderPitch": 86.50029476834438}