{"LShoulderRoll": 49.123517267064614, "LShoulderPitch": 108.38326765702014, "RShoulderRoll": -26.32453657898437, "LElbowYaw": -90, "LAnklePitch": -16.804960378738926, "RHipRoll": -5.122601273295006, "RAnklePitch": -9.673501701827576, "LHipPitch": -21.936469135805865, "LKneePitch": 13.366120010488686, "LHipRoll": -0.4931038651276371, "RHipPitch": -6.614920103489553, "LElbowRoll": -82.38871738809536, "RKneePitch": 12.36247553321087, "RElbowRoll": 62.22783662792352, "RElbowYaw": -12.486599884125667, "RShoulderPitch": 88.08457996021235}