{"LShoulderRoll": 48.442367073430624, "LShoulderPitch": 106.29674362787513, "RShoulderRoll": -30.345285280985347, "LElbowYaw": -90, "LAnklePitch": -14.06966819208155, "RHipRoll": -4.038291553090951, "RAnklePitch": -9.177879593297632, "LHipPitch": -18.35621332080875, "LKneePitch": 13.860620004397845, "LHipRoll": -0.48855359207025034, "RHipPitch": -5.582304749425134, "LElbowRoll": -80.44730649284534, "RKneePitch": 7.973338870072126, "RElbowRoll": 56.74728409617889, "RElbowYaw": -21.28140795316361, "RShoulderPitch": 90.95351937523589}