{"LShoulderRoll": 25.00579437134113, "LShoulderPitch": 96.42728077036126, "RShoulderRoll": -15.470759028198152, "LElbowYaw": -90, "LAnklePitch": -26.097176069177493, "RHipRoll": 4.5745892640759855, "RAnklePitch": -19.944923561665547, "LHipPitch": -19.733528644269143, "LKneePitch": 6.443879048351278, "LHipRoll": 0.0642687391756835, "RHipPitch": -0.7567020099823907, "LElbowRoll": -22.29145320155223, "RKneePitch": 21.160631232857952, "RElbowRoll": 23.385128157599638, "RElbowYaw": -61.824630622447245, "RShoulderPitch": 87.47594783473892}