{"LShoulderRoll": 24.260570071169166, "LShoulderPitch": 93.54687722150665, "RShoulderRoll": -17.296850408615327, "LElbowYaw": -60.021629962149106, "LAnklePitch": -14.657615106556918, "RHipRoll": -7.098285231334175, "RAnklePitch": -20.141693129234852, "LHipPitch": -1.1243117747968085, "LKneePitch": 14.907703188364366, "LHipRoll": -0.2019010810862325, "RHipPitch": -20.89682749506133, "LElbowRoll": -36.620700206730476, "RKneePitch": 0.8058024697680253, "RElbowRoll": 22.221603975602477, "RElbowYaw": -59.719974832866235, "RShoulderPitch": 86.31357161484394}