{"LShoulderRoll": 19.828626452026594, "LShoulderPitch": 93.85231085880432, "RShoulderRoll": -20.224567505269587, "LElbowYaw": -90, "LAnklePitch": -13.174511864804856, "RHipRoll": 2.436574669626943, "RAnklePitch": -4.757016882297478, "LHipPitch": -18.13285387915714, "LKneePitch": 5.316112508422947, "LHipRoll": -0.21032550165697728, "RHipPitch": -6.477229465778208, "LElbowRoll": -17.857000002859337, "RKneePitch": 4.397656765806374, "RElbowRoll": 33.891121805567224, "RElbowYaw": -71.26460018095568, "RShoulderPitch": 98.18585313128827}