{"LShoulderRoll": 38.17275073044615, "LShoulderPitch": 83.85224109899183, "RShoulderRoll": -34.21616777561045, "LElbowYaw": -90, "LAnklePitch": -20.309078578851114, "RHipRoll": 6.053597370305623, "RAnklePitch": -9.299283021852233, "LHipPitch": -0.6914972379308892, "LKneePitch": 21.172305603312395, "LHipRoll": -0.055730390992705936, "RHipPitch": -18.613574333679026, "LElbowRoll": -33.30136907208501, "RKneePitch": 9.31240861705524, "RElbowRoll": 34.85448627477078, "RElbowYaw": -49.31604195493065, "RShoulderPitch": 79.35723758103815}