{"LShoulderRoll": 41.596432131132616, "LShoulderPitch": 88.28748821385393, "RShoulderRoll": -40.212367838718954, "LElbowYaw": -50.375364811238214, "LAnklePitch": -21.891229581032576, "RHipRoll": 15.077957945454468, "RAnklePitch": -2.858616137679647, "LHipPitch": -5.788111876217869, "LKneePitch": 27.566803293487055, "LHipRoll": -0.2724001425093106, "RHipPitch": -11.49021005203592, "LElbowRoll": -41.239405339754825, "RKneePitch": 8.722469405872772, "RElbowRoll": 42.461699608514834, "RElbowYaw": -43.42298778337517, "RShoulderPitch": 79.67018266292332}