{"LShoulderRoll": 38.17400725737457, "LShoulderPitch": 88.69311493686874, "RShoulderRoll": -35.74289829803483, "LElbowYaw": -46.92052107707192, "LAnklePitch": -22.78017861710144, "RHipRoll": 11.874249458222405, "RAnklePitch": -7.641852859618666, "LHipPitch": -25.564270710300548, "LKneePitch": 3.7479733588449164, "LHipRoll": -0.155758315974209, "RHipPitch": -14.887235775829993, "LElbowRoll": -44.1308242227843, "RKneePitch": 22.72678998970352, "RElbowRoll": 36.14052016939786, "RElbowYaw": -33.201915292828645, "RShoulderPitch": 72.23452321698976}