{"LShoulderRoll": 35.09062276482599, "LShoulderPitch": 82.38371044360413, "RShoulderRoll": -33.28058321393769, "LElbowYaw": -42.79702760455971, "LAnklePitch": -22.64939977897106, "RHipRoll": 7.320521129161207, "RAnklePitch": -9.487314728778557, "LHipPitch": -21.79301279351057, "LKneePitch": 3.230376816519481, "LHipRoll": -0.08401883003792103, "RHipPitch": -9.068730378318946, "LElbowRoll": -38.14944829641223, "RKneePitch": 18.92143006839987, "RElbowRoll": 35.31478705797031, "RElbowYaw": -43.05250376002047, "RShoulderPitch": 79.56254600801371}