{"avipnpzpazxyyrz": 0.5119047619047619, "avhlytbnifviyaza": 0.5357142857142857, "alwlytbnifvicbiq": 0.5238095238095238, "avrgwtznmaxhyaya": 0.5238095238095238, "avrgwtbnmzxhyaza": 0.5, "avwgwtbnmzxyyaza": 0.5119047619047619, "average_typicality": 0.5166666666666666, "alwlytbnifxrcbiq": 0.5119047619047619, "avrgwtbnmzxyyazb": 0.5119047619047619, "aifjnthnmzxyyrzc": 0.5357142857142857, "avrgwtbnmzxhyazaalwlytbnifvicbiqaifjnthnmzxyyrzcavhlytbnifviyazaavrgwtznmaxhyayaavrgwtbnmzxyyazbalwlytbnifxrcbiqavwgwtbnmzxyyazaavrgwtbnmzxhyazaavipnpzpazxyyrz": 0.6517857142857143}