{"adrwmhiysnmrrxqa": 0.5357142857142857, "azrwihiyznmelcaa": 0.5238095238095238, "azrtbhiyznmwwxva": 0.5119047619047619, "azrtbhiaznmwdxaa": 0.5119047619047619, "agrtbhiyzkvebcua": 0.4880952380952381, "pzbwsoqyiomwwhvt": 0.5476190476190477, "azrtbhiyznmwwxvaazrtbhiyznmwgxvapzbwsoqyiomwwhvtagrtbhiyzkvebcuaagtwbhvcznmrrxaaazrtbhiaznmwdxaaazrwihiyznmelcaaadrwmhiysnmrrxqaazrzbhisbnvelcvaazrtbhoyznmwhxv": 0.7, "azrzbhisbnvelcva": 0.5238095238095238, "azrtbhiyznmwgxva": 0.5, "average_typicality": 0.5178571428571428, "azrtbhoyznmwhxv": 0.5238095238095238, "agtwbhvcznmrrxaa": 0.5119047619047619}