{"min_typicality": [0.6000000000000001, 0.6000000000000001, 0.6000000000000001, 0.6000000000000001, 0.6000000000000001, 0.6000000000000001, 0.6000000000000001, 0.6000000000000001, 0.6000000000000001, 0.5416666666666667], "yzuhixznfabhwwvcyzuhixznfabhwwvcyzuhixznfabhwwvcyzuhixznfabhwwvcyzuhixznfabhwwvcyzuhixznfabhwwvcyzuhixznfabhwwvcyzuhixznfabhwwvcyzuhixznfabhwwvcyzuhixznfabhwwv": 0.463768115942029, "criterion2": 0, "single_results": {"yzuhixznfabhwwvc": 0.391304347826087, "yzuhixznfabhwwv": 0.391304347826087}, "average_typicality Criterion1": 0.391304347826087}