{"nlbzceadtwdzncvr": 0.463768115942029, "anbzwhuxvwebzcuraabznhuxvwebzfhrddbzghuyvwebzfgcanbzwhuxvwtbzcuranbzwhmxywizncvrnnbzwhbxvwtbzchranbzwiuxvwebzfurnlbzceadtwdzncvraabzokqxvwazsakpkabznhuxvaebztb": 0.6854838709677419, "aabzokqxvwazsakp": 0.4927536231884058, "nnbzwhbxvwtbzchr": 0.42028985507246375, "ddbzghuyvwebzfgc": 0.43478260869565216, "anbzwhuxvwebzcur": 0.4057971014492754, "kabznhuxvaebztb": 0.43478260869565216, "anbzwiuxvwebzfur": 0.391304347826087, "aabznhuxvwebzfhr": 0.36231884057971014, "average_typicality": 0.4217391304347826, "anbzwhmxywizncvr": 0.4057971014492754, "anbzwhuxvwtbzcur": 0.4057971014492754}