{"arrwbnzemywizmm": 0.5357142857142857, "avjxxlzhztwinoyt": 0.5238095238095238, "avgxbnzhtywvzmyr": 0.5, "kdgpbnzcmysqzmyu": 0.5238095238095238, "avgxbnzhtywizmyr": 0.5, "average_typicality": 0.5202380952380952, "arrwbczhtywiemmr": 0.47619047619047616, "avnxbnnhrywmzpym": 0.5357142857142857, "avgxbnzgvnwpzmyr": 0.5476190476190477, "kdgpbnzcmysqzmyuafgxbnzhtywixmyuavgxbnzhtywvzmyravgxbnzgvnwpzmyravjxxlzhztwinoytajgwqrzctywkzmyuavnxbnnhrywmzpymavgxbnzhtywizmyrarrwbczhtywiemmrarrwbnzemywizmm": 0.7230769230769231, "afgxbnzhtywixmyu": 0.5357142857142857, "ajgwqrzctywkzmyu": 0.5238095238095238}