{"aztfwtjrbyiuaayr": 0.5, "azrtxgkvbyihzayr": 0.47619047619047616, "ksrtyaxvbdihgagb": 0.5, "aztxwmnvoyigzatr": 0.5357142857142857, "kgrtxtjrhnlapzg": 0.5238095238095238, "aztxwmnvbdihzatr": 0.4880952380952381, "aztxwmnvbyihzayrazrtxgkvbyihzayraiwzgtjrhnihzatraztfqmnvbyihzatraztxwmnvbdihzatrkzrtbtjrhnlufagbaztfwtjrbyiuaayraztxwmnvoyigzatrksrtyaxvbdihgagbkgrtxtjrhnlapzg": 0.6774193548387096, "aztfqmnvbyihzatr": 0.5238095238095238, "average_typicality": 0.5095238095238095, "aztxwmnvbyihzayr": 0.4880952380952381, "aiwzgtjrhnihzatr": 0.5357142857142857, "kzrtbtjrhnlufagb": 0.5238095238095238}