{"lzvaawncbyalowmx": 0.6111111111111112, "lzvbmfnvbyalowmx": 0.6203703703703703, "lzrvawzviyalfwmx": 0.6018518518518519, "azrbewnvbyahzrc": 0.6203703703703703, "azraewnvbyahzrcx": 0.6203703703703703, "azrbewnvbyahzrcx": 0.6296296296296297, "ashfewkvbyakftmd": 0.6018518518518519, "average_typicality": 0.6148148148148148, "azrkewnvbyahzrax": 0.6018518518518519, "ktrbmfncbbglfimd": 0.6203703703703703, "azrbewnvbyahzrmx": 0.6203703703703703, "azrbewnvbyahzrcxlzvaawncbyalowmxazrkewnvbyahzraxktrbmfncbbglfimdazraewnvbyahzrcxashfewkvbyakftmdlzvbmfnvbyalowmxlzrvawzviyalfwmxazrbewnvbyahzrmxazrbewnvbyahzrc": 0.7017543859649122}