{"azxwuwcnzeyvhbru": 0.6041666666666666, "avxbuwcjymbxhbjuerjwuwsjynxqgyjuazxwbwcnfebahblwazgauwcqymbxhbreezxwuwnjynxqjyjuazxwbwcnceyvpbruazxwuwcnzeyvhbruazxwbwcnzeyvhbruavxwuwcjymyxhbrhavxwuwcnzebahbl": 0.7350427350427351, "avxwuwcjymyxhbrh": 0.5833333333333334, "average_typicality": 0.5885416666666666, "ezxwuwnjynxqjyju": 0.6145833333333334, "avxbuwcjymbxhbju": 0.6041666666666666, "azxwbwcnzeyvhbru": 0.59375, "azxwbwcnceyvpbru": 0.5729166666666666, "azgauwcqymbxhbre": 0.5625, "avxwuwcnzebahbl": 0.5833333333333334, "erjwuwsjynxqgyju": 0.6145833333333334, "azxwbwcnfebahblw": 0.5520833333333334}