{"supportLeg": "Legs", "angles": {"LShoulderRoll": 17.552803159036984, "LShoulderPitch": -8.89480309897453, "RShoulderRoll": -13.715460561805394, "LElbowYaw": 86.26905743193562, "LElbowRoll": -22.001737955460413, "RElbowRoll": 21.38880790165993, "RElbowYaw": 78.95568731646254, "RShoulderPitch": -5.399783468469052}}