{"LShoulderRoll": 22.692925259686994, "LShoulderPitch": 98.89480309897453, "RShoulderRoll": -18.206862381004463, "LElbowYaw": -90, "LAnklePitch": -3.2450723801885033, "RHipRoll": -11.422778725497055, "RAnklePitch": -13.696682992345814, "LHipPitch": -0.3658150343235036, "LKneePitch": 6.234839521116186, "LHipRoll": -0.06754478737490043, "RHipPitch": -5.700720180933914, "LElbowRoll": -22.001737955460413, "RKneePitch": 19.433353281837782, "RElbowRoll": 21.38880790165993, "RElbowYaw": 90, "RShoulderPitch": 95.39978346846905}