{"supportLeg": "Legs", "angles": {"LShoulderRoll": 17.206075163105307, "LShoulderPitch": -5.886312752791443, "RShoulderRoll": -21.417293517963124, "LElbowYaw": 74.72220199420744, "LElbowRoll": -25.763733295648677, "RElbowRoll": 21.998139105625455, "RElbowYaw": 73.69562170407472, "RShoulderPitch": -3.523503563970992}}