{"LShoulderRoll": 22.60861970818881, "LShoulderPitch": 95.88631275279144, "RShoulderRoll": -27.828176788571813, "LElbowYaw": -90, "LAnklePitch": -14.431551799588576, "RHipRoll": -8.098929019324979, "RAnklePitch": -1.6358249605600577, "LHipPitch": -6.014538223567683, "LKneePitch": 8.565627113372898, "LHipRoll": -0.23531157600971916, "RHipPitch": -3.410921069326463, "LElbowRoll": -25.763733295648677, "RKneePitch": 6.100831853052597, "RElbowRoll": 21.99813910562534, "RElbowYaw": -73.69562170407471, "RShoulderPitch": 93.52350356397099}