{"LShoulderRoll": 46.57353097624335, "LShoulderPitch": 79.73659422167322, "RShoulderRoll": -48.85639240062913, "LElbowYaw": -165.37723019596984, "LAnklePitch": -6.9061171277449205, "RHipRoll": -16.470397078894973, "RAnklePitch": -24.179218010511192, "LHipPitch": -1.2450816946592909, "LKneePitch": 8.538601201241164, "LHipRoll": 0.13257316924298335, "RHipPitch": -34.85658473167622, "LElbowRoll": -64.86747396385887, "RKneePitch": 59.1360571643648, "RElbowRoll": 33.467956426304966, "RElbowYaw": -159.24855958629033, "RShoulderPitch": 84.55560006438607}