{"supportLeg": "Legs", "angles": {"LShoulderRoll": 46.57353097624335, "LShoulderPitch": 10.263405778326785, "RShoulderRoll": -48.85639240062913, "LElbowYaw": -14.622769804030174, "LElbowRoll": -64.86747396385887, "RElbowRoll": 33.467956426304966, "RElbowYaw": 0, "RShoulderPitch": 5.44439993561393}}