{"supportLeg": "RLeg", "angles": {"LShoulderRoll": 46.48820205594829, "LShoulderPitch": 15.378097938899586, "RShoulderRoll": -55.704460300360154, "LElbowYaw": -17.557578713299538, "LElbowRoll": -62.1619828828114, "RElbowRoll": 36.151701380685694, "RElbowYaw": 0, "RShoulderPitch": 3.1587603931737362}}