{"supportLeg": "Legs", "angles": {"LShoulderRoll": 63.78567666487181, "LShoulderPitch": 3.8342272693380153, "RShoulderRoll": -53.372328151694205, "LElbowYaw": 11.203050620057894, "LElbowRoll": -51.5928365978439, "RElbowRoll": 32.53079830593765, "RElbowYaw": 15.586587706912606, "RShoulderPitch": 7.043828624866876}}