{"LShoulderRoll": 47.04317167005007, "LShoulderPitch": 86.16577273066198, "RShoulderRoll": -45.34893140669919, "LElbowYaw": -11.20305062005788, "LAnklePitch": -22.19032350327508, "RHipRoll": 7.4055498493737435, "RAnklePitch": -17.556806810055747, "LHipPitch": -22.181582288878047, "LKneePitch": 3.759500034299151, "LHipRoll": -0.008519409942584192, "RHipPitch": -9.415469764450876, "LElbowRoll": -51.5928365978439, "RKneePitch": 8.129845400835393, "RElbowRoll": 32.53079830593771, "RElbowYaw": -15.586587706912596, "RShoulderPitch": 82.95617137513311}