{"LShoulderRoll": 24.600751426550566, "LShoulderPitch": 99.76645973385268, "RShoulderRoll": -32.66526471571009, "LElbowYaw": -60.56977245208118, "LAnklePitch": -1.3957370898150572, "RHipRoll": -1.1006926351391406, "RAnklePitch": -27.3582964428781, "LHipPitch": -7.166283071609527, "LKneePitch": 10.62458049619758, "LHipRoll": -0.0878322401794706, "RHipPitch": -32.5938681492182, "LElbowRoll": -48.38779247954696, "RKneePitch": 19.032895077595327, "RElbowRoll": 49.04681124136084, "RElbowYaw": 0, "RShoulderPitch": 70.85194263421782}