{"supportLeg": "Legs", "angles": {"LShoulderRoll": 22.285249558551442, "LShoulderPitch": -9.766459733852688, "RShoulderRoll": -36.0131156447173, "LElbowYaw": 60.56977245208118, "LElbowRoll": -48.38779247954696, "RElbowRoll": 49.04681124136084, "RElbowYaw": 0, "RShoulderPitch": 19.148057365782165}}