{"LShoulderRoll": -24.176127480212553, "LShoulderPitch": -78.46225212460976, "RShoulderRoll": 30.79408026922821, "LElbowYaw": -90, "LAnklePitch": -12.811360292004977, "RHipRoll": 13.025458644944134, "RAnklePitch": -30.801203434191493, "LHipPitch": -78.35099387973695, "LKneePitch": 63.273348457204236, "LHipRoll": -0.22191014881969806, "RHipPitch": -77.3973181766242, "LElbowRoll": -34.64326746261855, "RKneePitch": 108.33590845643673, "RElbowRoll": 20.349313852644627, "RElbowYaw": 0, "RShoulderPitch": 115.36907900230631}