{"supportLeg": "Legs", "angles": {"LShoulderRoll": -25.51593019408378, "LShoulderPitch": -11.537747875390245, "RShoulderRoll": 37.800057601115526, "LElbowYaw": -64.98946019727885, "LAnklePitch": -12.811360292004963, "RHipRoll": 45, "RAnklePitch": 30.80120343419148, "LHipPitch": -78.35099387973695, "LKneePitch": 63.273348457204264, "LHipRoll": -45, "RHipPitch": -77.39731817662421, "LElbowRoll": -34.64326746261861, "RKneePitch": 108.33590845643673, "RElbowRoll": 20.349313852644656, "RElbowYaw": 0, "RShoulderPitch": -25.369079002306304}}