{"supportLeg": "Legs", "angles": {"LShoulderRoll": -25.527780703895633, "LShoulderPitch": -11.534446511678306, "RShoulderRoll": 37.80047235117174, "LElbowYaw": -62.81175975381415, "LAnklePitch": -12.847745150527459, "RHipRoll": 45, "RAnklePitch": 30.772351881073917, "LHipPitch": -77.4495796042873, "LKneePitch": 62.18003224001684, "LHipRoll": -45, "RHipPitch": -76.17029971151825, "LElbowRoll": -30.94507605065337, "RKneePitch": 107.01207630456662, "RElbowRoll": 20.042865702718444, "RElbowYaw": 0, "RShoulderPitch": -25.365892614204554}}