{"LShoulderRoll": -23.959500298368166, "LShoulderPitch": -78.46555348832169, "RShoulderRoll": 30.528161898636345, "LElbowYaw": -90, "LAnklePitch": -12.847745150527459, "RHipRoll": 16.636888395752823, "RAnklePitch": -30.772351881073888, "LHipPitch": -77.4495796042873, "LKneePitch": 62.18003224001684, "LHipRoll": -0.23905067615290687, "RHipPitch": -76.17029971151825, "LElbowRoll": -30.94507605065334, "RKneePitch": 107.01207630456662, "RElbowRoll": 20.042865702718416, "RElbowYaw": 0, "RShoulderPitch": 115.36589261420455}