{"LShoulderRoll": 32.31828229878162, "LShoulderPitch": 94.39825834529495, "RShoulderRoll": -45.19895840921113, "LElbowYaw": -75.09459476860009, "LAnklePitch": -3.7768816241286487, "RHipRoll": -8.303963629925626, "RAnklePitch": -0.8409526734427288, "LHipPitch": -5.311182030884311, "LKneePitch": 9.097868596397063, "LHipRoll": -0.01014421202217014, "RHipPitch": -3.6952896783192983, "LElbowRoll": -22.1629507412363, "RKneePitch": 4.640415712594773, "RElbowRoll": 18.198825675442066, "RElbowYaw": -79.39845802868447, "RShoulderPitch": 91.45232033763122}