{"supportLeg": "Legs", "angles": {"LShoulderRoll": 26.845471460298434, "LShoulderPitch": -4.39825834529495, "RShoulderRoll": -45.070492480539, "LElbowYaw": 75.09459476860009, "LElbowRoll": -22.16295074123647, "RElbowRoll": 18.198825675442066, "RElbowYaw": 79.39845802868447, "RShoulderPitch": -1.4523203376312206}}