{"supportLeg": "Legs", "angles": {"LShoulderRoll": 55.87072786616932, "LShoulderPitch": 57.35618856975539, "RShoulderRoll": -51.24556786054694, "LElbowYaw": 0, "LElbowRoll": -20.714433857089517, "RElbowRoll": 19.638604734962172, "RElbowYaw": 0, "RShoulderPitch": -42.952038530768796}}