{"LShoulderRoll": 55.87072786616932, "LShoulderPitch": 32.64381143024461, "RShoulderRoll": -51.24556786054694, "LElbowYaw": -64.89655143255114, "LAnklePitch": -5.353828798184978, "RHipRoll": -5.016971665855838, "RAnklePitch": -2.2746973983756504, "LHipPitch": -3.59884663478212, "LKneePitch": 9.148208787303815, "LHipRoll": -0.023799215668685342, "RHipPitch": -2.1661284907461607, "LElbowRoll": -20.714433857089517, "RKneePitch": 4.681541053037392, "RElbowRoll": 19.638604734962172, "RElbowYaw": -93.01273772657066, "RShoulderPitch": 132.9520385307688}