{"supportLeg": "Legs", "angles": {"LShoulderRoll": 52.18090627455365, "LShoulderPitch": 46.766916724463265, "RShoulderRoll": -55.90843508937394, "LElbowYaw": -91.97757178226152, "LElbowRoll": -25.530826136801068, "RElbowRoll": 11.426726742616552, "RElbowYaw": -43.14038304025523, "RShoulderPitch": 118.76293789878645}}