{"supportLeg": "Legs", "angles": {"LShoulderRoll": 52.86773514020048, "LShoulderPitch": 45.854177610940184, "RShoulderRoll": -51.36057829433802, "LElbowYaw": -79.73520167676413, "LElbowRoll": -27.540351010490838, "RElbowRoll": 16.61526107815149, "RElbowYaw": 0, "RShoulderPitch": -32.686186454605874}}