{"LShoulderRoll": 52.86773514020048, "LShoulderPitch": 44.14582238905981, "RShoulderRoll": -51.36057829433802, "LElbowYaw": -100.26479832323585, "LAnklePitch": -0.8092568412390477, "RHipRoll": -74.61057483814473, "RAnklePitch": -16.488721084865716, "LHipPitch": -1.539868233152447, "LKneePitch": 6.001630496084118, "LHipRoll": 0.36047674134147917, "RHipPitch": -67.03364259656327, "LElbowRoll": -27.540351010490838, "RKneePitch": 82.23158014101502, "RElbowRoll": 16.61526107815149, "RElbowYaw": -95.0606308131926, "RShoulderPitch": 122.68618645460587}