{"supportLeg": "Legs", "angles": {"LShoulderRoll": 52.46771505849881, "LShoulderPitch": 52.906507065550485, "RShoulderRoll": -53.804370548023996, "LElbowYaw": 0, "LElbowRoll": -29.130918130117408, "RElbowRoll": 17.812192778228848, "RElbowYaw": 0, "RShoulderPitch": -24.12490381807311}}