{"LShoulderRoll": 52.46771505849881, "LShoulderPitch": 37.09349293444951, "RShoulderRoll": -53.804370548023996, "LElbowYaw": -84.6288603498789, "LAnklePitch": -0.4752328886657864, "RHipRoll": -65.34495187459673, "RAnklePitch": -5.24026928844998, "LHipPitch": -0.6884360424903946, "LKneePitch": 6.088982896609991, "LHipRoll": 0.36939354772399025, "RHipPitch": -32.27967943195053, "LElbowRoll": -29.130918130117408, "RKneePitch": 55.715392960706865, "RElbowRoll": 17.812192778228848, "RElbowYaw": -85.36310423438468, "RShoulderPitch": 114.12490381807311}