{"supportLeg": "Legs", "angles": {"LShoulderRoll": 52.54658027335226, "LShoulderPitch": 37.44249307551481, "RShoulderRoll": -51.409827857451724, "LElbowYaw": -73.18705823182066, "LElbowRoll": -30.994425428114766, "RElbowRoll": 23.400614847635524, "RElbowYaw": 0, "RShoulderPitch": 17.337595903971504}}