{"supportLeg": "RLeg", "angles": {"LShoulderRoll": 49.73012559374724, "LShoulderPitch": 10.242735707050684, "RShoulderRoll": -52.24689134546016, "LElbowYaw": -44.08705544542898, "LElbowRoll": -46.569783858802055, "RElbowRoll": 27.815735591654118, "RElbowYaw": 0, "RShoulderPitch": 6.051230126192124}}