{"supportLeg": "RLeg", "angles": {"LShoulderRoll": 47.32148129541244, "LShoulderPitch": 3.708138541086072, "RShoulderRoll": -52.99441077068685, "LElbowYaw": -13.324488451911993, "LElbowRoll": -60.42802974033461, "RElbowRoll": 30.11594692975507, "RElbowYaw": -103.48465883786929, "RShoulderPitch": 50.64417906078944}}