{"ozzmdencziawcmvzazrmdunnziawcxbrozzmdeylzmawnxvzazrevhyczgaxnxbmwruevhylzwawhxmeazrevhyczwawnxbrazktdhylziagnxbrabkmdencziawcmvrozzpdenczitwcxbzozzsdunzdkagumw": 0.72, "min_typicality": [0.3766666666666666, 0.49499999999999994, 0.36124999999999996, 0.42289473684210527, 0.3766666666666666, 0.4149999999999999, 0.48444444444444446, 0.43647058823529417, 0.30999999999999994, 0.28111111111111114], "criterion2": 1, "single_results": {"azrevhyczwawnxbr": 0.6296296296296297, "ozzsdunzdkagumw": 0.6203703703703703, "wruevhylzwawhxme": 0.6388888888888888, "azrevhyczgaxnxbm": 0.6203703703703703, "ozzpdenczitwcxbz": 0.6296296296296297, "ozzmdencziawcmvz": 0.6388888888888888, "abkmdencziawcmvr": 0.6296296296296297, "ozzmdeylzmawnxvz": 0.6296296296296297, "azrmdunnziawcxbr": 0.6203703703703703, "azktdhylziagnxbr": 0.6018518518518519}, "average_typicality Criterion1": 0.625925925925926}