{"auevxuonjfrztazb": 0.4492753623188406, "ubtvijhrmbzrcaz": 0.43478260869565216, "average_typicality": 0.43188405797101453, "abeaxxhnwbzroazb": 0.42028985507246375, "cuevijpcmbqdwatk": 0.4782608695652174, "aievxuhnwbzrcapr": 0.43478260869565216, "augvijbrmbzogazb": 0.43478260869565216, "abtvijhrwbzrcftb": 0.42028985507246375, "abevxuhnwbzrcazb": 0.37681159420289856, "abevxuhnwbzrcazbabtvijhrwbzrcftbabeaxxhnwbzroazbaugvijbrmbzogazbauevxuonjfrztazbabeflahnwbzrouzbaievxuhnwbzrcaprabmvaaonwbzxiazbcuevijpcmbqdwatkubtvijhrmbzrcaz": 0.7007874015748031, "abmvaaonwbzxiazb": 0.43478260869565216, "abeflahnwbzrouzb": 0.43478260869565216}