{"amijtbclbdznwlb": 0.59375, "abrhebcxyvwnwrbz": 0.59375, "azuhbipxbvwnwrbx": 0.5729166666666666, "azuhbuvxwvwnwrlz": 0.5729166666666666, "pzyhzbclbdznwrbx": 0.59375, "average_typicality": 0.5875, "azuhebvxtxznorbx": 0.5833333333333334, "obbpeiclbdjnwqbx": 0.5729166666666666, "azuhebcxyvwnwrbzazuhebcxyvsnwrbzabrhebcxyvwnwrbzazuhebvxtxznorbxazuhbipxbvwnwrbxobbpeiclbdjnwqbxazygebcktxznwtbxazuhbuvxwvwnwrlzpzyhzbclbdznwrbxamijtbclbdznwlb": 0.7016129032258065, "azygebcktxznwtbx": 0.5833333333333334, "azuhebcxyvsnwrbz": 0.6041666666666666, "azuhebcxyvwnwrbz": 0.6041666666666666}