{"supportLeg": "Legs", "angles": {"LShoulderRoll": 16.855846360483408, "LShoulderPitch": -39.64157867838188, "RShoulderRoll": -34.09154358748425, "LElbowYaw": 128.42891863389025, "LElbowRoll": -40.87248175186784, "RElbowRoll": 25.012337898864587, "RElbowYaw": 72.91333599591118, "RShoulderPitch": -5.800061012889319}}