{"supportLeg": "Legs", "angles": {"LShoulderRoll": 11.69682756702453, "LShoulderPitch": -23.876755517555335, "RShoulderRoll": -35.272575715112296, "LElbowYaw": 93.73353654625585, "LElbowRoll": -43.18342401635846, "RElbowRoll": 26.854278808838217, "RElbowYaw": 82.71353987884353, "RShoulderPitch": -12.34457890706898}}