{"supportLeg": "Legs", "angles": {"LShoulderRoll": 22.823742392218215, "LShoulderPitch": -13.710483640183284, "RShoulderRoll": -15.262757478225092, "LElbowYaw": 82.00167983490495, "LElbowRoll": -35.862836193803616, "RElbowRoll": 21.81434640748992, "RElbowYaw": 74.68346127211954, "RShoulderPitch": -3.098137528196772}}