{"supportLeg": "Legs", "angles": {"LShoulderRoll": 21.363062208346538, "LShoulderPitch": -9.675384897238649, "RShoulderRoll": -16.170848764086834, "LElbowYaw": 78.86764943650627, "LElbowRoll": -30.87740097402704, "RElbowRoll": 23.437250867339742, "RElbowYaw": 71.26919748047798, "RShoulderPitch": -2.2976738720385277}}