{"supportLeg": "Legs", "angles": {"LShoulderRoll": 23.162382967654477, "LShoulderPitch": -9.965183431460149, "RShoulderRoll": -18.375569815187596, "LElbowYaw": 81.72679045183551, "LElbowRoll": -29.23811184985982, "RElbowRoll": 24.10469482170589, "RElbowYaw": 80.91186698935725, "RShoulderPitch": -7.53187199431181}}