{"supportLeg": "Legs", "angles": {"LShoulderRoll": 35.207117564182504, "LShoulderPitch": -2.252535439933318, "RShoulderRoll": -25.37468533306071, "LElbowYaw": 74.23959280776023, "LElbowRoll": -38.77561035192596, "RElbowRoll": 27.909189260637163, "RElbowYaw": 78.72522564014403, "RShoulderPitch": -5.0100950270396725}}