{"supportLeg": "Legs", "angles": {"LShoulderRoll": 31.33385224087144, "LShoulderPitch": -4.75784889732373, "RShoulderRoll": -23.957707448018134, "LElbowYaw": 78.47592911209306, "LElbowRoll": -37.768413105280985, "RElbowRoll": 28.437569347469577, "RElbowYaw": 81.63052451260279, "RShoulderPitch": -8.677810309014422}}