{"supportLeg": "Legs", "angles": {"LShoulderRoll": 30.52061442412471, "LShoulderPitch": -4.265350306431382, "RShoulderRoll": -22.436898048082533, "LElbowYaw": 72.58512920321479, "LElbowRoll": -38.21190296985483, "RElbowRoll": 27.20576190638775, "RElbowYaw": 76.17649281682135, "RShoulderPitch": -6.132946875986559}}