{"supportLeg": "Legs", "angles": {"LShoulderRoll": 28.89306897409944, "LShoulderPitch": -6.161890232858246, "RShoulderRoll": -23.148298579215425, "LElbowYaw": 75.38665632575582, "LElbowRoll": -36.13430753311354, "RElbowRoll": 27.67492422257024, "RElbowYaw": 76.30762836167729, "RShoulderPitch": -5.6981278921074505}}