{"supportLeg": "Legs", "angles": {"LShoulderRoll": 29.709252122864537, "LShoulderPitch": -7.300763397648128, "RShoulderRoll": -27.963956985770604, "LElbowYaw": 72.72238343328637, "LElbowRoll": -41.403039055531025, "RElbowRoll": 30.554979703548582, "RElbowYaw": 78.91230332563532, "RShoulderPitch": -6.303655994672628}}