{"supportLeg": "Legs", "angles": {"LShoulderRoll": 32.14351115239572, "LShoulderPitch": -7.012535318521608, "RShoulderRoll": -27.035091417336712, "LElbowYaw": 68.6918547802872, "LElbowRoll": -44.2822739898765, "RElbowRoll": 30.474861388989268, "RElbowYaw": 74.80378587442922, "RShoulderPitch": -4.088355606058168}}