{"supportLeg": "Legs", "angles": {"LShoulderRoll": 35.15228543392921, "LShoulderPitch": -11.092577461882692, "RShoulderRoll": -29.838274513644908, "LElbowYaw": 71.26591559204033, "LElbowRoll": -50.26574128462164, "RElbowRoll": 32.20975463496961, "RElbowYaw": 73.84564989669651, "RShoulderPitch": -3.9341917785926084}}