{"supportLeg": "Legs", "angles": {"LShoulderRoll": 15.88326949531094, "LShoulderPitch": -16.2823735533306, "RShoulderRoll": -17.654536470967813, "LElbowYaw": 81.7097278827488, "LElbowRoll": -39.91860488094386, "RElbowRoll": 32.33351547790494, "RElbowYaw": 77.6527211235328, "RShoulderPitch": -9.662858849600806}}