{"supportLeg": "Legs", "angles": {"LShoulderRoll": 33.4893972113476, "LShoulderPitch": -19.38106228733724, "RShoulderRoll": -29.99202348286031, "LElbowYaw": 79.21183332538719, "LElbowRoll": -51.93394536380856, "RElbowRoll": 34.56750536291102, "RElbowYaw": 68.00052706254807, "RShoulderPitch": 1.0979518752918267}}