{"supportLeg": "RLeg", "angles": {"LShoulderRoll": 1.4761642561451196, "LShoulderPitch": -8.707575927517066, "RShoulderRoll": -24.60562229539473, "LElbowYaw": -28.016791667308336, "LElbowRoll": -44.91180871752712, "RElbowRoll": 32.21692975826585, "RElbowYaw": 52.71146659684909, "RShoulderPitch": 17.42570306191398}}