{"supportLeg": "Legs", "angles": {"LShoulderRoll": 25.00960210812523, "LShoulderPitch": -49.05360796657816, "RShoulderRoll": -21.598277049874415, "LElbowYaw": 114.47085754232648, "LElbowRoll": -68.23314434089342, "RElbowRoll": 47.82600535289788, "RElbowYaw": 0, "RShoulderPitch": 29.248359445482244}}