{"supportLeg": "Legs", "angles": {"LShoulderRoll": -16.874096367184546, "LShoulderPitch": 24.891359329600235, "RShoulderRoll": 10.015525955367435, "LElbowYaw": -113.23410393472764, "LElbowRoll": -150.35296557031242, "RElbowRoll": 2.3557163815296747, "RElbowYaw": 86.89919267430976, "RShoulderPitch": 2.746457676735986}}