{"supportLeg": "Legs", "angles": {"LShoulderRoll": 20.441084852106833, "LShoulderPitch": -8.808790455149456, "RShoulderRoll": -14.688997641549388, "LElbowYaw": 87.57960725821107, "LElbowRoll": -22.072707718331884, "RElbowRoll": 18.51067514258878, "RElbowYaw": 78.76874326070049, "RShoulderPitch": -3.5312581759938944}}