{"supportLeg": "Legs", "angles": {"LShoulderRoll": 19.658509959061245, "LShoulderPitch": -7.415301706666619, "RShoulderRoll": -15.752688098315291, "LElbowYaw": 82.98701570401165, "LElbowRoll": -24.589204881167575, "RElbowRoll": 19.9874727321602, "RElbowYaw": 80.81735901412644, "RShoulderPitch": -5.464913419136422}}