{"supportLeg": "Legs", "angles": {"LShoulderRoll": 21.24547243418143, "LShoulderPitch": -12.853507734744746, "RShoulderRoll": -15.1755849079671, "LElbowYaw": 85.78209208015483, "LElbowRoll": -32.11790641034713, "RElbowRoll": 15.997086412077351, "RElbowYaw": 83.76315500105459, "RShoulderPitch": -5.164229354492565}}