{"supportLeg": "Legs", "angles": {"LShoulderRoll": 20.365280579958075, "LShoulderPitch": -12.815118063057561, "RShoulderRoll": -16.40480095917925, "LElbowYaw": 84.63577945795012, "LElbowRoll": -32.386810956660526, "RElbowRoll": 15.099713912347823, "RElbowYaw": 76.19934793792851, "RShoulderPitch": -0.9641002980428504}}