{"supportLeg": "Legs", "angles": {"LShoulderRoll": 18.768388354931503, "LShoulderPitch": -13.078816069895506, "RShoulderRoll": -20.08454606201343, "LElbowYaw": 86.10216387258862, "LElbowRoll": -30.310682901144418, "RElbowRoll": 20.238680288787634, "RElbowYaw": 75.13163585434961, "RShoulderPitch": -2.6600120270647305}}