{"supportLeg": "Legs", "angles": {"LShoulderRoll": 22.155859609456904, "LShoulderPitch": -12.111383387209099, "RShoulderRoll": -14.384795561141392, "LElbowYaw": 85.09658924357541, "LElbowRoll": -31.122200684640774, "RElbowRoll": 24.834295138882652, "RElbowYaw": 78.8877476238509, "RShoulderPitch": -7.031906186982562}}