{"supportLeg": "Legs", "angles": {"LShoulderRoll": 19.302423148042834, "LShoulderPitch": -14.673596322810548, "RShoulderRoll": -16.069022486854383, "LElbowYaw": 85.8101989345791, "LElbowRoll": -33.09482269591393, "RElbowRoll": 25.81583447335572, "RElbowYaw": 73.37431365907027, "RShoulderPitch": -4.568247869115881}}