{"supportLeg": "Legs", "angles": {"LShoulderRoll": -18, "LShoulderPitch": 106.65899215958376, "RShoulderRoll": 18, "LElbowYaw": -90, "LElbowRoll": -104.92235817991366, "RElbowRoll": 49.8544210928566, "RElbowYaw": 144.99339563176005, "RShoulderPitch": -57.24386174605513}}