{"supportLeg": "Legs", "angles": {"LShoulderRoll": -18, "LShoulderPitch": 102.67021713212576, "RShoulderRoll": 18, "LElbowYaw": -90, "LElbowRoll": -96.2254265441131, "RElbowRoll": 42.22093859501743, "RElbowYaw": 55.773372266121115, "RShoulderPitch": -5.991757634654251}}