{"supportLeg": "Legs", "angles": {"LShoulderRoll": 40.44231967701959, "LShoulderPitch": 106.36178260476888, "RShoulderRoll": -34.28613888737375, "LElbowYaw": -45.09255095731732, "LElbowRoll": -41.7409326919838, "RElbowRoll": 46.415824123598924, "RElbowYaw": -35.62458881739928, "RShoulderPitch": 93.67391253268315}}