{"supportLeg": "Legs", "angles": {"LShoulderRoll": 42.274564456101, "LShoulderPitch": 106.25593669426401, "RShoulderRoll": -31.85030324352603, "LElbowYaw": -45.05523450574205, "LElbowRoll": -44.143303061309865, "RElbowRoll": 36.82035771895332, "RElbowYaw": -35.42974940082085, "RShoulderPitch": 95.38991972128954}}