{"supportLeg": "Legs", "angles": {"LShoulderRoll": 40.50388200243111, "LShoulderPitch": 106.64579154432674, "RShoulderRoll": -37.08658387767038, "LElbowYaw": -46.368135724521295, "LElbowRoll": -41.90514889941318, "RElbowRoll": 46.650855035955686, "RElbowYaw": -44.99746383730041, "RShoulderPitch": 100.80089468015534}}