{"supportLeg": "Legs", "angles": {"LShoulderRoll": 40.13612616759145, "LShoulderPitch": 109.93780757724626, "RShoulderRoll": -43.640456493082084, "LElbowYaw": -48.46458627328916, "LElbowRoll": -41.3199981456755, "RElbowRoll": 53.67162529844789, "RElbowYaw": -67.73067176849008, "RShoulderPitch": 111.41994542092002}}