{"supportLeg": "Legs", "angles": {"LShoulderRoll": 40.49901481412124, "LShoulderPitch": 111.2664478632189, "RShoulderRoll": -56.65035478657486, "LElbowYaw": -49.470940494036356, "LElbowRoll": -40.07660205596815, "RElbowRoll": 53.31684634220376, "RElbowYaw": -80.83841331826179, "RShoulderPitch": 118}}