{"supportLeg": "Legs", "angles": {"LShoulderRoll": 40.75600402534276, "LShoulderPitch": 111.40219959810291, "RShoulderRoll": -68.96380779680341, "LElbowYaw": -47.10208825826081, "LElbowRoll": -41.66990348131279, "RElbowRoll": 58.89054497917627, "RElbowYaw": -93.02111348751323, "RShoulderPitch": 118}}