{"supportLeg": "Legs", "angles": {"LShoulderRoll": 41.1680942415331, "LShoulderPitch": 111.78972876186897, "RShoulderRoll": -76, "LElbowYaw": -47.63378930061626, "LElbowRoll": -42.21792507411837, "RElbowRoll": 60.43911111537366, "RElbowYaw": 90, "RShoulderPitch": 118}}