{"supportLeg": "Legs", "angles": {"LShoulderRoll": 42.340759457592625, "LShoulderPitch": 111.71480039572432, "RShoulderRoll": -76, "LElbowYaw": -47.91737016724539, "LElbowRoll": -43.20247402828872, "RElbowRoll": 46.52708608687752, "RElbowYaw": 90, "RShoulderPitch": 118}}