{"supportLeg": "Legs", "angles": {"LShoulderRoll": 42.41869427743342, "LShoulderPitch": 111.99961535321046, "RShoulderRoll": 18, "LElbowYaw": -47.503135692436956, "LElbowRoll": -44.61975125211228, "RElbowRoll": 43.276230534428265, "RElbowYaw": -19.212757760478283, "RShoulderPitch": 1.6649716302728024}}