{"supportLeg": "Legs", "angles": {"LShoulderRoll": 42.21571133692165, "LShoulderPitch": 112.64039616220882, "RShoulderRoll": 18, "LElbowYaw": -48.405014836342644, "LElbowRoll": -44.017158957750325, "RElbowRoll": 42.82841979840529, "RElbowYaw": -23.382681837269075, "RShoulderPitch": 3.3457709141647456}}