{"supportLeg": "Legs", "angles": {"LShoulderRoll": 76, "LShoulderPitch": 7.978976950384232, "RShoulderRoll": 18, "LElbowYaw": 54.76397121816355, "LElbowRoll": -38.57938490188232, "RElbowRoll": 38.94107114310836, "RElbowYaw": 94.43254985090535, "RShoulderPitch": -21.884967015503552}}