{"supportLeg": "Legs", "angles": {"LShoulderRoll": 42.05112667966368, "LShoulderPitch": 112.95387644210295, "RShoulderRoll": 18, "LElbowYaw": -48.70157897032652, "LElbowRoll": -44.6845482666869, "RElbowRoll": 44.33522973909794, "RElbowYaw": -24.970012585335294, "RShoulderPitch": 3.1071519629582696}}