{"supportLeg": "Legs", "angles": {"LShoulderRoll": 40.352475630703125, "LShoulderPitch": 111.6624656837715, "RShoulderRoll": 18, "LElbowYaw": 0, "LElbowRoll": -40.78936662141021, "RElbowRoll": 45.42335037193567, "RElbowYaw": -23.385415675565678, "RShoulderPitch": 2.473698390357754}}