{"supportLeg": "Legs", "angles": {"LShoulderRoll": 38.34748781120205, "LShoulderPitch": 114.08322548995082, "RShoulderRoll": 18, "LElbowYaw": -55.412836726582334, "LElbowRoll": -40.57928338096454, "RElbowRoll": 44.426107480930085, "RElbowYaw": -21.975244076066886, "RShoulderPitch": 1.3627187748820688}}