{"supportLeg": "Legs", "angles": {"LShoulderRoll": 43.57162970687154, "LShoulderPitch": 118, "RShoulderRoll": 18, "LElbowYaw": 0, "LElbowRoll": -39.28137398116513, "RElbowRoll": 45.54548679090311, "RElbowYaw": -21.315462617437127, "RShoulderPitch": 1.063494453498933}}