{"supportLeg": "Legs", "angles": {"LShoulderRoll": 52.09003839254344, "LShoulderPitch": 118, "RShoulderRoll": 18, "LElbowYaw": 0, "LElbowRoll": -42.27251106824349, "RElbowRoll": 46.10319360870966, "RElbowYaw": -20.990937513970003, "RShoulderPitch": 0.9485074525160542}}