{"supportLeg": "Legs", "angles": {"LShoulderRoll": 61.09397137558115, "LShoulderPitch": 118, "RShoulderRoll": 18, "LElbowYaw": -93.136741412428, "LElbowRoll": -47.62709181151408, "RElbowRoll": 48.08619452756284, "RElbowYaw": -20.634828406674956, "RShoulderPitch": 0.9821661269760682}}