{"supportLeg": "Legs", "angles": {"LShoulderRoll": 70.45569914842805, "LShoulderPitch": 118, "RShoulderRoll": 18, "LElbowYaw": -90, "LElbowRoll": -31.16249646389403, "RElbowRoll": 47.12146030972076, "RElbowYaw": -19.934699857483466, "RShoulderPitch": 0.07265363080358611}}