{"supportLeg": "Legs", "angles": {"LShoulderRoll": -18, "LShoulderPitch": 0.7408936150221308, "RShoulderRoll": 18, "LElbowYaw": -18.534090373104778, "LElbowRoll": -50.641877039590526, "RElbowRoll": 45.559338712106495, "RElbowYaw": -22.781115704818664, "RShoulderPitch": 1.603084992913395}}