{"supportLeg": "Legs", "angles": {"LShoulderRoll": -18, "LShoulderPitch": 5.573080848325347, "RShoulderRoll": 18, "LElbowYaw": -26.026911396277484, "LElbowRoll": -50.79471102764657, "RElbowRoll": 44.36797327525372, "RElbowYaw": -25.122542932473156, "RShoulderPitch": 3.677491612996775}}