{"supportLeg": "Legs", "angles": {"LShoulderRoll": -18, "LShoulderPitch": 5.073967299913164, "RShoulderRoll": 18, "LElbowYaw": -23.64666847617163, "LElbowRoll": -51.098245795284924, "RElbowRoll": 45.07203908688754, "RElbowYaw": -25.898332506264442, "RShoulderPitch": 3.6665242451196747}}