{"supportLeg": "Legs", "angles": {"LShoulderRoll": 76, "LShoulderPitch": -10.680189286875162, "RShoulderRoll": 18, "LElbowYaw": 86.87189369776429, "LElbowRoll": -23.609942330712585, "RElbowRoll": 26.72613007802866, "RElbowYaw": 68.82888965043384, "RShoulderPitch": -3.044166457291944}}