{"supportLeg": "Legs", "angles": {"LShoulderRoll": -18, "LShoulderPitch": 4.806730503947733, "RShoulderRoll": 18, "LElbowYaw": -23.31436764075133, "LElbowRoll": -55.445642210629, "RElbowRoll": 46.081598102717805, "RElbowYaw": -26.63997532473954, "RShoulderPitch": 3.617851425528599}}