{"supportLeg": "Legs", "angles": {"LShoulderRoll": -18, "LShoulderPitch": 4.988971424385099, "RShoulderRoll": -76, "LElbowYaw": -21.368702701183473, "LElbowRoll": -49.81311550266719, "RElbowRoll": 48.23703396220344, "RElbowYaw": -141.1693771144026, "RShoulderPitch": 118}}