{"supportLeg": "Legs", "angles": {"LShoulderRoll": -18, "LShoulderPitch": 5.71241766079126, "RShoulderRoll": -76, "LElbowYaw": -22.978914734311363, "LElbowRoll": -51.020816073514794, "RElbowRoll": 50.63870508242974, "RElbowYaw": 90, "RShoulderPitch": 118}}