{"supportLeg": "Legs", "angles": {"LShoulderRoll": -18, "LShoulderPitch": 4.288377606276654, "RShoulderRoll": -61.1892442201991, "LElbowYaw": -21.79125910391865, "LElbowRoll": -53.29051467908373, "RElbowRoll": 41.38799790834696, "RElbowYaw": 90, "RShoulderPitch": 118}}