{"supportLeg": "Legs", "angles": {"LShoulderRoll": -18, "LShoulderPitch": 1.818850230706289, "RShoulderRoll": -57.004006637865594, "LElbowYaw": -17.08558979053334, "LElbowRoll": -49.32647960991332, "RElbowRoll": 22.591423843239284, "RElbowYaw": 90, "RShoulderPitch": 118}}