{"supportLeg": "Legs", "angles": {"LShoulderRoll": 76, "LShoulderPitch": 118, "RShoulderRoll": -41.30153171692116, "LElbowYaw": -134.25811536839478, "LElbowRoll": -53.98639415695935, "RElbowRoll": 42.93776809668333, "RElbowYaw": -93.66065395290033, "RShoulderPitch": 118}}