{"supportLeg": "Legs", "angles": {"LShoulderRoll": -18, "LShoulderPitch": 0.3735627901901353, "RShoulderRoll": -31.234940949547376, "LElbowYaw": -13.924779179432742, "LElbowRoll": -51.489653908507336, "RElbowRoll": 23.039919914905624, "RElbowYaw": -76.33956852233163, "RShoulderPitch": 118}}