{"supportLeg": "Legs", "angles": {"LShoulderRoll": 76, "LShoulderPitch": 118, "RShoulderRoll": -26.900250523087152, "LElbowYaw": -90, "LElbowRoll": -51.90611374902639, "RElbowRoll": 26.130795275872543, "RElbowYaw": -51.34905400008114, "RShoulderPitch": 110.41506074881484}}