{"supportLeg": "Legs", "angles": {"LShoulderRoll": -18, "LShoulderPitch": 3.1397152396991572, "RShoulderRoll": -29.62627619876736, "LElbowYaw": -11.725897775961899, "LElbowRoll": -37.37405772974117, "RElbowRoll": 30.006892309612397, "RElbowYaw": -45.93149494422529, "RShoulderPitch": 106.86915984486599}}