{"supportLeg": "Legs", "angles": {"LShoulderRoll": -18, "LShoulderPitch": 3.8447671206579486, "RShoulderRoll": -29.81118865403572, "LElbowYaw": -8.802591958072865, "LElbowRoll": -36.08871916002445, "RElbowRoll": 31.46179443429901, "RElbowYaw": -47.58431726248214, "RShoulderPitch": 107.67262654555034}}