{"supportLeg": "Legs", "angles": {"LShoulderRoll": 76, "LShoulderPitch": -14.174217670971247, "RShoulderRoll": 18, "LElbowYaw": 80.16410795250813, "LElbowRoll": -41.95294676565001, "RElbowRoll": 26.641636578315115, "RElbowYaw": 59.97841448474613, "RShoulderPitch": 2.1478374838266863}}