{"supportLeg": "Legs", "angles": {"LShoulderRoll": 76, "LShoulderPitch": 118, "RShoulderRoll": -30.80954613587933, "LElbowYaw": -90, "LElbowRoll": -49.45824591882871, "RElbowRoll": 34.14063250392081, "RElbowYaw": -49.91097747157687, "RShoulderPitch": 107.92470493253629}}