{"supportLeg": "Legs", "angles": {"LShoulderRoll": 59.92748401112806, "LShoulderPitch": 118, "RShoulderRoll": -30.49059501175041, "LElbowYaw": -90, "LElbowRoll": -45.93093528023536, "RElbowRoll": 31.866037982437433, "RElbowYaw": -52.64514056906966, "RShoulderPitch": 109.42762800259192}}