{"supportLeg": "Legs", "angles": {"LShoulderRoll": 62.34826686255666, "LShoulderPitch": 118, "RShoulderRoll": -30.921608387418622, "LElbowYaw": -90, "LElbowRoll": -28.506955342070086, "RElbowRoll": 33.22370771614828, "RElbowYaw": -53.82285074564021, "RShoulderPitch": 109.98041178405322}}