{"supportLeg": "Legs", "angles": {"LShoulderRoll": 52.00899001452822, "LShoulderPitch": 118, "RShoulderRoll": -31.098225285776927, "LElbowYaw": 0, "LElbowRoll": -32.35949746959503, "RElbowRoll": 31.837148136484274, "RElbowYaw": -52.926857785757335, "RShoulderPitch": 109.07196723486543}}