{"supportLeg": "Legs", "angles": {"LShoulderRoll": 76, "LShoulderPitch": 3.920034782956864, "RShoulderRoll": 18, "LElbowYaw": 65.75321189879033, "LElbowRoll": -42.734540296274844, "RElbowRoll": 37.58674580554455, "RElbowYaw": 68.57995978861062, "RShoulderPitch": -2.8923649778400606}}