{"supportLeg": "Legs", "angles": {"LShoulderRoll": 76, "LShoulderPitch": 10.115361528583056, "RShoulderRoll": 18, "LElbowYaw": 52.24413892084518, "LElbowRoll": -45.94518590448055, "RElbowRoll": 44.22331001871072, "RElbowYaw": 52.469157051348844, "RShoulderPitch": 6.015974120663746}}