{"supportLeg": "Legs", "angles": {"LShoulderRoll": 76, "LShoulderPitch": 13.823282092906119, "RShoulderRoll": 18, "LElbowYaw": 47.68803985344837, "LElbowRoll": -42.4812128919645, "RElbowRoll": 40.99462001419556, "RElbowYaw": 51.762510550497375, "RShoulderPitch": 6.155271922975309}}