{"supportLeg": "Legs", "angles": {"LShoulderRoll": 76, "LShoulderPitch": 16.62394798300136, "RShoulderRoll": 18, "LElbowYaw": 45.199091060588344, "LElbowRoll": -41.76255729588439, "RElbowRoll": 40.74019008491675, "RElbowYaw": 53.004070516044806, "RShoulderPitch": 5.266101969691339}}