{"supportLeg": "Legs", "angles": {"LShoulderRoll": 76, "LShoulderPitch": 16.949275005643734, "RShoulderRoll": 18, "LElbowYaw": 44.90570741677493, "LElbowRoll": -41.828236919673174, "RElbowRoll": 38.25803519028503, "RElbowYaw": 54.10393271619094, "RShoulderPitch": 6.7119323636293595}}