{"anmzhbynvfuuxzwr": 0.34782608695652173, "anbzhbcwgseuxzwr": 0.43478260869565216, "agbzhbynvfvuhzfa": 0.4492753623188406, "anozhbcwgsrolufr": 0.463768115942029, "andzwxcwgseyxjwr": 0.4782608695652174, "average_typicality": 0.42608695652173906, "agbzhbynvfvuhzfaagbzhbywvfvuhzfaanbzhbcwgseuxzwranozhbcwgsrolufrandzwxcwgseyxjwranbzhbcwvwhuxtwranbzhbcwvwhuxffrunbzhbcqgsqylufranmzhbynvfuuxzwranbzhbcwvweuxzw": 0.6495726495726496, "anbzhbcwvweuxzw": 0.391304347826087, "anbzhbcwvwhuxtwr": 0.4057971014492754, "anbzhbcwvwhuxffr": 0.37681159420289856, "agbzhbywvfvuhzfa": 0.4492753623188406, "unbzhbcqgsqylufr": 0.463768115942029}