{"min_typicality": [0.5366666666666666, 0.6057142857142858, 0.5208823529411764, 0.6266666666666667, 0.51875, 0.54, 0.65, 0.49000000000000005, 0.3511111111111111, 0.46375], "criterion2": 0, "single_results": {"znbhbicpvbewfarj": 0.42028985507246375, "anbwbvgdbbzytary": 0.4782608695652174, "anbhbacuvbofzarh": 0.4057971014492754, "anbdbfcuvxeyzarh": 0.391304347826087, "anbhbacxvcewfavj": 0.4057971014492754, "anbhbacuvxewzarh": 0.391304347826087, "rnbhbvcuvxewzarh": 0.34782608695652173, "qnbhpacuubefukz": 0.4492753623188406, "fnbwbfcpvbswzarh": 0.43478260869565216, "qnbhbijgbbofkkzh": 0.4782608695652174}, "anbhbacxvcewfavjanbhbacuvbofzarhanbwbvgdbbzytaryanbdbfcuvxeyzarhznbhbicpvbewfarjrnbhbvcuvxewzarhanbhbacuvxewzarhfnbwbfcpvbswzarhqnbhbijgbbofkkzhqnbhpacuubefukz": 0.6666666666666666, "average_typicality Criterion1": 0.42028985507246375}