{"min_typicality": [0.4149999999999999, 0.4038888888888889, 0.38264705882352945, 0.385, 0.34394736842105267, 0.43647058823529417, 0.39657894736842103, 0.44000000000000006, 0.49499999999999994, 0.39289473684210524], "azrbewnvbyahzxcrazrlexnvryahzxcracrjlwctbpahztddaircewnvbyahzxcrazxuewnubxahauwrazruewctbylhtxdrairceknqkxihzqpnazjbhbntbygymkprazrbebntbylhtxdrafrzjxntbygymqp": 0.7674418604651163, "criterion2": 1, "single_results": {"afrzjxntbygymqp": 0.6203703703703703, "azrlexnvryahzxcr": 0.5925925925925926, "airceknqkxihzqpn": 0.6296296296296297, "aircewnvbyahzxcr": 0.6018518518518519, "azjbhbntbygymkpr": 0.6296296296296297, "azxuewnubxahauwr": 0.6296296296296297, "azrbewnvbyahzxcr": 0.6111111111111112, "azrbebntbylhtxdr": 0.6481481481481481, "acrjlwctbpahztdd": 0.6388888888888888, "azruewctbylhtxdr": 0.5833333333333334}, "average_typicality Criterion1": 0.6185185185185185}