{"min_typicality": [0.87, 0.87, 0.87, 0.87, 0.87, 0.87, 0.87, 0.87, 0.87, 0.8300000000000001], "mamwryatzxnmwztgmamwryatzxnmwztgmamwryatzxnmwztgmamwryatzxnmwztgmamwryatzxnmwztgmamwryatzxnmwztgmamwryatzxnmwztgmamwryatzxnmwztgmamwryatzxnmwztgmamwryatzxnmwzt": 0.3770491803278688, "criterion2": 0, "single_results": {"mamwryatzxnmwzt": 0.14285714285714285, "mamwryatzxnmwztg": 0.14285714285714285}, "average_typicality Criterion1": 0.14285714285714282}