{"aznehxvrcwzmwyba": 0.6296296296296297, "aubaaxvrcfztleby": 0.5925925925925926, "aznehxvrcwzcwyb": 0.6481481481481481, "aubahtgrlmzmwyba": 0.6203703703703703, "aznehpprlmzmwyba": 0.6203703703703703, "ainditgrlwzmwybt": 0.6296296296296297, "azxawxvrcwztliba": 0.6018518518518519, "azxawxvrcwztlibaaznehxvrcwztwybaaubaaxvrcfztlebyainditgrlwzmwybtaznehxvrcwzmwybaazxaaopmlmzmlyqoawbaafprlazmwyvyaubahtgrlmzmwybaaznehpprlmzmwybaaznehxvrcwzcwyb": 0.6916666666666667, "awbaafprlazmwyvy": 0.6388888888888888, "average_typicality": 0.6268518518518518, "aznehxvrcwztwyba": 0.6388888888888888, "azxaaopmlmzmlyqo": 0.6481481481481481}