{"min_typicality": [0.46888888888888897, 0.43999999999999995, 0.4, 0.41500000000000004, 0.43999999999999995, 0.33894736842105266, 0.4625, 0.42666666666666664, 0.4766666666666667, 0.375], "azxawxvrcwztlibaaznehxvrcwztwybaaubaaxvrcfztlebyainditgrlwzmwybtaznehxvrcwzmwybaazxaaopmlmzmlyqoawbaafprlazmwyvyaubahtgrlmzmwybaaznehpprlmzmwybaaznehxvrcwzcwyb": 0.6916666666666667, "criterion2": 1, "single_results": {"aznehxvrcwzmwyba": 0.6296296296296297, "aubaaxvrcfztleby": 0.5925925925925926, "aznehxvrcwzcwyb": 0.6481481481481481, "aubahtgrlmzmwyba": 0.6203703703703703, "aznehpprlmzmwyba": 0.6203703703703703, "ainditgrlwzmwybt": 0.6296296296296297, "azxawxvrcwztliba": 0.6018518518518519, "awbaafprlazmwyvy": 0.6388888888888888, "aznehxvrcwztwyba": 0.6388888888888888, "azxaaopmlmzmlyqo": 0.6481481481481481}, "average_typicality Criterion1": 0.6268518518518518}