{"avqalbecjsghviza": 0.5072463768115942, "avewbxzncubhbrzaavewbxznbubhrizaavqalbecjabhvrzaavqalbecjsghvizaavewmxzncubhbrzcafepkxenviuhbrzaefeehwqocguhbtszafewbwenvuuhbrzaavewbbecjubhvizaavewbweobylhbrn": 0.6692913385826772, "afewbwenvuuhbrza": 0.4057971014492754, "avqalbecjabhvrza": 0.43478260869565216, "average_typicality": 0.4362318840579711, "efeehwqocguhbtsz": 0.4492753623188406, "afepkxenviuhbrza": 0.4492753623188406, "avewbxzncubhbrza": 0.391304347826087, "avewbbecjubhviza": 0.42028985507246375, "avewbxznbubhriza": 0.4057971014492754, "avewbweobylhbrn": 0.43478260869565216, "avewmxzncubhbrzc": 0.463768115942029}