{"min_typicality": [0.5144444444444445, 0.4120588235294118, 0.5025, 0.44625000000000004, 0.5058823529411764, 0.5258823529411765, 0.4320588235294117, 0.4914705882352941, 0.5144444444444445, 0.42625], "criterion2": 0, "average_typicality Criterion1": 0.5166666666666666, "single_results": {"avipnpzpazxyyrz": 0.5119047619047619, "avhlytbnifviyaza": 0.5357142857142857, "alwlytbnifvicbiq": 0.5238095238095238, "avrgwtznmaxhyaya": 0.5238095238095238, "avrgwtbnmzxhyaza": 0.5, "avwgwtbnmzxyyaza": 0.5119047619047619, "alwlytbnifxrcbiq": 0.5119047619047619, "avrgwtbnmzxyyazb": 0.5119047619047619, "aifjnthnmzxyyrzc": 0.5357142857142857}, "avrgwtbnmzxhyazaalwlytbnifvicbiqaifjnthnmzxyyrzcavhlytbnifviyazaavrgwtznmaxhyayaavrgwtbnmzxyyazbalwlytbnifxrcbiqavwgwtbnmzxyyazaavrgwtbnmzxhyazaavipnpzpazxyyrz": 0.6517857142857143}