{"min_typicality": [0.4592105263157895, 0.4592105263157895, 0.4592105263157895, 0.4592105263157895, 0.4592105263157895, 0.4592105263157895, 0.4592105263157895, 0.4592105263157895, 0.4592105263157895, 0.4642105263157895], "criterion2": 0, "uzwiaahxnytvbrmauzwiaahxnytvbrmauzwiaahxnytvbrmauzwiaahxnytvbrmauzwiaahxnytvbrmauzwiaahxnytvbrmauzwiaahxnytvbrmauzwiaahxnytvbrmauzwiaahxnytvbrmauzwiaahxnytvbrm": 0.5833333333333334, "single_results": {"uzwiaahxnytvbrm": 0.5119047619047619, "uzwiaahxnytvbrma": 0.4880952380952381}, "average_typicality Criterion1": 0.4904761904761904}