{"azrevhyczwawnxbr": 0.6296296296296297, "ozzsdunzdkagumw": 0.6203703703703703, "wruevhylzwawhxme": 0.6388888888888888, "ozzmdencziawcmvzazrmdunnziawcxbrozzmdeylzmawnxvzazrevhyczgaxnxbmwruevhylzwawhxmeazrevhyczwawnxbrazktdhylziagnxbrabkmdencziawcmvrozzpdenczitwcxbzozzsdunzdkagumw": 0.72, "azrevhyczgaxnxbm": 0.6203703703703703, "ozzpdenczitwcxbz": 0.6296296296296297, "ozzmdencziawcmvz": 0.6388888888888888, "abkmdencziawcmvr": 0.6296296296296297, "average_typicality": 0.625925925925926, "ozzmdeylzmawnxvz": 0.6296296296296297, "azrmdunnziawcxbr": 0.6203703703703703, "azktdhylziagnxbr": 0.6018518518518519}