{"abrtxmsmgytzmyy": 0.22448979591836735, "azrtxwahyttzwyyn": 0.24489795918367346, "anrtxwfugytzmyya": 0.19607843137254902, "azrtxwaxgvtznyyn": 0.22448979591836735, "lzrtxwawqntzmyyn": 0.21568627450980393, "adroxwawgdtzmhyn": 0.22, "wzrtmwqxqytfwyyi": 0.22916666666666666, "gnetcwsxgytlwsyu": 0.22, "average_typicality": 0.21580742296918767, "azrtxwaxgntzmyyn": 0.16326530612244897, "azrtxwaxgntimyyn": 0.22, "azrtxwaxgntzmyynanrtxwfugytzmyyaazrtxwaxgvtznyynazrtxwahyttzwyynlzrtxwawqntzmyyngnetcwsxgytlwsyuwzrtmwqxqytfwyyiazrtxwaxgntimyynadroxwawgdtzmhynabrtxmsmgytzmyy": 0.6666666666666666}