{"azrtxnwymzgtwxayayztxnwymzgtwxaypjrtzltyazfivavrayztxnwymzptqxaypszsuswvmigtvxqyayztxnkymzgtwxayayatxnlvmiithxayazrtxnwymogtwxaypzypxnwxmoptqqgrayrtxnwymzgtwxa": 0.6694915254237288, "min_typicality": [0.975, 0.8899999999999999, 0.41125, 0.7283333333333333, 0.48875, 0.8240909090909092, 0.5392857142857143, 0.9145454545454546, 0.6511538461538461, 0.95], "criterion2": 0, "single_results": {"azrtxnwymzgtwxay": 0.18, "pzypxnwxmoptqqgr": 0.2, "pszsuswvmigtvxqy": 0.2549019607843137, "azrtxnwymogtwxay": 0.22, "ayztxnkymzgtwxay": 0.22448979591836735, "ayztxnwymzgtwxay": 0.1836734693877551, "pjrtzltyazfivavr": 0.28, "ayztxnwymzptqxay": 0.22916666666666666, "ayatxnlvmiithxay": 0.22916666666666666, "ayrtxnwymzgtwxa": 0.16666666666666666}, "average_typicality Criterion1": 0.2168065226090436}