{"azrtxnwymzgtwxay": 0.18, "pzypxnwxmoptqqgr": 0.2, "pszsuswvmigtvxqy": 0.2549019607843137, "azrtxnwymogtwxay": 0.22, "ayztxnkymzgtwxay": 0.22448979591836735, "ayztxnwymzgtwxay": 0.1836734693877551, "pjrtzltyazfivavr": 0.28, "average_typicality": 0.2168065226090436, "azrtxnwymzgtwxayayztxnwymzgtwxaypjrtzltyazfivavrayztxnwymzptqxaypszsuswvmigtvxqyayztxnkymzgtwxayayatxnlvmiithxayazrtxnwymogtwxaypzypxnwxmoptqqgrayrtxnwymzgtwxa": 0.6694915254237288, "ayztxnwymzptqxay": 0.22916666666666666, "ayatxnlvmiithxay": 0.22916666666666666, "ayrtxnwymzgtwxa": 0.16666666666666666}