{"min_typicality": [0.36764705882352944, 0.5044444444444445, 0.35705882352941176, 0.4475, 0.4766666666666667, 0.49499999999999994, 0.41264705882352937, 0.5064705882352942, 0.2632352941176471, 0.46166666666666656], "wwgsgnhvslrbwxtpazmlcnhvzbrbwxagrzzcbqhtzbrbwxatazwytuhpdxxnwxayazwyenhvzbrbwxafajmlhnhwzbrbwxayazgpcehwxjuwwxafazwyenhvzbrbwxayrwovnnywdxpnsxrtazgyenhvzbrbwxa": 0.6854838709677419, "criterion2": 1, "single_results": {"azgpcehwxjuwwxaf": 0.59375, "rzzcbqhtzbrbwxat": 0.59375, "azwyenhvzbrbwxaf": 0.5729166666666666, "azgyenhvzbrbwxa": 0.5625, "ajmlhnhwzbrbwxay": 0.5729166666666666, "rwovnnywdxpnsxrt": 0.6145833333333334, "azwytuhpdxxnwxay": 0.5416666666666666, "azmlcnhvzbrbwxag": 0.5520833333333334, "wwgsgnhvslrbwxtp": 0.625, "azwyenhvzbrbwxay": 0.5520833333333334}, "average_typicality Criterion1": 0.5781249999999999}