{"azgpcehwxjuwwxaf": 0.59375, "rzzcbqhtzbrbwxat": 0.59375, "azwyenhvzbrbwxaf": 0.5729166666666666, "azgyenhvzbrbwxa": 0.5625, "wwgsgnhvslrbwxtpazmlcnhvzbrbwxagrzzcbqhtzbrbwxatazwytuhpdxxnwxayazwyenhvzbrbwxafajmlhnhwzbrbwxayazgpcehwxjuwwxafazwyenhvzbrbwxayrwovnnywdxpnsxrtazgyenhvzbrbwxa": 0.6854838709677419, "ajmlhnhwzbrbwxay": 0.5729166666666666, "rwovnnywdxpnsxrt": 0.6145833333333334, "azwytuhpdxxnwxay": 0.5416666666666666, "average_typicality": 0.5781249999999999, "azmlcnhvzbrbwxag": 0.5520833333333334, "wwgsgnhvslrbwxtp": 0.625, "azwyenhvzbrbwxay": 0.5520833333333334}