{"agbzhbynvfvuhzfaagbzhbywvfvuhzfaanbzhbcwgseuxzwranozhbcwgsrolufrandzwxcwgseyxjwranbzhbcwvwhuxtwranbzhbcwvwhuxffrunbzhbcqgsqylufranmzhbynvfuuxzwranbzhbcwvweuxzw": 0.6495726495726496, "min_typicality": [0.52, 0.52, 0.5775, 0.4864705882352942, 0.41111111111111115, 0.64, 0.64, 0.45666666666666667, 0.6307142857142857, 0.6742307692307692], "criterion2": 0, "single_results": {"anmzhbynvfuuxzwr": 0.34782608695652173, "anbzhbcwgseuxzwr": 0.43478260869565216, "agbzhbynvfvuhzfa": 0.4492753623188406, "anozhbcwgsrolufr": 0.463768115942029, "andzwxcwgseyxjwr": 0.4782608695652174, "anbzhbcwvweuxzw": 0.391304347826087, "anbzhbcwvwhuxtwr": 0.4057971014492754, "anbzhbcwvwhuxffr": 0.37681159420289856, "agbzhbywvfvuhzfa": 0.4492753623188406, "unbzhbcqgsqylufr": 0.463768115942029}, "average_typicality Criterion1": 0.42608695652173906}