{"min_typicality": [0.44657894736842096, 0.42157894736842105, 0.3711111111111111, 0.46205882352941174, 0.40026315789473677, 0.39289473684210524, 0.37026315789473685, 0.45666666666666667, 0.4615789473684211, 0.42657894736842095], "azbevxwhnrmywzbaavbraxwvnrypazksavwraxwhgriyggxcazbraxwhnrmywzbaazbevxwhnbmywzbadegwatuhnaumbzxaafjkglwvztypazktazbjwxwtnrypunuaazbevxwhnrmywazaazbevxwhnrmywzb": 0.6859504132231405, "criterion2": 1, "single_results": {"degwatuhnaumbzxa": 0.6018518518518519, "azbjwxwtnrypunua": 0.5925925925925926, "azbevxwhnrmywzba": 0.6111111111111112, "azbraxwhnrmywzba": 0.6574074074074074, "afjkglwvztypazkt": 0.6018518518518519, "azbevxwhnrmywzb": 0.6203703703703703, "avwraxwhgriyggxc": 0.6481481481481481, "azbevxwhnrmywaza": 0.6111111111111112, "azbevxwhnbmywzba": 0.6018518518518519, "avbraxwvnrypazks": 0.6111111111111112}, "average_typicality Criterion1": 0.6157407407407408}