{"min_typicality": [0.5494444444444444, 0.4666666666666667, 0.485, 0.466578947368421, 0.3014285714285714, 0.414047619047619, 0.24642857142857144, 0.5016666666666666, 0.44657894736842096, 0.4515789473684211], "criterion2": 0, "aztxwmnvbyihzayrazxrwgnvbbilzlprazxqwmnvbyihzacrapxqwznvryiwzacrogxqwzwvvyuheqfoaztvhmnvbyuheqcooglhvgnvbyuheqcoaztqwznvbyihvayrazxvhmnvbyuhzacraztxwmnvbyuhvay": 0.6554621848739496, "single_results": {"aztvhmnvbyuheqco": 0.5, "ogxqwzwvvyuheqfo": 0.5595238095238095, "oglhvgnvbyuheqco": 0.5119047619047619, "azxqwmnvbyihzacr": 0.5476190476190477, "apxqwznvryiwzacr": 0.5595238095238095, "azxvhmnvbyuhzacr": 0.5238095238095238, "azxrwgnvbbilzlpr": 0.5119047619047619, "aztxwmnvbyihzayr": 0.4880952380952381, "aztxwmnvbyuhvay": 0.5238095238095238, "aztqwznvbyihvayr": 0.5357142857142857}, "average_typicality Criterion1": 0.5261904761904762}