{"znbhbicpvbewfarj": 0.42028985507246375, "anbwbvgdbbzytary": 0.4782608695652174, "anbhbacuvbofzarh": 0.4057971014492754, "anbdbfcuvxeyzarh": 0.391304347826087, "anbhbacxvcewfavj": 0.4057971014492754, "anbhbacuvxewzarh": 0.391304347826087, "rnbhbvcuvxewzarh": 0.34782608695652173, "qnbhpacuubefukz": 0.4492753623188406, "average_typicality": 0.42028985507246375, "fnbwbfcpvbswzarh": 0.43478260869565216, "anbhbacxvcewfavjanbhbacuvbofzarhanbwbvgdbbzytaryanbdbfcuvxeyzarhznbhbicpvbewfarjrnbhbvcuvxewzarhanbhbacuvxewzarhfnbwbfcpvbswzarhqnbhbijgbbofkkzhqnbhpacuubefukz": 0.6666666666666666, "qnbhbijgbbofkkzh": 0.4782608695652174}