{"min_typicality": [0.4878947368421053, 0.575, 0.42157894736842105, 0.44657894736842096, 0.4878947368421053, 0.41500000000000004, 0.4678947368421053, 0.3276470588235294, 0.46588235294117647, 0.3711111111111111], "azuhebcxyvwnwrbzazpxhhbxyvwnwhzmazuheycnyvwnwrbzazxeebcxghiffpbnazuhiccxyvwnwrbzazuhiclnghwffrbzazuhebcxyvynwrbzvvpdiylxysynsrmganthebcxyhanwhzmanreeyckevofkpb": 0.7086614173228346, "criterion2": 1, "single_results": {"azuhiccxyvwnwrbz": 0.5729166666666666, "azuheycnyvwnwrbz": 0.6145833333333334, "azxeebcxghiffpbn": 0.5729166666666666, "azpxhhbxyvwnwhzm": 0.5729166666666666, "anthebcxyhanwhzm": 0.5833333333333334, "anreeyckevofkpb": 0.5833333333333334, "azuhebcxyvynwrbz": 0.5729166666666666, "vvpdiylxysynsrmg": 0.59375, "azuhiclnghwffrbz": 0.5729166666666666, "azuhebcxyvwnwrbz": 0.6041666666666666}, "average_typicality Criterion1": 0.5843749999999999}