{"azuhiccxyvwnwrbz": 0.5729166666666666, "azuheycnyvwnwrbz": 0.6145833333333334, "azxeebcxghiffpbn": 0.5729166666666666, "azpxhhbxyvwnwhzm": 0.5729166666666666, "anthebcxyhanwhzm": 0.5833333333333334, "average_typicality": 0.5843749999999999, "anreeyckevofkpb": 0.5833333333333334, "azuhebcxyvynwrbz": 0.5729166666666666, "azuhebcxyvwnwrbzazpxhhbxyvwnwhzmazuheycnyvwnwrbzazxeebcxghiffpbnazuhiccxyvwnwrbzazuhiclnghwffrbzazuhebcxyvynwrbzvvpdiylxysynsrmganthebcxyhanwhzmanreeyckevofkpb": 0.7086614173228346, "vvpdiylxysynsrmg": 0.59375, "azuhiclnghwffrbz": 0.5729166666666666, "azuhebcxyvwnwrbz": 0.6041666666666666}