{"habxvrubzwnxcyzrhabxvrubzwnxcyzrhabxvrubzwnxcyzrhabxvrubzwnxcyzrhabxvrubzwnxcyzrhabxvrubzwnxcyzrhabxvrubzwnxcyzrhabxvrubzwnxcyzrhabxvrubzwnxcyzrhabxvrubzwnxcyz": 0.6354166666666666, "min_typicality": [0.43166666666666664, 0.43166666666666664, 0.43166666666666664, 0.43166666666666664, 0.43166666666666664, 0.43166666666666664, 0.43166666666666664, 0.43166666666666664, 0.43166666666666664, 0.43666666666666665], "criterion2": 1, "single_results": {"habxvrubzwnxcyz": 0.5833333333333334, "habxvrubzwnxcyzr": 0.5625}, "average_typicality Criterion1": 0.5645833333333333}