{"azbvxhwrwngzubza": 0.6296296296296297, "azbvxhubsnyzcbaa": 0.6388888888888888, "azbvxhwrenyzcbar": 0.6111111111111112, "average_typicality": 0.625, "azbwmdirengbdyqc": 0.6481481481481481, "azbvxdifbngzdbqc": 0.6111111111111112, "aiiwxhwiehymcbaa": 0.6111111111111112, "azbvxhwrenyzcbaa": 0.6111111111111112, "azbvxhwrwnyzcbaa": 0.6388888888888888, "azbvxhwrenyzcbaaazbvxhwrenyzcbarazbvxhwrwnyzcbaaazbvxhwrwngzubzaazbvxhubsnyzcbaaaiiwxhwiehymcbaaazbvxdifbngzdbqcaiivxxwrenqzcbaaazbwmdirengbdyqcazbwmdifbngzuba": 0.7339449541284404, "aiivxxwrenqzcbaa": 0.6018518518518519, "azbwmdifbngzuba": 0.6481481481481481}