{"azxebwnbwvahyrhzazxebwnbwvahyrhzazxebwnbwvahyrhzazxebwnbwvahyrhzazxebwnbwvahyrhzazxebwnbwvahyrhzazxebwnbwvahyrhzazxebwnbwvahyrhzazxebwnbwvahyrhzazxebwnbwvahyrh": 0.6458333333333334, "min_typicality": [0.5064705882352942, 0.5064705882352942, 0.5064705882352942, 0.5064705882352942, 0.5064705882352942, 0.5064705882352942, 0.5064705882352942, 0.5064705882352942, 0.5064705882352942, 0.5114705882352941], "criterion2": 1, "single_results": {"azxebwnbwvahyrhz": 0.59375, "azxebwnbwvahyrh": 0.5833333333333334}, "average_typicality Criterion1": 0.5927083333333333}