{"azvrxhwrqnyzobagozovxhwgentmxlcqazvrxhwrqntmxlagazvrxhwrqnyzdbayazbvxhwrenyzcbayodusxhwdmoqmxbaqazvrxqwrqnyzmeagaybvshwjvzqmxlaqazbvxhwrenymxlawxzbhxhwrnnytdba": 0.7295081967213115, "average_typicality": 0.624074074074074, "azbvxhwrenymxlaw": 0.6111111111111112, "xzbhxhwrnnytdba": 0.6111111111111112, "azvrxhwrqntmxlag": 0.6296296296296297, "azbvxhwrenyzcbay": 0.6203703703703703, "azvrxqwrqnyzmeag": 0.6296296296296297, "ozovxhwgentmxlcq": 0.6203703703703703, "odusxhwdmoqmxbaq": 0.6388888888888888, "aybvshwjvzqmxlaq": 0.6111111111111112, "azvrxhwrqnyzobag": 0.6481481481481481, "azvrxhwrqnyzdbay": 0.6203703703703703}