{"azxtxwmmgnpzmyzy": 0.20408163265306123, "dzrtxwsxgktzcyg": 0.2, "azrtxwaxgntzmyzyazrtzwamgntrmywyaxrbzwmmgnpzmyzyazrtawaxgntrmyzyazrtxpmmgntzmyzyaxubbwfxuvxzmyzdazxtxwmmgnpzmyzyyzrtxwumgqtzkyzyaxobzwflvktzkwzadzrtxwsxgktzcyg": 0.6585365853658537, "axrbzwmmgnpzmyzy": 0.21568627450980393, "axubbwfxuvxzmyzd": 0.27450980392156865, "azrtxwaxgntzmyzy": 0.16666666666666666, "axobzwflvktzkwza": 0.26, "azrtawaxgntrmyzy": 0.16666666666666666, "average_typicality": 0.20957292917166864, "azrtzwamgntrmywy": 0.16326530612244897, "azrtxpmmgntzmyzy": 0.22916666666666666, "yzrtxwumgqtzkyzy": 0.21568627450980393}