{"LShoulderRoll": 26.770864334028225, "LShoulderPitch": 69.78468488321818, "RShoulderRoll": -44.96235037450713, "LElbowYaw": -4.8987651185973675, "LAnklePitch": -6.298127749789941, "RHipRoll": -13.65229444108609, "RAnklePitch": -3.3034131162633287, "LHipPitch": -15.48234384853616, "LKneePitch": 23.28031500787057, "LHipRoll": -0.23104545942816296, "RHipPitch": -16.25533363658616, "LElbowRoll": -55.79583294361886, "RKneePitch": 21.76199706660711, "RElbowRoll": 43.83251970695656, "RElbowYaw": 0, "RShoulderPitch": 63.87347279719292}