{"LShoulderRoll": 28.30963679034542, "LShoulderPitch": 71.15087641849281, "RShoulderRoll": -28.20990226754775, "LElbowYaw": -90, "LAnklePitch": -6.164640844920555, "RHipRoll": -14.35609741435499, "RAnklePitch": -3.233244638012934, "LHipPitch": -15.02174845814828, "LKneePitch": 22.565219373089803, "LHipRoll": -0.23015117648685465, "RHipPitch": -15.97258471054451, "LElbowRoll": -59.290067491189944, "RKneePitch": 21.514916059216148, "RElbowRoll": 45.01870628292659, "RElbowYaw": 0, "RShoulderPitch": 68.15612697257887}