{"LShoulderRoll": 26.359860209111346, "LShoulderPitch": 68.02572977716224, "RShoulderRoll": -28.14929286391848, "LElbowYaw": -1.1769716624219484, "LAnklePitch": -13.73057473064884, "RHipRoll": 3.8262446528167033, "RAnklePitch": -0.39028494217397736, "LHipPitch": -23.892298864743722, "LKneePitch": 10.343736564918117, "LHipRoll": -0.09737075670177688, "RHipPitch": -15.41527492128455, "LElbowRoll": -60.86634707301339, "RKneePitch": 18.61506885424899, "RElbowRoll": 46.122230314477605, "RElbowYaw": 0, "RShoulderPitch": 64.58726410326936}