{"LShoulderRoll": 48.23641635862941, "LShoulderPitch": 57.164462241967264, "RShoulderRoll": -23.00204525379358, "LElbowYaw": 10.104615481605727, "LAnklePitch": -28.206121849477917, "RHipRoll": 7.0879920314027585, "RAnklePitch": -4.046390480753644, "LHipPitch": -31.49389754487168, "LKneePitch": 4.248520755911841, "LHipRoll": -0.07209347993692554, "RHipPitch": -15.050296629267308, "LElbowRoll": -66.00990326843976, "RKneePitch": 21.0616823168356, "RElbowRoll": 64.49962437067676, "RElbowYaw": 90, "RShoulderPitch": 73.12311414993766}