{"LShoulderRoll": 32.12367163508648, "LShoulderPitch": 65.06033012965322, "RShoulderRoll": -23.191379050774966, "LElbowYaw": 0, "LAnklePitch": -35.00814101845955, "RHipRoll": 4.9374038504485736, "RAnklePitch": -3.1377637132371206, "LHipPitch": -29.58748817491208, "LKneePitch": 6.017634988384572, "LHipRoll": -0.008982588872093071, "RHipPitch": -13.477374632441354, "LElbowRoll": -51.770570453088965, "RKneePitch": 18.584339152656355, "RElbowRoll": 41.127170947686096, "RElbowYaw": 0, "RShoulderPitch": 65.12853815958401}