{"LShoulderRoll": 32.44776575310852, "LShoulderPitch": 64.98900237834401, "RShoulderRoll": -22.72295472138253, "LElbowYaw": 0, "LAnklePitch": -24.258478928742292, "RHipRoll": 2.3365319915835987, "RAnklePitch": -8.09462190049561, "LHipPitch": -29.94255363250187, "LKneePitch": 5.778811136494653, "LHipRoll": -0.06512349270759495, "RHipPitch": -9.124179852135342, "LElbowRoll": -54.39934273975837, "RKneePitch": 18.88834906108022, "RElbowRoll": 40.15229352497718, "RElbowYaw": -4.7750091402262385, "RShoulderPitch": 64.67755873280471}