{"LShoulderRoll": 30.780480873335136, "LShoulderPitch": 66.55849876153687, "RShoulderRoll": -39.38752703878329, "LElbowYaw": 0, "LAnklePitch": -15.677156043658698, "RHipRoll": 6.273822931938577, "RAnklePitch": -10.62668341989199, "LHipPitch": -25.63310235213588, "LKneePitch": 11.231629203254897, "LHipRoll": -0.10589000502372165, "RHipPitch": -0.18069563035332692, "LElbowRoll": -55.15534680428179, "RKneePitch": 11.217514464584326, "RElbowRoll": 37.8441063798287, "RElbowYaw": -6.744557378826357, "RShoulderPitch": 65.32114489023321}