{"LShoulderRoll": 31.268757717883428, "LShoulderPitch": 65.2432557543953, "RShoulderRoll": -22.977675401950567, "LElbowYaw": 0, "LAnklePitch": -13.594691923055848, "RHipRoll": 5.498086171367942, "RAnklePitch": -13.209378022773848, "LHipPitch": -23.881721376360005, "LKneePitch": 11.197241417667328, "LHipRoll": -0.09424984737065405, "RHipPitch": -1.6547396084066293, "LElbowRoll": -51.78070478182386, "RKneePitch": 12.28691290421321, "RElbowRoll": 42.84667938444545, "RElbowYaw": 0, "RShoulderPitch": 67.06666758799946}