{"LShoulderRoll": 28.981871292204342, "LShoulderPitch": 70.80604763484916, "RShoulderRoll": -38.72922709873724, "LElbowYaw": 0, "LAnklePitch": -9.965706728121376, "RHipRoll": -2.9952242413082426, "RAnklePitch": -16.625744094960638, "LHipPitch": -18.436537272180203, "LKneePitch": 8.827614539664467, "LHipRoll": 0.028287809649767334, "RHipPitch": -6.792172865055122, "LElbowRoll": -51.42916129232651, "RKneePitch": 11.63338069639289, "RElbowRoll": 39.229080408498874, "RElbowYaw": 0, "RShoulderPitch": 64.1470813731929}