{"LShoulderRoll": 29.179004045013286, "LShoulderPitch": 68.35810964571752, "RShoulderRoll": -26.3183913888475, "LElbowYaw": -6.855229611017826, "LAnklePitch": -4.85986631208938, "RHipRoll": -12.126466291329919, "RAnklePitch": -11.593188739818359, "LHipPitch": -12.731355361514687, "LKneePitch": 17.86509343990309, "LHipRoll": 0.18499616360596077, "RHipPitch": -21.035318114670034, "LElbowRoll": -55.45611830688779, "RKneePitch": 9.880893924934213, "RElbowRoll": 41.85387865115183, "RElbowYaw": -14.408966477782286, "RShoulderPitch": 71.1674650624588}