{"LShoulderRoll": 40.269368981811375, "LShoulderPitch": 61.679220993108615, "RShoulderRoll": -47.0221675129077, "LElbowYaw": -1.282294271379854, "LAnklePitch": -6.200429059416052, "RHipRoll": -5.6978438307766295, "RAnklePitch": -21.693290410401303, "LHipPitch": -10.509571235130977, "LKneePitch": 17.143024351437873, "LHipRoll": 0.1507693826223813, "RHipPitch": -25.933904005595977, "LElbowRoll": -53.528920008105175, "RKneePitch": 4.237554532036057, "RElbowRoll": 41.94587937036599, "RElbowYaw": 0, "RShoulderPitch": 61.60702393380259}