{"LShoulderRoll": 45.096784918699164, "LShoulderPitch": 63.60667737724134, "RShoulderRoll": -28.819920897649205, "LElbowYaw": -90, "LAnklePitch": -12.532305229322006, "RHipRoll": -5.605075176103198, "RAnklePitch": -15.586668581502195, "LHipPitch": -5.603006997796626, "LKneePitch": 18.527942965214095, "LHipRoll": -0.08471476216026218, "RHipPitch": -26.06982197898305, "LElbowRoll": -48.39100998371211, "RKneePitch": 11.936877902986566, "RElbowRoll": 46.30099524874532, "RElbowYaw": 0, "RShoulderPitch": 65.7440994445482}