{"LShoulderRoll": 42.560767929779125, "LShoulderPitch": 64.40754335310208, "RShoulderRoll": -51.233298650926436, "LElbowYaw": -90, "LAnklePitch": -13.13516023490213, "RHipRoll": -5.885934569659972, "RAnklePitch": -15.98710322531808, "LHipPitch": -5.592235363294435, "LKneePitch": 19.119673960220865, "LHipRoll": -0.09148315510776596, "RHipPitch": -25.87928831958027, "LElbowRoll": -61.76226026617661, "RKneePitch": 11.60818774720633, "RElbowRoll": 46.31242213522506, "RElbowYaw": 0, "RShoulderPitch": 63.02255747844767}