{"LShoulderRoll": 40.26699072935361, "LShoulderPitch": 63.80637793885923, "RShoulderRoll": -28.46573026347414, "LElbowYaw": -90, "LAnklePitch": -14.029874954299657, "RHipRoll": -1.6638701195489252, "RAnklePitch": -10.908934001757743, "LHipPitch": -0.29612603863419906, "LKneePitch": 14.547293844423223, "LHipRoll": -0.10735503383705704, "RHipPitch": -24.139023769338422, "LElbowRoll": -50.663204593825355, "RKneePitch": 13.790665133685678, "RElbowRoll": 42.070515696033624, "RElbowYaw": 0, "RShoulderPitch": 66.13148885743516}