{"LShoulderRoll": 32.42166367783749, "LShoulderPitch": 69.9901466995148, "RShoulderRoll": -36.10505451803054, "LElbowYaw": -11.203881577745776, "LAnklePitch": -22.157498556722658, "RHipRoll": 23.04862480517143, "RAnklePitch": -12.591354722887814, "LHipPitch": -3.869233986043241, "LKneePitch": 29.083318826827366, "LHipRoll": 0.13392227431734277, "RHipPitch": -12.246656263809058, "LElbowRoll": -62.093652691714865, "RKneePitch": 2.642536127522021, "RElbowRoll": 37.99028372192819, "RElbowYaw": 0, "RShoulderPitch": 60.503456033319154}