{"LShoulderRoll": 29.803424494980458, "LShoulderPitch": 66.49931165590863, "RShoulderRoll": -39.87935912144455, "LElbowYaw": -4.112846695998151, "LAnklePitch": -13.652208113707218, "RHipRoll": 10.74834844929791, "RAnklePitch": -2.7860194950532815, "LHipPitch": -6.1157623749382, "LKneePitch": 20.013345536726177, "LHipRoll": -0.0996355088169679, "RHipPitch": -16.2878205799247, "LElbowRoll": -60.91370740743643, "RKneePitch": 14.230038207589217, "RElbowRoll": 43.572146185951226, "RElbowYaw": 0, "RShoulderPitch": 60.00001585657247}