{"LShoulderRoll": 26.608137431501554, "LShoulderPitch": 67.28999462456933, "RShoulderRoll": -38.3451613901153, "LElbowYaw": -2.544308389314452, "LAnklePitch": -5.132724864715115, "RHipRoll": 2.7400783343239787, "RAnklePitch": -0.45206003426163477, "LHipPitch": -14.934018850197248, "LKneePitch": 20.254217233117885, "LHipRoll": -0.23840394008666543, "RHipPitch": -16.04556894813915, "LElbowRoll": -59.85582512829042, "RKneePitch": 19.07586230864925, "RElbowRoll": 39.7017966055912, "RElbowYaw": 0, "RShoulderPitch": 58.663641839928445}