{"adntzaiykkngiawz": 0.5476190476190477, "adntzaiykkngiawzavntwrwyxwygyawzavntzriybmbgyawzavnzwzwzvtnhfauzavntzrhybmbaiawzavnzgrhykybaiauzavwngzpzxrbaiackavntzrhyxmbgiawzavntzrhwbjbgyawzamnizrhyxmnavaw": 0.6166666666666667, "average_typicality": 0.5142857142857143, "avntwrwyxwygyawz": 0.5238095238095238, "avnzgrhykybaiauz": 0.5, "avwngzpzxrbaiack": 0.5476190476190477, "avnzwzwzvtnhfauz": 0.5476190476190477, "avntzriybmbgyawz": 0.47619047619047616, "avntzrhybmbaiawz": 0.5, "avntzrhwbjbgyawz": 0.5119047619047619, "avntzrhyxmbgiawz": 0.5119047619047619, "amnizrhyxmnavaw": 0.47619047619047616}