{"amunxphycwnepuzd": 0.5729166666666666, "axwnxwhlcwrezszu": 0.5833333333333334, "axwnxwhlmwnfpbz": 0.59375, "avbnxwayhrnepbzu": 0.5729166666666666, "azbnxwhycwrevbzu": 0.5625, "ezbnxwhjcwmfvbzo": 0.5416666666666666, "axwnqwhlkwrevbnd": 0.6041666666666666, "azbnxwhycwrevbzuaxwaxwhyhwrsqtzdazbnawhycwnckjzhaxwnqwhlkwrevbndamunxphycwnepuzdavbnxwayhrnepbzuaxwnxwhlcwrezszuaxwdxwaqbwmektqdezbnxwhjcwmfvbzoaxwnxwhlmwnfpbz": 0.7153846153846154, "azbnawhycwnckjzh": 0.6145833333333334, "average_typicality": 0.5822916666666667, "axwaxwhyhwrsqtzd": 0.5833333333333334, "axwdxwaqbwmektqd": 0.59375}