{"supportLeg": "Legs", "angles": {"LShoulderRoll": 31.322200852397554, "LShoulderPitch": 92.19836920687068, "RShoulderRoll": -4.370797224793343, "LElbowYaw": -90, "LElbowRoll": -20.965717879003563, "RElbowRoll": 22.013022477864865, "RElbowYaw": 90, "RShoulderPitch": 78.20121676100277}}