{"supportLeg": "Legs", "angles": {"LShoulderRoll": 27.716728854811976, "LShoulderPitch": 91.25994534936957, "RShoulderRoll": -8.510580043814063, "LElbowYaw": -90, "LElbowRoll": -30.911382502875256, "RElbowRoll": 29.832985854921873, "RElbowYaw": -5.775639087229706, "RShoulderPitch": 80.59237650150058}}