{"supportLeg": "Legs", "angles": {"LShoulderRoll": 25.917511571234403, "LShoulderPitch": 91.13597420237463, "RShoulderRoll": -7.054255040819757, "LElbowYaw": -90, "LElbowRoll": -23.170244651808332, "RElbowRoll": 27.051596133586628, "RElbowYaw": 0.5672988971109589, "RShoulderPitch": 80.41713920820142}}