{"supportLeg": "Legs", "angles": {"LShoulderRoll": 36.28375076414526, "LShoulderPitch": 20.431845532949595, "RShoulderRoll": -35.64680117104412, "LElbowYaw": 0, "LAnklePitch": -68, "RHipRoll": 4.674918556635489, "RAnklePitch": -68, "LHipPitch": -80.38204105700376, "LKneePitch": 3.9610086259776267, "LHipRoll": -0.02314915880101846, "RHipPitch": -86.62229706405736, "LElbowRoll": -49.78948421052138, "RKneePitch": 2.1145631413009767, "RElbowRoll": 34.82663999806121, "RElbowYaw": 47.8250557895916, "RShoulderPitch": 6.738143500097408}}