{"supportLeg": "Legs", "angles": {"LShoulderRoll": 36.384233961438234, "LShoulderPitch": 20.34075991788876, "RShoulderRoll": -35.33457902736781, "LElbowYaw": 0, "LAnklePitch": -68, "RHipRoll": 4.748072355363292, "RAnklePitch": -68, "LHipPitch": -80.40220321148504, "LKneePitch": 3.9641960944860273, "LHipRoll": -0.020292396223072995, "RHipPitch": -86.63517711876392, "LElbowRoll": -49.80868064280841, "RKneePitch": 2.2024196605565862, "RElbowRoll": 34.116283442044676, "RElbowYaw": 47.69140555329602, "RShoulderPitch": 7.225554635742185}}