{"supportLeg": "Legs", "angles": {"LShoulderRoll": 36.315422747470215, "LShoulderPitch": 20.114503354492314, "RShoulderRoll": -35.11960157910509, "LElbowYaw": 0, "LAnklePitch": -68, "RHipRoll": 4.765823771132032, "RAnklePitch": -68, "LHipPitch": -80.46644223835467, "LKneePitch": 3.8244630622398574, "LHipRoll": -0.021352436222696614, "RHipPitch": -86.71052953868265, "LElbowRoll": -49.85777716645859, "RKneePitch": 2.469951461841106, "RElbowRoll": 35.12721695952396, "RElbowYaw": 47.53471914324794, "RShoulderPitch": 7.29491923344051}}