{"supportLeg": "Legs", "angles": {"LShoulderRoll": 36.17303788758723, "LShoulderPitch": 20.111229204371313, "RShoulderRoll": -34.70295861949009, "LElbowYaw": 0, "LAnklePitch": -68, "RHipRoll": 4.897602761707336, "RAnklePitch": -68, "LHipPitch": -80.5389067465123, "LKneePitch": 4.145755863213253, "LHipRoll": -0.020760974245637616, "RHipPitch": -86.70140055169996, "LElbowRoll": -50.10035128746992, "RKneePitch": 2.8152722570525555, "RElbowRoll": 34.7947529467468, "RElbowYaw": 47.00521708441256, "RShoulderPitch": 7.8360364879568465}}