{"supportLeg": "Legs", "angles": {"LShoulderRoll": 35.45462416020463, "LShoulderPitch": 19.760061492940935, "RShoulderRoll": -35.00444798617574, "LElbowYaw": 0, "LAnklePitch": -68, "RHipRoll": 4.704234952768825, "RAnklePitch": -68, "LHipPitch": -80.65176783484843, "LKneePitch": 4.8105291105864865, "LHipRoll": -0.020051185249356333, "RHipPitch": -86.97714368786039, "LElbowRoll": -49.58226130721346, "RKneePitch": 3.0336609346570924, "RElbowRoll": 35.20227803611306, "RElbowYaw": 47.78049855078127, "RShoulderPitch": 6.987655487806364}}