{"supportLeg": "Legs", "angles": {"LShoulderRoll": 35.135944082996886, "LShoulderPitch": 19.988571971059145, "RShoulderRoll": -35.089466324660776, "LElbowYaw": 0, "LAnklePitch": -68, "RHipRoll": 4.230567500015225, "RAnklePitch": -0.3663836959360367, "LHipPitch": -80.63567854599772, "LKneePitch": 4.5927612289616775, "LHipRoll": -0.01727415455277677, "RHipPitch": -87.25398593564678, "LElbowRoll": -49.289004639101876, "RKneePitch": 3.2361781778064085, "RElbowRoll": 34.62953127341555, "RElbowYaw": 48.36305360634288, "RShoulderPitch": 6.635495867459554}}