{"supportLeg": "Legs", "angles": {"LShoulderRoll": 34.25564103722214, "LShoulderPitch": 19.209569285371373, "RShoulderRoll": -34.77503503895275, "LElbowYaw": 0, "LAnklePitch": -68, "RHipRoll": 3.8594377304662966, "RAnklePitch": -1.131383668159728, "LHipPitch": -80.30699132980995, "LKneePitch": 3.605919431485802, "LHipRoll": -0.014031460863470804, "RHipPitch": -87.50592059276623, "LElbowRoll": -49.3811036961782, "RKneePitch": 3.8419061759922215, "RElbowRoll": 34.28578916234224, "RElbowYaw": 47.18166510820071, "RShoulderPitch": 7.6893854425407255}}