{"supportLeg": "Legs", "angles": {"LShoulderRoll": 33.603979327650634, "LShoulderPitch": 18.306454617522718, "RShoulderRoll": -34.746012531772514, "LElbowYaw": 0, "LAnklePitch": -68, "RHipRoll": 3.4261414703622757, "RAnklePitch": -2.602302118946625, "LHipPitch": -80.20812818303988, "LKneePitch": 2.361197864599319, "LHipRoll": -0.010531178828703303, "RHipPitch": -87.46464645105179, "LElbowRoll": -49.09169274716871, "RKneePitch": 5.503575390687558, "RElbowRoll": 35.54351632504779, "RElbowYaw": 48.096474704506534, "RShoulderPitch": 6.510853140966347}}