{"supportLeg": "Legs", "angles": {"LShoulderRoll": 33.61949689526982, "LShoulderPitch": 18.083971449889972, "RShoulderRoll": -33.63855593048125, "LElbowYaw": 0, "LAnklePitch": -68, "RHipRoll": 3.455619204257181, "RAnklePitch": -3.0359079095218107, "LHipPitch": -80.43465505907247, "LKneePitch": 1.7875259295662431, "LHipRoll": -0.008306508697678662, "RHipPitch": -87.83969323197249, "LElbowRoll": -50.193538974998035, "RKneePitch": 5.567209206145463, "RElbowRoll": 34.11779757096738, "RElbowYaw": 46.78502570614281, "RShoulderPitch": 7.713669569906713}}