{"supportLeg": "Legs", "angles": {"LShoulderRoll": 34.363821334316384, "LShoulderPitch": 17.256458098394504, "RShoulderRoll": -33.98343939021346, "LElbowYaw": 0, "LAnklePitch": -68, "RHipRoll": 3.038800383784368, "RAnklePitch": -3.1623834252443572, "LHipPitch": -80.62646300643802, "LKneePitch": 1.0398543077476177, "LHipRoll": -0.006713893146267491, "RHipPitch": -88, "LElbowRoll": -49.90857689018779, "RKneePitch": 5.414971196320181, "RElbowRoll": 34.40793740964372, "RElbowYaw": 49.311450442635696, "RShoulderPitch": 6.108807745803361}}