{"supportLeg": "Legs", "angles": {"LShoulderRoll": 26.352823656234836, "LShoulderPitch": 88.7221096525153, "RShoulderRoll": -8.575046824636994, "LElbowYaw": -90, "LElbowRoll": -16.478121527807644, "RElbowRoll": 22.93461648403988, "RElbowYaw": -1.5702186927632624, "RShoulderPitch": 83.43450403407742}}