{"supportLeg": "Legs", "angles": {"LShoulderRoll": 34.05704414363649, "LShoulderPitch": 17.035684379089048, "RShoulderRoll": -33.77520676916127, "LElbowYaw": 0, "LAnklePitch": -68, "RHipRoll": 2.8992950432656066, "RAnklePitch": -3.337605404907535, "LHipPitch": -81.08564349583513, "LKneePitch": 0.8940955412211906, "LHipRoll": -0.002679692351052599, "RHipPitch": -88, "LElbowRoll": -49.75091758801295, "RKneePitch": 5.012696591350021, "RElbowRoll": 35.36141501653344, "RElbowYaw": 49.299226177090986, "RShoulderPitch": 6.1083907212241115}}