{"supportLeg": "Legs", "angles": {"LShoulderRoll": 33.00494829593008, "LShoulderPitch": 16.655435660141478, "RShoulderRoll": -33.98882499050207, "LElbowYaw": 0, "LAnklePitch": -68, "RHipRoll": 2.469106004780072, "RAnklePitch": -4.699187336270953, "LHipPitch": -81.66733150594338, "LKneePitch": 0.5054308545005881, "LHipRoll": 0.000736091013074739, "RHipPitch": -88, "LElbowRoll": -49.24036156334037, "RKneePitch": 5.884479859002255, "RElbowRoll": 35.88231212829041, "RElbowYaw": 50.86316681402565, "RShoulderPitch": 5.173205079242763}}