{"supportLeg": "Legs", "angles": {"LShoulderRoll": 33.038968127909136, "LShoulderPitch": 15.779316399710027, "RShoulderRoll": -33.15206109686627, "LElbowYaw": 0, "LAnklePitch": -68, "RHipRoll": 2.0789424892789548, "RAnklePitch": -5.362827365299353, "LHipPitch": -81.9867644879236, "LKneePitch": 1.0917842678713612, "LHipRoll": 0.005126428057853758, "RHipPitch": -88, "LElbowRoll": -49.62590746413784, "RKneePitch": 6.275250377851734, "RElbowRoll": 32.10781705496211, "RElbowYaw": 51.38711839976387, "RShoulderPitch": 6.698664861646279}}