{"supportLeg": "Legs", "angles": {"LShoulderRoll": 33.56746346137159, "LShoulderPitch": 16.0680208362282, "RShoulderRoll": -33.04690418700954, "LElbowYaw": 0, "LAnklePitch": -68, "RHipRoll": 1.2600833490305305, "RAnklePitch": -6.043617466334709, "LHipPitch": -82.47179978554921, "LKneePitch": 1.9529803227827358, "LHipRoll": 0.013339427669315842, "RHipPitch": -0.6435649303900846, "LElbowRoll": -49.488388336662865, "RKneePitch": 6.425164818728007, "RElbowRoll": 32.08055447909064, "RElbowYaw": 52.72056247824874, "RShoulderPitch": 5.889936938341847}}