{"supportLeg": "Legs", "angles": {"LShoulderRoll": 33.81132920248173, "LShoulderPitch": 15.951342318791362, "RShoulderRoll": -33.19886825990095, "LElbowYaw": 0, "LAnklePitch": -68, "RHipRoll": 0.8657996184537015, "RAnklePitch": -6.1292307746146975, "LHipPitch": -83.11208324913534, "LKneePitch": 1.9015742190049423, "LHipRoll": 0.019515373668346214, "RHipPitch": -1.0607662243491944, "LElbowRoll": -48.79014838062491, "RKneePitch": 6.265429586356589, "RElbowRoll": 32.20202356806405, "RElbowYaw": 53.90977301818548, "RShoulderPitch": 5.035027514470386}}