{"supportLeg": "Legs", "angles": {"LShoulderRoll": 34.11555550158719, "LShoulderPitch": 17.282561603100035, "RShoulderRoll": -33.82772372654361, "LElbowYaw": 0, "LAnklePitch": -68, "RHipRoll": 0.3117919120932613, "RAnklePitch": -6.638130127854467, "LHipPitch": -83.68092399412234, "LKneePitch": 2.121586440445782, "LHipRoll": 0.025403624769961, "RHipPitch": -1.3495090605338191, "LElbowRoll": -47.37588027329946, "RKneePitch": 6.603386922210376, "RElbowRoll": 32.675699321759225, "RElbowYaw": 55.80144286511358, "RShoulderPitch": 3.854915602950342}}