{"supportLeg": "Legs", "angles": {"LShoulderRoll": 35.023138855481264, "LShoulderPitch": 18.163084815922772, "RShoulderRoll": -34.83826007026888, "LElbowYaw": 0, "LAnklePitch": -68, "RHipRoll": -0.18044765962945247, "RAnklePitch": -7.233328266968087, "LHipPitch": -84.06148748284976, "LKneePitch": 2.650135509491804, "LHipRoll": 0.029834603482912968, "RHipPitch": -1.6487530506742871, "LElbowRoll": -47.49944381361445, "RKneePitch": 6.750734766086737, "RElbowRoll": 34.34654670888281, "RElbowYaw": 56.05706996123911, "RShoulderPitch": 2.9069266114883447}}