{"supportLeg": "Legs", "angles": {"LShoulderRoll": 35.154146954445665, "LShoulderPitch": 18.58622802478645, "RShoulderRoll": -35.92221292243928, "LElbowYaw": 0, "LAnklePitch": -68, "RHipRoll": -0.656478985511222, "RAnklePitch": -8.274041047177846, "LHipPitch": -84.6436281744976, "LKneePitch": 3.5539174046892867, "LHipRoll": 0.0398920095381504, "RHipPitch": -2.07982090299609, "LElbowRoll": -47.15364322225014, "RKneePitch": 6.845921783736458, "RElbowRoll": 32.15623840033274, "RElbowYaw": 55.93371538926001, "RShoulderPitch": 4.406156398670177}}