{"supportLeg": "Legs", "angles": {"LShoulderRoll": 35.531204374369544, "LShoulderPitch": 19.985501859843055, "RShoulderRoll": -35.91777070179388, "LElbowYaw": 0, "LAnklePitch": -68, "RHipRoll": -1.226437549521153, "RAnklePitch": -8.963065899456339, "LHipPitch": -84.72911154655455, "LKneePitch": 4.853458715425489, "LHipRoll": 0.04204074616706269, "RHipPitch": -2.144914054544671, "LElbowRoll": -48.45423885422679, "RKneePitch": 7.5521361252082215, "RElbowRoll": 29.911125952535116, "RElbowYaw": 55.84497822063191, "RShoulderPitch": 5.646691143914339}}