{"supportLeg": "Legs", "angles": {"LShoulderRoll": 35.179082683387314, "LShoulderPitch": 19.99636295890585, "RShoulderRoll": -37.671825114984884, "LElbowYaw": 0, "LAnklePitch": -68, "RHipRoll": -1.9801855463210534, "RAnklePitch": -10.053266432214613, "LHipPitch": -85.21807163432638, "LKneePitch": 4.982613001040761, "LHipRoll": 0.0509896246445543, "RHipPitch": -1.9644762469101096, "LElbowRoll": -48.003286873309605, "RKneePitch": 8.465036870540644, "RElbowRoll": 32.606447437185324, "RElbowYaw": 55.6615433973398, "RShoulderPitch": 5.115628053297328}}