{"supportLeg": "Legs", "angles": {"LShoulderRoll": 24.92330578548279, "LShoulderPitch": 88.37952336120026, "RShoulderRoll": -9.381054086456656, "LElbowYaw": -90, "LElbowRoll": -12.665983603280665, "RElbowRoll": 19.736050013262542, "RElbowYaw": 90, "RShoulderPitch": 84.0179351141943}}