{"supportLeg": "Legs", "angles": {"LShoulderRoll": 35.10735239514266, "LShoulderPitch": 21.546344481799665, "RShoulderRoll": -38.66924439813965, "LElbowYaw": 0, "LAnklePitch": -0.20648830426810605, "RHipRoll": -2.5333116327550935, "RAnklePitch": -10.777500878849281, "LHipPitch": -85.70594504923794, "LKneePitch": 5.124886040888413, "LHipRoll": 0.05753707536112505, "RHipPitch": -0.9724061293082826, "LElbowRoll": -47.62355810511232, "RKneePitch": 10.333390159798029, "RElbowRoll": 34.448364177511365, "RElbowYaw": 54.35838117628292, "RShoulderPitch": 5.682427562079511}}