{"supportLeg": "Legs", "angles": {"LShoulderRoll": 35.39449444879253, "LShoulderPitch": 22.483432065528334, "RShoulderRoll": -39.205506613872686, "LElbowYaw": 0, "LAnklePitch": -1.0373473527998982, "RHipRoll": -2.6351420538134462, "RAnklePitch": -11.589739691493463, "LHipPitch": -85.70469818648095, "LKneePitch": 5.962149724955481, "LHipRoll": 0.05852644544793455, "RHipPitch": -88, "LElbowRoll": -48.34926931957395, "RKneePitch": 12.569332364222134, "RElbowRoll": 35.08052191567651, "RElbowYaw": 52.933323146872034, "RShoulderPitch": 6.397131347510893}}