{"supportLeg": "Legs", "angles": {"LShoulderRoll": 35.684571995014885, "LShoulderPitch": 23.22236731239761, "RShoulderRoll": -39.43751179485798, "LElbowYaw": 0, "LAnklePitch": -1.4078412040482675, "RHipRoll": -2.5612162536715566, "RAnklePitch": -6.76635147205883, "LHipPitch": -85.97683109475369, "LKneePitch": 5.856894393199383, "LHipRoll": 0.06460071259154086, "RHipPitch": -87.75233411609948, "LElbowRoll": -48.83894543390727, "RKneePitch": 10.265762462787592, "RElbowRoll": 35.95285295914539, "RElbowYaw": 51.444999269118576, "RShoulderPitch": 6.801461973500196}}