{"supportLeg": "Legs", "angles": {"LShoulderRoll": 35.41963422066924, "LShoulderPitch": 23.592632948210223, "RShoulderRoll": -39.73690314029093, "LElbowYaw": 0, "LAnklePitch": -1.8313833806655708, "RHipRoll": -1.370152623477376, "RAnklePitch": -7.418935088125636, "LHipPitch": -86.36178048358614, "LKneePitch": 5.802574611614119, "LHipRoll": 0.07139072305868488, "RHipPitch": -85.08193161797098, "LElbowRoll": -48.16954417562809, "RKneePitch": 12.334581248090643, "RElbowRoll": 35.717551648129984, "RElbowYaw": 50.999997091314846, "RShoulderPitch": 7.130378076165485}}