{"supportLeg": "Legs", "angles": {"LShoulderRoll": 35.71358809974889, "LShoulderPitch": 23.692449574021907, "RShoulderRoll": -39.81024514609728, "LElbowYaw": 0, "LAnklePitch": -1.7791446749702402, "RHipRoll": -1.6993379496262073, "RAnklePitch": -4.494090361168702, "LHipPitch": -86.6637666785629, "LKneePitch": 5.43554297338045, "LHipRoll": 0.07362440049438125, "RHipPitch": -82.55086582334317, "LElbowRoll": -48.639453626766795, "RKneePitch": 11.950704820810358, "RElbowRoll": 35.50221544606839, "RElbowYaw": 50.975333497015534, "RShoulderPitch": 6.807417241356191}}