{"supportLeg": "Legs", "angles": {"LShoulderRoll": 35.335204508402136, "LShoulderPitch": 23.56671442310774, "RShoulderRoll": -39.32769519791753, "LElbowYaw": 0, "LAnklePitch": -1.8094474207618418, "RHipRoll": -2.5870756524603205, "RAnklePitch": -0.36864733892033996, "LHipPitch": -86.88799172056308, "LKneePitch": 5.4362652718341735, "LHipRoll": 0.07141669977836573, "RHipPitch": -80.88908967757675, "LElbowRoll": -48.72526088500186, "RKneePitch": 9.489852719628601, "RElbowRoll": 35.16863717354255, "RElbowYaw": 50.44623034861632, "RShoulderPitch": 6.75876035252351}}