{"supportLeg": "Legs", "angles": {"LShoulderRoll": 35.436267073271566, "LShoulderPitch": 23.24439679302138, "RShoulderRoll": -38.64405517986243, "LElbowYaw": 0, "LAnklePitch": -1.933077175950146, "RHipRoll": -3.0903874914541394, "RAnklePitch": -68, "LHipPitch": -87.27904763491345, "LKneePitch": 5.36077095354031, "LHipRoll": 0.06897400825849083, "RHipPitch": -79.93221762402847, "LElbowRoll": -49.166712943555495, "RKneePitch": 5.911674636720051, "RElbowRoll": 34.41310470146922, "RElbowYaw": 50.296004786113585, "RShoulderPitch": 6.960544707862596}}