{"supportLeg": "Legs", "angles": {"LShoulderRoll": 35.39183387727897, "LShoulderPitch": 23.06381019020752, "RShoulderRoll": -38.27401095664343, "LElbowYaw": 0, "LAnklePitch": -1.9438516348548092, "RHipRoll": -3.478258086466122, "RAnklePitch": -68, "LHipPitch": -87.52770320316685, "LKneePitch": 5.302308865607358, "LHipRoll": 0.06835718683051394, "RHipPitch": -79.38911311027218, "LElbowRoll": -49.14448079076624, "RKneePitch": 5.049470395589623, "RElbowRoll": 35.16383497551101, "RElbowYaw": 50.286975370532176, "RShoulderPitch": 6.510894160064623}}