{"supportLeg": "Legs", "angles": {"LShoulderRoll": 35.331625787434135, "LShoulderPitch": 23.03741727406664, "RShoulderRoll": -37.96575564720648, "LElbowYaw": 0, "LAnklePitch": -2.152077265825042, "RHipRoll": -3.5782268697494946, "RAnklePitch": -68, "LHipPitch": -87.72582502313034, "LKneePitch": 5.67348311420875, "LHipRoll": 0.06569479917956111, "RHipPitch": -78.81930663378664, "LElbowRoll": -49.13691921398842, "RKneePitch": 4.387646622049402, "RElbowRoll": 35.37414611060004, "RElbowYaw": 50.532269201631, "RShoulderPitch": 5.929087646786172}}