{"supportLeg": "Legs", "angles": {"LShoulderRoll": 35.284269714088246, "LShoulderPitch": 22.98433524312364, "RShoulderRoll": -37.74553972182092, "LElbowYaw": 0, "LAnklePitch": -2.1652211640033414, "RHipRoll": -3.8360264903727086, "RAnklePitch": -68, "LHipPitch": -87.83150747542771, "LKneePitch": 5.810128822973354, "LHipRoll": 0.06258642846300677, "RHipPitch": -78.33871210102987, "LElbowRoll": -49.43373770903065, "RKneePitch": 3.865990404073898, "RElbowRoll": 35.46568809385556, "RElbowYaw": 50.426595803204535, "RShoulderPitch": 5.711720691738421}}