{"supportLeg": "Legs", "angles": {"LShoulderRoll": 24.685727963511482, "LShoulderPitch": 86.2904262642446, "RShoulderRoll": -10.307540103064117, "LElbowYaw": -90, "LElbowRoll": -19.11196436942717, "RElbowRoll": 16.78471203395469, "RElbowYaw": 90, "RShoulderPitch": 85.69088621311438}}