{"supportLeg": "Legs", "angles": {"LShoulderRoll": 35.34971770080154, "LShoulderPitch": 22.74133236787094, "RShoulderRoll": -37.5213426731405, "LElbowYaw": 0, "LAnklePitch": -2.309903711443866, "RHipRoll": -3.9674277633366013, "RAnklePitch": -68, "LHipPitch": -87.88029313748838, "LKneePitch": 5.970403842152393, "LHipRoll": 0.06099609752796215, "RHipPitch": -77.98925787083743, "LElbowRoll": -49.65078320156445, "RKneePitch": 3.5478894127414264, "RElbowRoll": 35.403799321798886, "RElbowYaw": 50.402596733238525, "RShoulderPitch": 5.445198903322051}}