{"supportLeg": "Legs", "angles": {"LShoulderRoll": 35.23449255856358, "LShoulderPitch": 22.61288781409165, "RShoulderRoll": -37.43179260143662, "LElbowYaw": 0, "LAnklePitch": -2.509510538776439, "RHipRoll": -4.119698164123137, "RAnklePitch": -68, "LHipPitch": -87.96749715240362, "LKneePitch": 6.099805542127115, "LHipRoll": 0.05923911288532858, "RHipPitch": -77.75225571681443, "LElbowRoll": -49.82195422160859, "RKneePitch": 3.595882965104636, "RElbowRoll": 35.369466541874004, "RElbowYaw": 50.35352898370943, "RShoulderPitch": 5.354696381091173}}