{"supportLeg": "Legs", "angles": {"LShoulderRoll": 34.927366845378934, "LShoulderPitch": 22.10753375868704, "RShoulderRoll": -36.83266134588056, "LElbowYaw": 0, "LAnklePitch": -2.691119940787928, "RHipRoll": -3.8902197830799556, "RAnklePitch": -68, "LHipPitch": -88, "LKneePitch": 6.008826423361455, "LHipRoll": 0.05888844832013199, "RHipPitch": -77.95868460548824, "LElbowRoll": -49.73347046380303, "RKneePitch": 3.729034724984757, "RElbowRoll": 34.765196653782255, "RElbowYaw": 49.68095973073415, "RShoulderPitch": 5.62960338340865}}