{"supportLeg": "Legs", "angles": {"LShoulderRoll": 34.47011565021221, "LShoulderPitch": 21.71542001676424, "RShoulderRoll": -36.71208116694536, "LElbowYaw": 0, "LAnklePitch": -2.6760583090659793, "RHipRoll": -3.7548275841167222, "RAnklePitch": -68, "LHipPitch": -88, "LKneePitch": 5.877075131364734, "LHipRoll": 0.05786819207750263, "RHipPitch": -78.08162525009759, "LElbowRoll": -49.340687876759176, "RKneePitch": 3.914139282695146, "RElbowRoll": 34.681936498378946, "RElbowYaw": 49.741717785464765, "RShoulderPitch": 5.439572961141877}}