{"supportLeg": "Legs", "angles": {"LShoulderRoll": 34.280284869658296, "LShoulderPitch": 21.603155539017905, "RShoulderRoll": -36.252349234356195, "LElbowYaw": 0, "LAnklePitch": -2.8125493211942256, "RHipRoll": -3.418263887512288, "RAnklePitch": -68, "LHipPitch": -88, "LKneePitch": 5.682343680355558, "LHipRoll": 0.05487253832938375, "RHipPitch": -78.35340623187508, "LElbowRoll": -49.06016288683588, "RKneePitch": 4.176914515606285, "RElbowRoll": 34.48522086398171, "RElbowYaw": 49.75107277927527, "RShoulderPitch": 5.460003227667372}}