{"supportLeg": "Legs", "angles": {"LShoulderRoll": 35.225691640136404, "LShoulderPitch": 21.24930756986076, "RShoulderRoll": -35.61696211850331, "LElbowYaw": 0, "LAnklePitch": -3.152997993385384, "RHipRoll": -2.807552954244371, "RAnklePitch": -68, "LHipPitch": -88, "LKneePitch": 6.191638903497648, "LHipRoll": 0.04570700984299331, "RHipPitch": -78.69577933498564, "LElbowRoll": -49.841698939689195, "RKneePitch": 4.481823626222223, "RElbowRoll": 33.72715254183373, "RElbowYaw": 48.31347557390903, "RShoulderPitch": 6.649344841820394}}