{"supportLeg": "Legs", "angles": {"LShoulderRoll": 35.426234540644714, "LShoulderPitch": 20.474469965187367, "RShoulderRoll": -34.660726580309365, "LElbowYaw": 0, "LAnklePitch": -3.9963250372789076, "RHipRoll": -2.697342739198038, "RAnklePitch": -68, "LHipPitch": -88, "LKneePitch": 6.661740345209864, "LHipRoll": 0.03922056708102063, "RHipPitch": -78.66100664249586, "LElbowRoll": -50.28663766507296, "RKneePitch": 4.472298242407049, "RElbowRoll": 33.05440311892042, "RElbowYaw": 46.65023207409587, "RShoulderPitch": 7.688144652137765}}