{"supportLeg": "Legs", "angles": {"LShoulderRoll": 34.14714832951396, "LShoulderPitch": 19.758328763990775, "RShoulderRoll": -34.62471318639649, "LElbowYaw": 0, "LAnklePitch": -4.930386583082026, "RHipRoll": -1.9622173491734858, "RAnklePitch": -68, "LHipPitch": -88, "LKneePitch": 6.516971166405483, "LHipRoll": 0.0319826840195213, "RHipPitch": -79.59594726286298, "LElbowRoll": -50.44684717101367, "RKneePitch": 4.2417571038569974, "RElbowRoll": 35.1106399880768, "RElbowYaw": 42.57303663649853, "RShoulderPitch": 9.373699337047512}}