{"supportLeg": "Legs", "angles": {"LShoulderRoll": 33.01366632970149, "LShoulderPitch": 19.03861853454167, "RShoulderRoll": -35.782560365773755, "LElbowYaw": 0, "LAnklePitch": -5.352475574833932, "RHipRoll": -1.5353378448936972, "RAnklePitch": -68, "LHipPitch": -0.6828473365433609, "LKneePitch": 6.024189546643015, "LHipRoll": 0.027189147009049553, "RHipPitch": -80.24642674120662, "LElbowRoll": -48.732456499392384, "RKneePitch": 4.091640526327637, "RElbowRoll": 36.13273482200864, "RElbowYaw": 40.74703612078471, "RShoulderPitch": 11.273192586399688}}