{"supportLeg": "Legs", "angles": {"LShoulderRoll": 33.507364307128825, "LShoulderPitch": 18.214437119814193, "RShoulderRoll": -38.97358578854193, "LElbowYaw": 0, "LAnklePitch": -5.98269457958726, "RHipRoll": -1.182689973729222, "RAnklePitch": -68, "LHipPitch": -0.8141400803859113, "LKneePitch": 6.059754872416875, "LHipRoll": 0.02347611877442846, "RHipPitch": -80.85578064214491, "LElbowRoll": -49.92532227308925, "RKneePitch": 3.849571836642724, "RElbowRoll": 37.70847948112902, "RElbowYaw": 38.955069273640724, "RShoulderPitch": 14.021907712015619}}