{"supportLeg": "Legs", "angles": {"LShoulderRoll": 24.201114860317986, "LShoulderPitch": 87.52605500676766, "RShoulderRoll": -10.93536745731531, "LElbowYaw": -90, "LElbowRoll": -19.87870501343994, "RElbowRoll": 17.731056821276496, "RElbowYaw": 90, "RShoulderPitch": 83.57653212813618}}