{"supportLeg": "Legs", "angles": {"LShoulderRoll": 33.10702107968624, "LShoulderPitch": 17.835949945264034, "RShoulderRoll": -46.8864186076854, "LElbowYaw": 0, "LAnklePitch": -6.167938035342004, "RHipRoll": -1.4398500910890617, "RAnklePitch": -68, "LHipPitch": -1.1813470429562614, "LKneePitch": 5.804972663885593, "LHipRoll": 0.021347664027499012, "RHipPitch": -80.82669070048907, "LElbowRoll": -49.49797180705596, "RKneePitch": 3.261452542056759, "RElbowRoll": 44.43699565335339, "RElbowYaw": 35.59934786801091, "RShoulderPitch": 18.56551396024328}}