{"supportLeg": "Legs", "angles": {"LShoulderRoll": 32.333284679622835, "LShoulderPitch": 17.15165422308482, "RShoulderRoll": -59.211627165162874, "LElbowYaw": 0, "LAnklePitch": -6.302887810655932, "RHipRoll": -1.1565065006211273, "RAnklePitch": -68, "LHipPitch": -1.6454273173914657, "LKneePitch": 5.338960672500946, "LHipRoll": 0.02158434973395039, "RHipPitch": -81.12204752603711, "LElbowRoll": -48.103438430315634, "RKneePitch": 3.1599785069854534, "RElbowRoll": 51.126965996800664, "RElbowYaw": 12.531582176337622, "RShoulderPitch": 38.10359395520231}}