{"supportLeg": "Legs", "angles": {"LShoulderRoll": 31.614828968774315, "LShoulderPitch": 16.696158729246832, "RShoulderRoll": -44.187582260906545, "LElbowYaw": 0, "LAnklePitch": -6.3466118351275895, "RHipRoll": -0.7963323568307377, "RAnklePitch": -68, "LHipPitch": -1.8004714111804958, "LKneePitch": 5.358115016310336, "LHipRoll": 0.019177861178440763, "RHipPitch": -81.17365163895515, "LElbowRoll": -48.55147475310122, "RKneePitch": 3.5919971544032023, "RElbowRoll": 62.708217491335304, "RElbowYaw": -0.7586327498132164, "RShoulderPitch": 44.50456599538026}}