{"supportLeg": "Legs", "angles": {"LShoulderRoll": 31.62149637944879, "LShoulderPitch": 16.38119521499516, "RShoulderRoll": -45.050701237019965, "LElbowYaw": 0, "LAnklePitch": -6.457162505993992, "RHipRoll": -0.8376927057911981, "RAnklePitch": -68, "LHipPitch": -1.8793640133162484, "LKneePitch": 5.337167302914565, "LHipRoll": 0.016258088649256718, "RHipPitch": -80.9191809104443, "LElbowRoll": -48.81517953232117, "RKneePitch": 3.854887061164874, "RElbowRoll": 66.65611804422167, "RElbowYaw": -19.92751640496764, "RShoulderPitch": 54.05766291676921}}