{"supportLeg": "Legs", "angles": {"LShoulderRoll": 31.92178298914001, "LShoulderPitch": 16.26502738408807, "RShoulderRoll": -45.66210505183066, "LElbowYaw": 0, "LAnklePitch": -6.531066445779956, "RHipRoll": -0.5498884110526447, "RAnklePitch": -68, "LHipPitch": -1.9192911761344078, "LKneePitch": 5.298450605327957, "LHipRoll": 0.015018181141397583, "RHipPitch": -80.83819064875594, "LElbowRoll": -49.506149762308155, "RKneePitch": 4.27447551920838, "RElbowRoll": 77.39795130107936, "RElbowYaw": -41.14701798432173, "RShoulderPitch": 74.15014430436328}}