{"supportLeg": "Legs", "angles": {"LShoulderRoll": 31.894504043382465, "LShoulderPitch": 16.34469296060756, "RShoulderRoll": -45.7006814205454, "LElbowYaw": 0, "LAnklePitch": -6.50875200055917, "RHipRoll": -0.3130152496226081, "RAnklePitch": -68, "LHipPitch": -1.9841994953026045, "LKneePitch": 5.347496512371578, "LHipRoll": 0.012616604664275744, "RHipPitch": -80.75336111118318, "LElbowRoll": -49.50529493997922, "RKneePitch": 4.553665948603765, "RElbowRoll": 84.37487469464999, "RElbowYaw": -70.28834799040308, "RShoulderPitch": 101.10360966018114}}