{"supportLeg": "Legs", "angles": {"LShoulderRoll": 31.656342015906688, "LShoulderPitch": 16.630356708454613, "RShoulderRoll": -45.39433383636762, "LElbowYaw": 0, "LAnklePitch": -6.85379876169479, "RHipRoll": -0.26069903481683365, "RAnklePitch": -68, "LHipPitch": -1.9951055926642312, "LKneePitch": 5.661233530835261, "LHipRoll": 0.011845439552614691, "RHipPitch": -80.70555562927375, "LElbowRoll": -49.089399885750424, "RKneePitch": 4.639652146335834, "RElbowRoll": 90.36508622193399, "RElbowYaw": -107.6649112965508, "RShoulderPitch": 139.1462749011385}}