{"supportLeg": "Legs", "angles": {"LShoulderRoll": 32.46345404777257, "LShoulderPitch": 16.714995201140525, "RShoulderRoll": -44.56264791640457, "LElbowYaw": 38.1238136676709, "LAnklePitch": -6.887973734203413, "RHipRoll": -0.18630994323482133, "RAnklePitch": -68, "LHipPitch": -1.9689047497197265, "LKneePitch": 5.723219279306591, "LHipRoll": 0.011156502370636857, "RHipPitch": -80.58546600573126, "LElbowRoll": -48.50397161816025, "RKneePitch": 4.915662756606565, "RElbowRoll": 98.06105363033194, "RElbowYaw": 26.080004696179472, "RShoulderPitch": -0.5194836360836376}}