{"supportLeg": "Legs", "angles": {"LShoulderRoll": 33.10724166552676, "LShoulderPitch": 16.735632764879256, "RShoulderRoll": -52.82497493868441, "LElbowYaw": 38.02042182462559, "LAnklePitch": -6.8920202429958835, "RHipRoll": -0.12399919484168428, "RAnklePitch": -68, "LHipPitch": -2.0035130985693286, "LKneePitch": 5.809336969444928, "LHipRoll": 0.009318354746799207, "RHipPitch": -80.44867398723025, "LElbowRoll": -49.364134973100505, "RKneePitch": 5.156269132855897, "RElbowRoll": 93.68357947813703, "RElbowYaw": 0, "RShoulderPitch": 95.0988117885902}}