{"supportLeg": "Legs", "angles": {"LShoulderRoll": 33.90570773869212, "LShoulderPitch": 16.60102965029175, "RShoulderRoll": -50.87819700600698, "LElbowYaw": 38.310834304636266, "LAnklePitch": -6.966960974959349, "RHipRoll": -0.14170044197133366, "RAnklePitch": -68, "LHipPitch": -2.0661622445319665, "LKneePitch": 5.824703690543458, "LHipRoll": 0.00878241194515329, "RHipPitch": -80.3985681476757, "LElbowRoll": -50.245469359508235, "RKneePitch": 5.23825673068265, "RElbowRoll": 90.50471048503977, "RElbowYaw": 90, "RShoulderPitch": 116.8069608185907}}