{"supportLeg": "Legs", "angles": {"LShoulderRoll": 22.027605455202444, "LShoulderPitch": 87.10685757424594, "RShoulderRoll": -11.856026229934526, "LElbowYaw": -22.54197963425301, "LElbowRoll": -27.99542808348673, "RElbowRoll": 17.28526686256251, "RElbowYaw": 90, "RShoulderPitch": 83.5548038042318}}