{"supportLeg": "Legs", "angles": {"LShoulderRoll": 33.526494076719345, "LShoulderPitch": 16.35239946965835, "RShoulderRoll": -48.59739579857009, "LElbowYaw": 38.275786822089664, "LAnklePitch": -6.959764364651036, "RHipRoll": -0.11137421535948697, "RAnklePitch": -68, "LHipPitch": -2.0450078890767855, "LKneePitch": 5.830148011808376, "LHipRoll": 0.008060920233795999, "RHipPitch": -80.37146043280993, "LElbowRoll": -50.497032443832126, "RKneePitch": 5.3384678878991, "RElbowRoll": 83.09862613441153, "RElbowYaw": 0, "RShoulderPitch": 137.5356677835839}}