{"supportLeg": "Legs", "angles": {"LShoulderRoll": 33.150772396033815, "LShoulderPitch": 16.344852052172882, "RShoulderRoll": -48.53969412691256, "LElbowYaw": 0, "LAnklePitch": -6.978305725461624, "RHipRoll": -0.07298551481055611, "RAnklePitch": -68, "LHipPitch": -2.070008744262111, "LKneePitch": 5.811691035855773, "LHipRoll": 0.008161147051715804, "RHipPitch": -80.32339309058176, "LElbowRoll": -50.44550046186009, "RKneePitch": 5.460507968441107, "RElbowRoll": 78.25530088510608, "RElbowYaw": 0, "RShoulderPitch": 144.66359588071805}}