{"supportLeg": "Legs", "angles": {"LShoulderRoll": 33.21415808681713, "LShoulderPitch": 16.018864041879837, "RShoulderRoll": -48.550802280022175, "LElbowYaw": 0, "LAnklePitch": -6.96188819425636, "RHipRoll": -0.10316511703558719, "RAnklePitch": -68, "LHipPitch": -2.068185452521888, "LKneePitch": 5.757839140496287, "LHipRoll": 0.008368764483099362, "RHipPitch": -80.30000226135047, "LElbowRoll": -51.19141045068855, "RKneePitch": 5.552845864941844, "RElbowRoll": 73.42456365128356, "RElbowYaw": -189.97584769194285, "RShoulderPitch": 147.7549710840891}}