{"supportLeg": "Legs", "angles": {"LShoulderRoll": 33.81851312541585, "LShoulderPitch": 15.41491498213827, "RShoulderRoll": -48.57826857696932, "LElbowYaw": 0, "LAnklePitch": -6.962379693493446, "RHipRoll": -0.015936553101003198, "RAnklePitch": -68, "LHipPitch": -2.0792956238999665, "LKneePitch": 5.761557339195122, "LHipRoll": 0.008606852117430541, "RHipPitch": -80.36060350895603, "LElbowRoll": -51.88329562116479, "RKneePitch": 5.560417420646928, "RElbowRoll": 69.00988775458633, "RElbowYaw": -200.86750841844665, "RShoulderPitch": 145.93178895620105}}