{"supportLeg": "Legs", "angles": {"LShoulderRoll": 34.25564087782375, "LShoulderPitch": 15.004713692321403, "RShoulderRoll": -48.19115415772809, "LElbowYaw": 0, "LAnklePitch": -7.011962773706685, "RHipRoll": -0.047037158242020906, "RAnklePitch": -68, "LHipPitch": -2.0921087712182356, "LKneePitch": 5.811453262859999, "LHipRoll": 0.008717803258015102, "RHipPitch": -80.37763994683542, "LElbowRoll": -52.23230342730115, "RKneePitch": 5.518270496921218, "RElbowRoll": 63.88681929372554, "RElbowYaw": 90, "RShoulderPitch": 141.48840479244316}}