{"supportLeg": "Legs", "angles": {"LShoulderRoll": 33.95293124898395, "LShoulderPitch": 14.615011244736522, "RShoulderRoll": -47.69344488365929, "LElbowYaw": 0, "LAnklePitch": -7.4805195983625765, "RHipRoll": -0.28196057655644546, "RAnklePitch": -68, "LHipPitch": -2.0713769059689042, "LKneePitch": 6.261821873239256, "LHipRoll": 0.00860790048903807, "RHipPitch": -80.27296900503734, "LElbowRoll": -52.80415178788563, "RKneePitch": 5.679797066123513, "RElbowRoll": 57.76791470302679, "RElbowYaw": 90, "RShoulderPitch": 135.88563598265054}}