{"supportLeg": "Legs", "angles": {"LShoulderRoll": 32.741669839447724, "LShoulderPitch": 14.860540601584802, "RShoulderRoll": -46.90349503094085, "LElbowYaw": 0, "LAnklePitch": -7.449444590024669, "RHipRoll": -0.3014426677149187, "RAnklePitch": -68, "LHipPitch": -2.0464495364558815, "LKneePitch": 6.236342093497342, "LHipRoll": 0.008054791056664972, "RHipPitch": -80.46172734533499, "LElbowRoll": -52.4764898929981, "RKneePitch": 5.405965156779018, "RElbowRoll": 55.19842392260212, "RElbowYaw": 90, "RShoulderPitch": 132.09089137500683}}