{"supportLeg": "Legs", "angles": {"LShoulderRoll": 32.055983289819046, "LShoulderPitch": 15.046987976474739, "RShoulderRoll": -46.734328748645666, "LElbowYaw": 0, "LAnklePitch": -7.5142181083325, "RHipRoll": -0.3364343933566726, "RAnklePitch": -68, "LHipPitch": -2.0213194936876278, "LKneePitch": 6.3170142078080005, "LHipRoll": 0.00784539531355053, "RHipPitch": -80.47921323435502, "LElbowRoll": -52.18660936440543, "RKneePitch": 5.477377669616999, "RElbowRoll": 55.01686723777877, "RElbowYaw": 90, "RShoulderPitch": 129.92673033788353}}