{"supportLeg": "Legs", "angles": {"LShoulderRoll": 32.26090089023949, "LShoulderPitch": 14.141225609172807, "RShoulderRoll": -46.010225311054405, "LElbowYaw": 0, "LAnklePitch": -7.743458447888429, "RHipRoll": -0.13155964763566486, "RAnklePitch": -68, "LHipPitch": -1.996828885127215, "LKneePitch": 6.5567737202685805, "LHipRoll": 0.007390336201364682, "RHipPitch": -80.77598999032057, "LElbowRoll": -53.0198844055991, "RKneePitch": 5.465631995507181, "RElbowRoll": 56.839858438002196, "RElbowYaw": 90, "RShoulderPitch": 129.32028516641478}}