{"supportLeg": "Legs", "angles": {"LShoulderRoll": 32.44018292643427, "LShoulderPitch": 13.323196564132815, "RShoulderRoll": -45.36952700025343, "LElbowYaw": 0, "LAnklePitch": -7.6509213133494, "RHipRoll": -0.2604827968436567, "RAnklePitch": -68, "LHipPitch": -2.0537216493435153, "LKneePitch": 6.411116035571524, "LHipRoll": 0.005859610633200598, "RHipPitch": -81.00391523262788, "LElbowRoll": -53.05659117769898, "RKneePitch": 5.334115304764055, "RElbowRoll": 54.383431532837946, "RElbowYaw": 90, "RShoulderPitch": 130.84326118217456}}