{"supportLeg": "Legs", "angles": {"LShoulderRoll": 21.20031650776241, "LShoulderPitch": 86.78262476692167, "RShoulderRoll": -12.404169638575812, "LElbowYaw": -26.929094559421856, "LElbowRoll": -33.775812320263896, "RElbowRoll": 17.11937710991168, "RElbowYaw": -0.9393203768920841, "RShoulderPitch": 84.72858495663911}}