{"supportLeg": "Legs", "angles": {"LShoulderRoll": 31.09829439925315, "LShoulderPitch": 13.983055597563066, "RShoulderRoll": -44.96569167298142, "LElbowYaw": 0, "LAnklePitch": -7.852515253975355, "RHipRoll": -0.31576533265907514, "RAnklePitch": -68, "LHipPitch": -2.0878997009601363, "LKneePitch": 6.4707644423807835, "LHipRoll": 0.005649580037642443, "RHipPitch": -81.13721639870683, "LElbowRoll": -52.2995844539774, "RKneePitch": 5.450832720593127, "RElbowRoll": 52.28610943894124, "RElbowYaw": 90, "RShoulderPitch": 130.7831257562781}}