{"supportLeg": "Legs", "angles": {"LShoulderRoll": 31.441711024972165, "LShoulderPitch": 13.783967498066488, "RShoulderRoll": -44.09669439225126, "LElbowYaw": 0, "LAnklePitch": -8.11516355796627, "RHipRoll": -0.2740458483293282, "RAnklePitch": -68, "LHipPitch": -2.063317966468148, "LKneePitch": 6.677231831857966, "LHipRoll": 0.005554003938824513, "RHipPitch": -81.31691727447081, "LElbowRoll": -52.90154874039574, "RKneePitch": 5.4466868982838434, "RElbowRoll": 48.88563208818047, "RElbowYaw": -41.76981115528234, "RShoulderPitch": 129.32971848281213}}