{"supportLeg": "Legs", "angles": {"LShoulderRoll": 31.474580312636935, "LShoulderPitch": 13.734285724315825, "RShoulderRoll": -43.7754242692703, "LElbowYaw": 0, "LAnklePitch": -8.36169000848254, "RHipRoll": -0.2710367125561968, "RAnklePitch": -68, "LHipPitch": -2.0461236833993723, "LKneePitch": 6.951104600292041, "LHipRoll": 0.005609308489626075, "RHipPitch": -81.37759168110924, "LElbowRoll": -52.96560181032305, "RKneePitch": 5.520150209268422, "RElbowRoll": 37.18054585333647, "RElbowYaw": -209.96797203013875, "RShoulderPitch": 128.18181247779916}}