{"supportLeg": "Legs", "angles": {"LShoulderRoll": 31.65126088694735, "LShoulderPitch": 13.816450587031994, "RShoulderRoll": -44.38759706794447, "LElbowYaw": 0, "LAnklePitch": -8.374958521799797, "RHipRoll": -0.33997764563100363, "RAnklePitch": -68, "LHipPitch": -2.0392243240144836, "LKneePitch": 6.909846803855885, "LHipRoll": 0.005484635699684649, "RHipPitch": -81.41784829990296, "LElbowRoll": -53.1798123287419, "RKneePitch": 5.540813253553637, "RElbowRoll": 39.88356021286435, "RElbowYaw": -212.64537602638848, "RShoulderPitch": 126.7991342329115}}