{"supportLeg": "Legs", "angles": {"LShoulderRoll": 31.445337390696945, "LShoulderPitch": 14.024865253735925, "RShoulderRoll": -45.29015414488745, "LElbowYaw": 0, "LAnklePitch": -8.482013764112466, "RHipRoll": -0.3480586314262957, "RAnklePitch": -68, "LHipPitch": -2.0373121181562226, "LKneePitch": 6.965873070259903, "LHipRoll": 0.00565324008246788, "RHipPitch": -81.45675969574118, "LElbowRoll": -52.91009308856299, "RKneePitch": 5.587136319255734, "RElbowRoll": 36.29089746644232, "RElbowYaw": -206.5180170035966, "RShoulderPitch": 124.75324652941899}}