{"supportLeg": "Legs", "angles": {"LShoulderRoll": 31.646580172747015, "LShoulderPitch": 14.214488413067514, "RShoulderRoll": -46.254335899822166, "LElbowYaw": 0, "LAnklePitch": -8.43563817864235, "RHipRoll": -0.3555737705480663, "RAnklePitch": -68, "LHipPitch": -1.9605197920425184, "LKneePitch": 6.979131591866235, "LHipRoll": 0.005990957674813994, "RHipPitch": -81.46405730364937, "LElbowRoll": -52.79922383304854, "RKneePitch": 5.611190194557395, "RElbowRoll": 37.6219229430113, "RElbowYaw": -201.78526200307147, "RShoulderPitch": 121.27121711848599}}