{"supportLeg": "Legs", "angles": {"LShoulderRoll": 32.19128388858215, "LShoulderPitch": 13.981856173663147, "RShoulderRoll": -46.606415314936, "LElbowYaw": 0, "LAnklePitch": -8.577944005710819, "RHipRoll": -0.4946571123622228, "RAnklePitch": -68, "LHipPitch": -1.8118883331182616, "LKneePitch": 7.186322012130205, "LHipRoll": 0.006780456117038554, "RHipPitch": -81.37728070459575, "LElbowRoll": -53.000892145755174, "RKneePitch": 5.865295522695959, "RElbowRoll": 38.28013488807966, "RElbowYaw": -201.10304906243408, "RShoulderPitch": 120.62925464610258}}