{"supportLeg": "Legs", "angles": {"LShoulderRoll": 31.925650611805633, "LShoulderPitch": 13.989845025330268, "RShoulderRoll": -46.61669701492662, "LElbowYaw": 0, "LAnklePitch": -8.618220104060924, "RHipRoll": -0.49067613020951706, "RAnklePitch": -68, "LHipPitch": -1.7908699565498978, "LKneePitch": 7.230055756805882, "LHipRoll": 0.00674785486638861, "RHipPitch": -81.36473916769572, "LElbowRoll": -52.26322673754056, "RKneePitch": 5.905785856574568, "RElbowRoll": 38.579122270750105, "RElbowYaw": -200.81472904642195, "RShoulderPitch": 120.32345702985532}}