{"supportLeg": "Legs", "angles": {"LShoulderRoll": 31.6174019117549, "LShoulderPitch": 14.448644872907408, "RShoulderRoll": -46.84633282859382, "LElbowYaw": 0, "LAnklePitch": -8.85368167047126, "RHipRoll": -0.5075605429729767, "RAnklePitch": -68, "LHipPitch": -1.7229928579130416, "LKneePitch": 7.535684622373623, "LHipRoll": 0.006041300073939242, "RHipPitch": -81.33051304977633, "LElbowRoll": -52.07391449293061, "RKneePitch": 6.011284598434912, "RElbowRoll": 39.387820613875505, "RElbowYaw": -200.85793293859683, "RShoulderPitch": 120.03990147919808}}