{"supportLeg": "Legs", "angles": {"LShoulderRoll": 31.05371562267983, "LShoulderPitch": 14.910389630881, "RShoulderRoll": -46.736955622186116, "LElbowYaw": 0, "LAnklePitch": -9.010155888339241, "RHipRoll": -0.34492285939637196, "RAnklePitch": -68, "LHipPitch": -1.6220900935537372, "LKneePitch": 7.715664584426321, "LHipRoll": 0.005354097259555981, "RHipPitch": -81.393651731419, "LElbowRoll": -51.65908666369515, "RKneePitch": 5.908429722661708, "RElbowRoll": 37.62761066834253, "RElbowYaw": -198.56909038080283, "RShoulderPitch": 120.07142876744143}}