{"supportLeg": "Legs", "angles": {"LShoulderRoll": 20.12224187791666, "LShoulderPitch": 89.03694755850002, "RShoulderRoll": -12.296609470066372, "LElbowYaw": -32.3952728458771, "LElbowRoll": -35.96296390491284, "RElbowRoll": 18.230088423305205, "RElbowYaw": -3.155545745573832, "RShoulderPitch": 85.80766113553038}}