{"supportLeg": "Legs", "angles": {"LShoulderRoll": 31.519646331526356, "LShoulderPitch": 15.17084281922466, "RShoulderRoll": -46.85661738502306, "LElbowYaw": 0, "LAnklePitch": -9.2733836038079, "RHipRoll": -0.3137443147605847, "RAnklePitch": -68, "LHipPitch": -1.4571558585452635, "LKneePitch": 8.146301385067005, "LHipRoll": 0.0027514683548696887, "RHipPitch": -81.37550769603388, "LElbowRoll": -52.87832841714457, "RKneePitch": 5.8816701571437875, "RElbowRoll": 38.50763245573785, "RElbowYaw": -201.02282169420897, "RShoulderPitch": 120.21092279570016}}