{"supportLeg": "Legs", "angles": {"LShoulderRoll": 34.55935610073237, "LShoulderPitch": 17.10199766379607, "RShoulderRoll": -46.978002566799425, "LElbowYaw": 0, "LAnklePitch": -9.38718593580181, "RHipRoll": -0.17926237580869778, "RAnklePitch": -68, "LHipPitch": -1.3640285265656615, "LKneePitch": 8.405787474545775, "LHipRoll": -0.0001667619707277527, "RHipPitch": -81.39583927438234, "LElbowRoll": -58.86982819847965, "RKneePitch": 5.793039946329941, "RElbowRoll": 39.16291178965815, "RElbowYaw": -201.1565178451571, "RShoulderPitch": 120.62631756374671}}