{"supportLeg": "Legs", "angles": {"LShoulderRoll": 38.130886052394814, "LShoulderPitch": 24.930621611540403, "RShoulderRoll": -46.93625263948385, "LElbowYaw": 0, "LAnklePitch": -9.359139909292622, "RHipRoll": -0.1552138520873574, "RAnklePitch": -68, "LHipPitch": -1.1674827615615015, "LKneePitch": 8.603919022340392, "LHipRoll": -0.004049351447541763, "RHipPitch": -81.32567493636517, "LElbowRoll": -64.1993267633633, "RKneePitch": 5.762583276518001, "RElbowRoll": 38.985652237202686, "RElbowYaw": -200.71745990693148, "RShoulderPitch": 120.67271633565264}}