{"supportLeg": "Legs", "angles": {"LShoulderRoll": 41.336131155323095, "LShoulderPitch": 29.095258688773086, "RShoulderRoll": -47.16724901905719, "LElbowYaw": 0, "LAnklePitch": -9.295655547884607, "RHipRoll": -0.0982414548629176, "RAnklePitch": -68, "LHipPitch": -1.1059608375713168, "LKneePitch": 8.61778960617437, "LHipRoll": -0.006928004394297605, "RHipPitch": -81.31200972747591, "LElbowRoll": -69.27919290363366, "RKneePitch": 5.580193908105798, "RElbowRoll": 39.56804836691853, "RElbowYaw": -200.2164957647232, "RShoulderPitch": 120.4819496894124}}