{"supportLeg": "Legs", "angles": {"LShoulderRoll": 50.197165991173456, "LShoulderPitch": 38.11682359014809, "RShoulderRoll": -47.15334063296409, "LElbowYaw": -7.204305693101944, "LAnklePitch": -9.209650996465157, "RHipRoll": -0.21745016708847095, "RAnklePitch": -68, "LHipPitch": -1.037114045141621, "LKneePitch": 8.590640089641795, "LHipRoll": -0.008462863293162958, "RHipPitch": -81.20887762605388, "LElbowRoll": -76.62052183761264, "RKneePitch": 5.558726199522425, "RElbowRoll": 40.8518930952211, "RElbowYaw": -198.89799560179188, "RShoulderPitch": 119.17927008567688}}