{"supportLeg": "Legs", "angles": {"LShoulderRoll": 39.34482498803428, "LShoulderPitch": 51.43342575786173, "RShoulderRoll": -46.936771403072925, "LElbowYaw": -26.631974601743124, "LAnklePitch": -9.099253108160255, "RHipRoll": -0.28549353376654046, "RAnklePitch": -68, "LHipPitch": -0.9585079418285432, "LKneePitch": 8.42447980200376, "LHipRoll": -0.006161209305339509, "RHipPitch": -81.09317082179058, "LElbowRoll": -86.14229220461394, "RKneePitch": 5.55229192292299, "RElbowRoll": 41.333326826809866, "RElbowYaw": -197.58450796573464, "RShoulderPitch": 118.0378367157119}}