{"supportLeg": "Legs", "angles": {"LShoulderRoll": 47.15744536302856, "LShoulderPitch": 51.822968337785575, "RShoulderRoll": -46.92285079135676, "LElbowYaw": 0, "LAnklePitch": -9.186871715012416, "RHipRoll": -0.3332799800003933, "RAnklePitch": -68, "LHipPitch": -0.9097704760050078, "LKneePitch": 8.558129900738464, "LHipRoll": -0.004918183553366662, "RHipPitch": -80.99916839565623, "LElbowRoll": -95.4747294958343, "RKneePitch": 5.4934284506388735, "RElbowRoll": 40.96101201370871, "RElbowYaw": -196.75633496166137, "RShoulderPitch": 117.91347212768497}}