{"supportLeg": "Legs", "angles": {"LShoulderRoll": 59.60223000098028, "LShoulderPitch": 60.87019711359344, "RShoulderRoll": -47.06293918667733, "LElbowYaw": 0, "LAnklePitch": -9.148778464013304, "RHipRoll": -0.5564534624532356, "RAnklePitch": -68, "LHipPitch": -0.8073522019047488, "LKneePitch": 8.70377542559794, "LHipRoll": -0.00725886202709204, "RHipPitch": -80.83642933828578, "LElbowRoll": -90.512735137004, "RKneePitch": 5.620220981171116, "RElbowRoll": 41.90869905909017, "RElbowYaw": -196.9813467576719, "RShoulderPitch": 117.22346072212923}}