{"supportLeg": "Legs", "angles": {"LShoulderRoll": 39.82728836559358, "LShoulderPitch": 67.70552892452994, "RShoulderRoll": -47.10834013133205, "LElbowYaw": 0, "LAnklePitch": -9.155315155922935, "RHipRoll": -0.37293755318752375, "RAnklePitch": -68, "LHipPitch": -0.8244573984541432, "LKneePitch": 8.720902176778935, "LHipRoll": -0.008294231493542418, "RHipPitch": -80.75213264494722, "LElbowRoll": -91.40745371043316, "RKneePitch": 5.679831572908, "RElbowRoll": 44.718373633345465, "RElbowYaw": -200.14447982362566, "RShoulderPitch": 116.15605656912106}}