{"supportLeg": "Legs", "angles": {"LShoulderRoll": 38.322688519866595, "LShoulderPitch": 62.00179461593184, "RShoulderRoll": -47.205640212309326, "LElbowYaw": -83.15078550375502, "LAnklePitch": -9.178493988269338, "RHipRoll": -0.5125765551080134, "RAnklePitch": -68, "LHipPitch": -0.7435504933751247, "LKneePitch": 8.789908356380352, "LHipRoll": -0.007103510306977089, "RHipPitch": -80.68054540926707, "LElbowRoll": -86.25189341751742, "RKneePitch": 5.818170018196213, "RElbowRoll": 44.30812300463691, "RElbowYaw": -199.83119051027447, "RShoulderPitch": 116.01103171559927}}