{"supportLeg": "Legs", "angles": {"LShoulderRoll": 19.71185250946547, "LShoulderPitch": 85.77460029625672, "RShoulderRoll": -13.11544138349591, "LElbowYaw": -28.36764875936575, "LElbowRoll": -37.822425051142005, "RElbowRoll": 17.914440603757157, "RElbowYaw": -5.921653369341627, "RShoulderPitch": 87.12473940848763}}