{"supportLeg": "Legs", "angles": {"LShoulderRoll": 35.492585778884774, "LShoulderPitch": 64.09446442684497, "RShoulderRoll": -47.28931411874147, "LElbowYaw": -83.232666690495, "LAnklePitch": -9.241922655504808, "RHipRoll": -0.6177555105454309, "RAnklePitch": -68, "LHipPitch": -0.616681162971787, "LKneePitch": 8.899084497032703, "LHipRoll": -0.006012221585159127, "RHipPitch": -80.5109441913722, "LElbowRoll": -73.17469238790193, "RKneePitch": 6.108771252447923, "RElbowRoll": 41.3610668468603, "RElbowYaw": -194.1388457515672, "RShoulderPitch": 114.41141048252527}}