{"supportLeg": "Legs", "angles": {"LShoulderRoll": 50.85541960109653, "LShoulderPitch": 60.115218760472594, "RShoulderRoll": -47.37442338399416, "LElbowYaw": -74.5545497557709, "LAnklePitch": -9.461553330986519, "RHipRoll": -0.7339063597563125, "RAnklePitch": -68, "LHipPitch": -0.44928256899717667, "LKneePitch": 9.281676412079236, "LHipRoll": -0.006565514243136367, "RHipPitch": -80.16468873564797, "LElbowRoll": -68.11110342144893, "RKneePitch": 6.724064764606567, "RElbowRoll": 41.447469339452425, "RElbowYaw": -191.7146247798106, "RShoulderPitch": 110.70256925150608}}