{"supportLeg": "Legs", "angles": {"LShoulderRoll": 49.07270938092815, "LShoulderPitch": 59.58657182193325, "RShoulderRoll": -47.38832612502349, "LElbowYaw": -90, "LAnklePitch": -9.579013369898547, "RHipRoll": -0.7739102292723077, "RAnklePitch": -68, "LHipPitch": -0.35126369835693083, "LKneePitch": 9.506442102686577, "LHipRoll": -0.007949223160656634, "RHipPitch": -79.98101694103494, "LElbowRoll": -63.00107754894135, "RKneePitch": 7.01419316190092, "RElbowRoll": 41.42717536636414, "RElbowYaw": -190.50939992662285, "RShoulderPitch": 109.23143729569279}}