{"supportLeg": "Legs", "angles": {"LShoulderRoll": 51.45530605775451, "LShoulderPitch": 65.79295275422427, "RShoulderRoll": -47.6402630644951, "LElbowYaw": -77.91012760755581, "LAnklePitch": -9.600793103342554, "RHipRoll": -0.8346885185950657, "RAnklePitch": -68, "LHipPitch": -0.30907691400170734, "LKneePitch": 9.593273126681993, "LHipRoll": -0.010569358533820572, "RHipPitch": -79.72354509256778, "LElbowRoll": -62.84063655693501, "RKneePitch": 7.325693212404218, "RElbowRoll": 33.930469946061436, "RElbowYaw": -180.39264098169525, "RShoulderPitch": 105.05209802569502}}