{"supportLeg": "Legs", "angles": {"LShoulderRoll": 26.005848616064128, "LShoulderPitch": 66.6698343570286, "RShoulderRoll": -47.33542234798218, "LElbowYaw": -90, "LAnklePitch": -10.289737551434385, "RHipRoll": -0.8038331677554603, "RAnklePitch": -68, "LHipPitch": -0.027992387227854465, "LKneePitch": 10.66265862263495, "LHipRoll": -0.016890678746201156, "RHipPitch": -79.43481215039779, "LElbowRoll": -53.05379418855914, "RKneePitch": 7.678026291160933, "RElbowRoll": 29.587370794185915, "RElbowYaw": -165.2253056026862, "RShoulderPitch": 90.98733939323117}}