{"supportLeg": "Legs", "angles": {"LShoulderRoll": 28.49176344246884, "LShoulderPitch": 73.42633352147107, "RShoulderRoll": -47.872611822960735, "LElbowYaw": -84.03130733957511, "LAnklePitch": -10.742457676117454, "RHipRoll": -0.8361824116343151, "RAnklePitch": -68, "LHipPitch": -0.016893832207102832, "LKneePitch": 11.148925728688795, "LHipRoll": -0.017752835248854532, "RHipPitch": -79.10210710622592, "LElbowRoll": -55.04384909528498, "RKneePitch": 8.256763240290041, "RElbowRoll": 22.6972811801036, "RElbowYaw": -130.95256655486685, "RShoulderPitch": 68.2159728696561}}