{"supportLeg": "Legs", "angles": {"LShoulderRoll": 32.255617902897406, "LShoulderPitch": 72.96182756534154, "RShoulderRoll": -47.17029144303321, "LElbowYaw": -83.55712057271869, "LAnklePitch": -11.752227698447257, "RHipRoll": -1.001319831402198, "RAnklePitch": -68, "LHipPitch": -88, "LKneePitch": 12.68058900094914, "LHipRoll": -0.024034163585122947, "RHipPitch": -78.61557612125341, "LElbowRoll": -61.03461389305707, "RKneePitch": 9.34925756029321, "RElbowRoll": 18.87699379763771, "RElbowYaw": 0, "RShoulderPitch": 37.95899734161381}}