{"supportLeg": "Legs", "angles": {"LShoulderRoll": 32.49388935691662, "LShoulderPitch": 73.81192444907227, "RShoulderRoll": -46.50672182713393, "LElbowYaw": -84.32150803797622, "LAnklePitch": -12.706042835138874, "RHipRoll": -1.1699447198420405, "RAnklePitch": -68, "LHipPitch": -88, "LKneePitch": 14.417993363403156, "LHipRoll": -0.027147023329414956, "RHipPitch": -77.98418501355793, "LElbowRoll": -61.625452989670066, "RKneePitch": 10.827088692702375, "RElbowRoll": 9.316748435460966, "RElbowYaw": 0, "RShoulderPitch": 24.728196186742295}}