{"supportLeg": "Legs", "angles": {"LShoulderRoll": 33.5344686481103, "LShoulderPitch": 72.91009817406419, "RShoulderRoll": -62.19920239797562, "LElbowYaw": -80.85286850514764, "LAnklePitch": -13.617596985497826, "RHipRoll": -1.5743588156288544, "RAnklePitch": -68, "LHipPitch": -88, "LKneePitch": 15.868185785429887, "LHipRoll": -0.035127052142497714, "RHipPitch": -77.2218282938275, "LElbowRoll": -61.94969249871755, "RKneePitch": 12.912338395608401, "RElbowRoll": 11.895584268701128, "RElbowYaw": 0, "RShoulderPitch": 19.054390558890958}}