{"supportLeg": "Legs", "angles": {"LShoulderRoll": 32.948363873810976, "LShoulderPitch": 76.33388294230359, "RShoulderRoll": -56.979587502268146, "LElbowYaw": -78.93841207861554, "LAnklePitch": -13.873715199308663, "RHipRoll": -1.7635291993737436, "RAnklePitch": -1.0346213436992002, "LHipPitch": -88, "LKneePitch": 16.260103862236946, "LHipRoll": -0.040028706660011515, "RHipPitch": -76.96069525805206, "LElbowRoll": -56.1069531357781, "RKneePitch": 14.224580309314291, "RElbowRoll": 12.002356425745717, "RElbowYaw": 0, "RShoulderPitch": 19.912843512007044}}