{"supportLeg": "Legs", "angles": {"LShoulderRoll": 20.62121430005427, "LShoulderPitch": 84.53797060873734, "RShoulderRoll": -14.34901398388953, "LElbowYaw": -21.266252753958582, "LElbowRoll": -33.24214837917222, "RElbowRoll": 17.172353292350266, "RElbowYaw": -7.501860633149619, "RShoulderPitch": 87.76235492438778}}