{"supportLeg": "Legs", "angles": {"LShoulderRoll": 32.65243921834302, "LShoulderPitch": 74.58849498727471, "RShoulderRoll": -50.8089398134594, "LElbowYaw": -76.41448314160586, "LAnklePitch": -14.271208949347184, "RHipRoll": -1.8392029420053582, "RAnklePitch": -2.3058874734281005, "LHipPitch": -88, "LKneePitch": 16.688692661651288, "LHipRoll": -0.043103552851749036, "RHipPitch": -76.6265981223358, "LElbowRoll": -54.80041258071104, "RKneePitch": 15.79114291936719, "RElbowRoll": 13.591966968502305, "RElbowYaw": 42.027641401564814, "RShoulderPitch": 21.557221763868185}}