{"supportLeg": "Legs", "angles": {"LShoulderRoll": 36.131393138107725, "LShoulderPitch": 67.53396551813817, "RShoulderRoll": -43.97109005151727, "LElbowYaw": -67.8955279669875, "LAnklePitch": -14.540563943475291, "RHipRoll": -2.109833212419523, "RAnklePitch": -3.5421478198549607, "LHipPitch": -88, "LKneePitch": 16.885904485378916, "LHipRoll": -0.04318486455319542, "RHipPitch": -76.44904567596134, "LElbowRoll": -59.7312224709231, "RKneePitch": 17.22344119529876, "RElbowRoll": 19.716433382514282, "RElbowYaw": 26.098320683603234, "RShoulderPitch": 19.81425188451142}}