{"supportLeg": "Legs", "angles": {"LShoulderRoll": 53.758770251911415, "LShoulderPitch": 65.5973512836661, "RShoulderRoll": -39.871109776561596, "LElbowYaw": -90, "LAnklePitch": -14.581550158951018, "RHipRoll": -1.2517158478318755, "RAnklePitch": -4.38176662922541, "LHipPitch": -88, "LKneePitch": 16.730769714400395, "LHipRoll": -0.04159330196960393, "RHipPitch": -76.98554954725446, "LElbowRoll": -57.904572777753245, "RKneePitch": 17.406653595762748, "RElbowRoll": 25.43582985970886, "RElbowYaw": 21.208570527500875, "RShoulderPitch": 17.85513187146742}}