{"supportLeg": "Legs", "angles": {"LShoulderRoll": 49.39449753646971, "LShoulderPitch": 51.90979042395478, "RShoulderRoll": -34.37599461200664, "LElbowYaw": -58.06608193877135, "LAnklePitch": -14.552517216156474, "RHipRoll": -0.26278113920097196, "RAnklePitch": -4.942450012692262, "LHipPitch": -88, "LKneePitch": 16.304984796152837, "LHipRoll": -0.03629994038314528, "RHipPitch": -77.78731293927538, "LElbowRoll": -72.83105082830404, "RKneePitch": 17.160806759750557, "RElbowRoll": 41.63508301411005, "RElbowYaw": 12.849905743346785, "RShoulderPitch": 13.892671865652531}}