{"supportLeg": "Legs", "angles": {"LShoulderRoll": 46.80689393270967, "LShoulderPitch": 44.848777596864224, "RShoulderRoll": -32.826834520173655, "LElbowYaw": -49.876113904595854, "LAnklePitch": -14.424728510083796, "RHipRoll": 0.15527517411942054, "RAnklePitch": -5.9646783499474765, "LHipPitch": -88, "LKneePitch": 15.986317144725206, "LHipRoll": -0.03313323767527644, "RHipPitch": -78.21473040409714, "LElbowRoll": -73.1675167956347, "RKneePitch": 17.765653567883533, "RElbowRoll": 44.38899873824889, "RElbowYaw": 7.92923606902167, "RShoulderPitch": 15.879708442345091}}