{"supportLeg": "Legs", "angles": {"LShoulderRoll": 44.35327353177051, "LShoulderPitch": 41.5628576067977, "RShoulderRoll": -36.59257991027531, "LElbowYaw": -43.52985866654913, "LAnklePitch": -14.50262693833426, "RHipRoll": 0.06284272872641106, "RAnklePitch": -7.119740466009972, "LHipPitch": -88, "LKneePitch": 15.811125282547323, "LHipRoll": -0.032636171458893005, "RHipPitch": -78.50756323780055, "LElbowRoll": -70.84940905298555, "RKneePitch": 18.61235736446193, "RElbowRoll": 59.17794026304898, "RElbowYaw": -15.020156608711764, "RShoulderPitch": 24.582823320827686}}