{"supportLeg": "Legs", "angles": {"LShoulderRoll": 37.379172665163935, "LShoulderPitch": 20.331033364863913, "RShoulderRoll": -36.28516330344493, "LElbowYaw": -24.696095535956488, "LAnklePitch": -14.438914098211526, "RHipRoll": 0.23435090658005828, "RAnklePitch": -7.4884202435828655, "LHipPitch": -88, "LKneePitch": 15.508463894319107, "LHipRoll": -0.03283078132087713, "RHipPitch": -79.59980720215705, "LElbowRoll": -83.77001231595123, "RKneePitch": 17.88882487052433, "RElbowRoll": 63.272959551153775, "RElbowYaw": -23.808889360563253, "RShoulderPitch": 26.173697584498676}}