{"supportLeg": "Legs", "angles": {"LShoulderRoll": 37.86311301875266, "LShoulderPitch": 5.2238254168340035, "RShoulderRoll": -41.993250136858315, "LElbowYaw": 4.583546418555379, "LAnklePitch": -14.224781876398495, "RHipRoll": -0.07734051725067163, "RAnklePitch": -8.016741148108196, "LHipPitch": -88, "LKneePitch": 14.993783812726036, "LHipRoll": -0.03641924478176063, "RHipPitch": -80.4295120096613, "LElbowRoll": -81.10296035764664, "RKneePitch": 17.603434580254202, "RElbowRoll": 49.4132375645859, "RElbowYaw": 90, "RShoulderPitch": 50.746960294962236}}