{"supportLeg": "Legs", "angles": {"LShoulderRoll": 34.88030457353795, "LShoulderPitch": 4.833646776427656, "RShoulderRoll": -44.86997618088462, "LElbowYaw": 4.286695638667025, "LAnklePitch": -14.002746812658799, "RHipRoll": -0.1035187824937397, "RAnklePitch": -8.216924102600856, "LHipPitch": -0.020571969855382122, "LKneePitch": 14.5252745329949, "LHipRoll": -0.039620379142573985, "RHipPitch": -81.30696373462168, "LElbowRoll": -80.7671386960826, "RKneePitch": 16.93309107953823, "RElbowRoll": 35.98404358035921, "RElbowYaw": 90, "RShoulderPitch": 57.95261564154578}}