{"supportLeg": "Legs", "angles": {"LShoulderRoll": 29.40611259313495, "LShoulderPitch": -0.8332077542651087, "RShoulderRoll": -52.241713757141916, "LElbowYaw": 10.757503961433855, "LAnklePitch": -13.743030448835015, "RHipRoll": -0.3969214340106423, "RAnklePitch": -8.495759432878842, "LHipPitch": -0.2404498899244487, "LKneePitch": 14.03426404605844, "LHipRoll": -0.04418127540179341, "RHipPitch": -82.13303444156281, "LElbowRoll": -83.30521955319762, "RKneePitch": 16.40504298072665, "RElbowRoll": 49.394067231753326, "RElbowYaw": 90, "RShoulderPitch": 66.65725802992938}}