{"supportLeg": "RLeg", "angles": {"LShoulderRoll": 28.99717295783951, "LShoulderPitch": 90.63577866577411, "RShoulderRoll": -6.18043628666763, "LElbowYaw": -90, "LElbowRoll": -24.027025323701707, "RElbowRoll": 27.857280337082557, "RElbowYaw": 90, "RShoulderPitch": 77.18916607904345}}