{"supportLeg": "Legs", "angles": {"LShoulderRoll": 20.917977178583453, "LShoulderPitch": 85.05141183114485, "RShoulderRoll": -14.105890731087294, "LElbowYaw": -18.656279383160324, "LElbowRoll": -29.12428641483845, "RElbowRoll": 19.405761266926362, "RElbowYaw": -9.404947918249832, "RShoulderPitch": 87.05733980038667}}