{"supportLeg": "Legs", "angles": {"LShoulderRoll": 28.052626780660162, "LShoulderPitch": -2.759601351539028, "RShoulderRoll": -31.32077197492647, "LElbowYaw": 14.381946889051207, "LAnklePitch": -13.44375738013504, "RHipRoll": -0.43842488846260635, "RAnklePitch": -8.586470373565291, "LHipPitch": -1.0420800205125857, "LKneePitch": 13.102438384788712, "LHipRoll": -0.05711177953376207, "RHipPitch": -83.09359028753212, "LElbowRoll": -82.81512296755508, "RKneePitch": 15.539852873715859, "RElbowRoll": 36.53432089965136, "RElbowYaw": 90, "RShoulderPitch": 72.25504851496723}}