{"supportLeg": "Legs", "angles": {"LShoulderRoll": 28.090749504080833, "LShoulderPitch": -3.953351507430265, "RShoulderRoll": -29.843753726082053, "LElbowYaw": 16.691281682037175, "LAnklePitch": -13.229188657431578, "RHipRoll": -0.4320170188648677, "RAnklePitch": -8.702059606227763, "LHipPitch": -1.8321624051746568, "LKneePitch": 12.255613988582724, "LHipRoll": -0.06443272912173163, "RHipPitch": -83.48786982629592, "LElbowRoll": -82.74995944564041, "RKneePitch": 15.279237379122293, "RElbowRoll": 36.2415857912535, "RElbowYaw": 90, "RShoulderPitch": 73.31409399323083}}