{"supportLeg": "Legs", "angles": {"LShoulderRoll": 24.586123770926925, "LShoulderPitch": -3.8304323018387536, "RShoulderRoll": -29.21654207731826, "LElbowYaw": 16.57936201387861, "LAnklePitch": -12.213934238700915, "RHipRoll": -0.07964797039428703, "RAnklePitch": -8.366142861699998, "LHipPitch": -3.1345328765475813, "LKneePitch": 9.988522868857075, "LHipRoll": -0.06967523793331569, "RHipPitch": -84.60019499504133, "LElbowRoll": -80.86971084222617, "RKneePitch": 13.80045652918875, "RElbowRoll": 35.17131055092656, "RElbowYaw": 90, "RShoulderPitch": 74.09010510541731}}