{"supportLeg": "Legs", "angles": {"LShoulderRoll": 23.024349448719423, "LShoulderPitch": -7.329645191805504, "RShoulderRoll": -29.29566367176889, "LElbowYaw": 20.458360778015887, "LAnklePitch": -11.775022506375734, "RHipRoll": -0.11492049365913364, "RAnklePitch": -8.367746754382054, "LHipPitch": -3.700820484982728, "LKneePitch": 9.140843334885687, "LHipRoll": -0.07276885121750362, "RHipPitch": -85.01486951449412, "LElbowRoll": -83.111510752086, "RKneePitch": 13.394815694432765, "RElbowRoll": 34.70604391723657, "RElbowYaw": 90, "RShoulderPitch": 74.48081722342792}}