{"supportLeg": "Legs", "angles": {"LShoulderRoll": 22.24706632253373, "LShoulderPitch": -6.8852968259811975, "RShoulderRoll": -24.638501907444272, "LElbowYaw": 22.760122058393407, "LAnklePitch": -11.185048788923936, "RHipRoll": 0.2896391095987236, "RAnklePitch": -7.1570744078333774, "LHipPitch": -3.0521317759420015, "LKneePitch": 8.455932450590353, "LHipRoll": -0.06678407046711035, "RHipPitch": -84.91695629206248, "LElbowRoll": -80.1637101526418, "RKneePitch": 12.23996247783353, "RElbowRoll": 21.448307503709344, "RElbowYaw": 90, "RShoulderPitch": 79.78488642354199}}