{"supportLeg": "Legs", "angles": {"LShoulderRoll": 23.544375161744398, "LShoulderPitch": -8.124262017939568, "RShoulderRoll": -24.239344714704817, "LElbowYaw": 24.306048282211478, "LAnklePitch": -11.897815921472201, "RHipRoll": -0.07875003815240013, "RAnklePitch": -7.106248787438844, "LHipPitch": -2.7502511593597774, "LKneePitch": 9.401778243370018, "LHipRoll": -0.0675995690217109, "RHipPitch": -85.32514645348034, "LElbowRoll": -81.07978963265346, "RKneePitch": 11.785883558039075, "RElbowRoll": 24.309276016146924, "RElbowYaw": 90, "RShoulderPitch": 79.32920906381258}}