{"supportLeg": "Legs", "angles": {"LShoulderRoll": 25.16778619259891, "LShoulderPitch": -7.73451930170547, "RShoulderRoll": -24.129452785716328, "LElbowYaw": 25.041333920919698, "LAnklePitch": -11.085780025884858, "RHipRoll": -0.19769279208248416, "RAnklePitch": -8.653182324492732, "LHipPitch": -5.062429819494369, "LKneePitch": 7.590969645021687, "LHipRoll": -0.08457553434889029, "RHipPitch": -85.77008281560174, "LElbowRoll": -79.66120208382428, "RKneePitch": 12.928926219452052, "RElbowRoll": 24.569337677881578, "RElbowYaw": 90, "RShoulderPitch": 79.2842759725759}}