{"supportLeg": "Legs", "angles": {"LShoulderRoll": 24.159630729741725, "LShoulderPitch": -10.520111776998483, "RShoulderRoll": -24.880464116719924, "LElbowYaw": 27.962759351334217, "LAnklePitch": -11.488655834203215, "RHipRoll": -0.7668153654426786, "RAnklePitch": -9.23938672949376, "LHipPitch": -4.871758962719952, "LKneePitch": 8.029649656349022, "LHipRoll": -0.08472633051431366, "RHipPitch": -85.41857388655403, "LElbowRoll": -81.23023853521552, "RKneePitch": 13.98199438484312, "RElbowRoll": 23.017567042709572, "RElbowYaw": 90, "RShoulderPitch": 79.74331688211615}}