{"supportLeg": "Legs", "angles": {"LShoulderRoll": 26.33019185534186, "LShoulderPitch": -6.760474928461671, "RShoulderRoll": -24.752263627030498, "LElbowYaw": 24.124973150242088, "LAnklePitch": -11.732609950062326, "RHipRoll": -0.75675782102351, "RAnklePitch": -9.12237160788915, "LHipPitch": -4.710883944098967, "LKneePitch": 8.423015832568069, "LHipRoll": -0.08458751265699717, "RHipPitch": -85.43244583949645, "LElbowRoll": -78.84867263801277, "RKneePitch": 13.847789695154688, "RElbowRoll": 21.970950664253962, "RElbowYaw": 90, "RShoulderPitch": 80.22068203786964}}