{"supportLeg": "Legs", "angles": {"LShoulderRoll": 25.044493022364428, "LShoulderPitch": -13.362623396691225, "RShoulderRoll": -23.999575200906673, "LElbowYaw": 28.8286618438872, "LAnklePitch": -12.04045962268465, "RHipRoll": -0.591077144023268, "RAnklePitch": -9.017583790098612, "LHipPitch": -4.537982303301902, "LKneePitch": 8.738860887329764, "LHipRoll": -0.08299769292096694, "RHipPitch": -85.36631427626479, "LElbowRoll": -86.28295734131905, "RKneePitch": 13.790553448662735, "RElbowRoll": 18.25191469532902, "RElbowYaw": 90, "RShoulderPitch": 81.18986558092308}}