{"supportLeg": "Legs", "angles": {"LShoulderRoll": 20.400899506472218, "LShoulderPitch": 83.95975701350685, "RShoulderRoll": -14.261357403660213, "LElbowYaw": -90, "LElbowRoll": -23.48912058427223, "RElbowRoll": 18.595113866703656, "RElbowYaw": -8.327674906868822, "RShoulderPitch": 86.3919319754959}}