{"supportLeg": "Legs", "angles": {"LShoulderRoll": 26.017691175873697, "LShoulderPitch": -7.769188041785467, "RShoulderRoll": -24.150774095226602, "LElbowYaw": 23.55217704701377, "LAnklePitch": -12.050392731026363, "RHipRoll": -0.4685119798476668, "RAnklePitch": -8.5116084105304, "LHipPitch": -4.449279369989966, "LKneePitch": 8.81724989648626, "LHipRoll": -0.08224365789402159, "RHipPitch": -85.15681988682829, "LElbowRoll": -81.30766802338402, "RKneePitch": 13.474353116002248, "RElbowRoll": 17.6009621291378, "RElbowYaw": 90, "RShoulderPitch": 82.18272909266011}}