{"supportLeg": "Legs", "angles": {"LShoulderRoll": 26.068505371015352, "LShoulderPitch": -7.3977470259073925, "RShoulderRoll": -24.386102170801152, "LElbowYaw": 26.816685504401487, "LAnklePitch": -12.156009047727963, "RHipRoll": 0.0427279963117686, "RAnklePitch": -7.75596024534066, "LHipPitch": -4.2618360840106675, "LKneePitch": 8.84137690786082, "LHipRoll": -0.07936753520364415, "RHipPitch": -85.4418314791816, "LElbowRoll": -77.78916222898924, "RKneePitch": 12.382536621488384, "RElbowRoll": 20.156909905975027, "RElbowYaw": 90, "RShoulderPitch": 82.12869477362456}}