{"supportLeg": "Legs", "angles": {"LShoulderRoll": 24.988495011840463, "LShoulderPitch": -6.800989946101989, "RShoulderRoll": -25.380001553181014, "LElbowYaw": 24.644047936366178, "LAnklePitch": -12.173708905386675, "RHipRoll": 0.2172537153057444, "RAnklePitch": -7.5057010107233, "LHipPitch": -4.001586495564055, "LKneePitch": 9.076377187382548, "LHipRoll": -0.08120774854032074, "RHipPitch": -85.53863587945047, "LElbowRoll": -78.824448121617, "RKneePitch": 12.039599943660136, "RElbowRoll": 22.648532639315277, "RElbowYaw": 90, "RShoulderPitch": 80.39263158359647}}