{"supportLeg": "Legs", "angles": {"LShoulderRoll": 22.933904799228024, "LShoulderPitch": -6.511643675409419, "RShoulderRoll": -25.05930026820102, "LElbowYaw": 23.771686463747983, "LAnklePitch": -11.936998390001833, "RHipRoll": 0.3672633942089691, "RAnklePitch": -7.110951694277773, "LHipPitch": -3.792044607659747, "LKneePitch": 8.98356898376474, "LHipRoll": -0.08350842152052895, "RHipPitch": -85.36236859491018, "LElbowRoll": -79.41063486967381, "RKneePitch": 11.87239700259218, "RElbowRoll": 18.744171011810806, "RElbowYaw": 90, "RShoulderPitch": 81.19917920689892}}