{"supportLeg": "Legs", "angles": {"LShoulderRoll": 23.382151347194377, "LShoulderPitch": -3.967700668458382, "RShoulderRoll": -25.679432095078607, "LElbowYaw": 9.648249610243683, "LAnklePitch": -12.079812553009035, "RHipRoll": 0.06297151589614379, "RAnklePitch": -6.352299769590999, "LHipPitch": -3.4494040361890086, "LKneePitch": 9.26140365131505, "LHipRoll": -0.0825470803163971, "RHipPitch": -85.72024206826511, "LElbowRoll": -89.70850658069382, "RKneePitch": 10.92572361399283, "RElbowRoll": 20.01291133626441, "RElbowYaw": 90, "RShoulderPitch": 80.23616605393329}}