{"supportLeg": "Legs", "angles": {"LShoulderRoll": 23.19769148474803, "LShoulderPitch": -3.5431617936457447, "RShoulderRoll": -26.386638278197903, "LElbowYaw": 20.258385005522808, "LAnklePitch": -12.498283044438637, "RHipRoll": -0.9247936408400621, "RAnklePitch": -6.281730655114146, "LHipPitch": -2.6119765273434865, "LKneePitch": 10.218869023066702, "LHipRoll": -0.08151093455681273, "RHipPitch": -85.6557152899819, "LElbowRoll": -78.16964235868143, "RKneePitch": 11.84713896398901, "RElbowRoll": 19.70485708107421, "RElbowYaw": 90, "RShoulderPitch": 79.40418884360577}}