{"supportLeg": "Legs", "angles": {"LShoulderRoll": 22.921311193596388, "LShoulderPitch": -2.660096732597263, "RShoulderRoll": -25.877641733369185, "LElbowYaw": 20.608064037586406, "LAnklePitch": -13.389996184802257, "RHipRoll": -0.9000899244749899, "RAnklePitch": -6.322090083925232, "LHipPitch": -0.24167640041399352, "LKneePitch": 13.600848264779557, "LHipRoll": -0.09910872297235115, "RHipPitch": -85.68510101177642, "LElbowRoll": -75.97585322633682, "RKneePitch": 12.314165868349136, "RElbowRoll": 17.048129582881472, "RElbowYaw": 90, "RShoulderPitch": 79.17186770950582}}