{"supportLeg": "Legs", "angles": {"LShoulderRoll": 23.462317745817757, "LShoulderPitch": -2.1675863067050556, "RShoulderRoll": -26.394662572214237, "LElbowYaw": 18.775617607706433, "LAnklePitch": -16.033577573329225, "RHipRoll": -1.5468623480130281, "RAnklePitch": -6.508246493270718, "LHipPitch": -83.72969978726601, "LKneePitch": 23.07503049580572, "LHipRoll": -0.12391988989900503, "RHipPitch": -85.48612769322962, "LElbowRoll": -76.95194011754937, "RKneePitch": 13.676521614208752, "RElbowRoll": 18.09833614496199, "RElbowYaw": 90, "RShoulderPitch": 79.09930748521577}}