{"supportLeg": "Legs", "angles": {"LShoulderRoll": 23.09261139520023, "LShoulderPitch": -0.6399871497358346, "RShoulderRoll": -28.40809431618804, "LElbowYaw": 17.89591212007077, "LAnklePitch": -15.185629251731541, "RHipRoll": -1.5698222895295557, "RAnklePitch": -6.565003507657366, "LHipPitch": -78.17845859604101, "LKneePitch": 28.20908607564388, "LHipRoll": -0.14612990319441077, "RHipPitch": -85.32564683321036, "LElbowRoll": -74.68173843605096, "RKneePitch": 14.171581498718638, "RElbowRoll": 24.43525828854081, "RElbowYaw": 90, "RShoulderPitch": 78.23005699411982}}