{"supportLeg": "Legs", "angles": {"LShoulderRoll": 23.018887531513773, "LShoulderPitch": -0.1503982956370279, "RShoulderRoll": -28.80234229287166, "LElbowYaw": 16.724082944949224, "LAnklePitch": -12.487580970101689, "RHipRoll": -1.4609412881525128, "RAnklePitch": -6.601233823996466, "LHipPitch": -74.33473996653275, "LKneePitch": 29.668933377074296, "LHipRoll": -0.1684787866444684, "RHipPitch": -85.23688174177829, "LElbowRoll": -73.55863870111966, "RKneePitch": 14.290627982958227, "RElbowRoll": 25.452805460085187, "RElbowYaw": 90, "RShoulderPitch": 77.83691824392136}}