{"supportLeg": "Legs", "angles": {"LShoulderRoll": 19.783140827124146, "LShoulderPitch": 82.44653590625622, "RShoulderRoll": -14.732518494988701, "LElbowYaw": -90, "LElbowRoll": -24.782111844916358, "RElbowRoll": 14.406333173401578, "RElbowYaw": 90, "RShoulderPitch": 86.73903814174409}}