{"supportLeg": "Legs", "angles": {"LShoulderRoll": 24.507035215269234, "LShoulderPitch": -0.9805707566056387, "RShoulderRoll": -28.02914389254271, "LElbowYaw": 19.367231086164068, "LAnklePitch": -8.987889775804874, "RHipRoll": -1.0997604076747318, "RAnklePitch": -6.599708037015645, "LHipPitch": -69.20310728800793, "LKneePitch": 31.381570651390035, "LHipRoll": -0.1828400494441025, "RHipPitch": -85.02316154751344, "LElbowRoll": -72.1381568723865, "RKneePitch": 14.406932477813626, "RElbowRoll": 28.063622355510404, "RElbowYaw": 90, "RShoulderPitch": 76.79679605777906}}