{"supportLeg": "Legs", "angles": {"LShoulderRoll": 26.276625698665782, "LShoulderPitch": 0.21201179308387452, "RShoulderRoll": -28.43577784923223, "LElbowYaw": 17.80001212107818, "LAnklePitch": -3.037136844726561, "RHipRoll": -0.936295748394061, "RAnklePitch": -6.597005053533053, "LHipPitch": -65.6308223249223, "LKneePitch": 28.872222026953324, "LHipRoll": -0.19243294595391253, "RHipPitch": -84.94449654108742, "LElbowRoll": -71.75982978489364, "RKneePitch": 14.459767513431586, "RElbowRoll": 23.3317402674665, "RElbowYaw": 90, "RShoulderPitch": 75.65954066920358}}