{"supportLeg": "RLeg", "angles": {"LShoulderRoll": 28.715305651873905, "LShoulderPitch": 1.3028743575103192, "RShoulderRoll": -30.175967255960202, "LElbowYaw": 17.268826448805534, "LAnklePitch": -68, "RHipRoll": -0.9169819707740053, "RAnklePitch": -6.7317936593561996, "LHipPitch": -63.99480616831741, "LKneePitch": 23.161697476177352, "LHipRoll": -0.18761500522964417, "RHipPitch": -84.76506302766288, "LElbowRoll": -77.19456790574478, "RKneePitch": 14.90323687243395, "RElbowRoll": 35.15629651524898, "RElbowYaw": 90, "RShoulderPitch": 71.62145587889586}}