{"supportLeg": "RLeg", "angles": {"LShoulderRoll": 30.033011079929846, "LShoulderPitch": 1.1820982794478567, "RShoulderRoll": -30.15135498800566, "LElbowYaw": 14.039603070817744, "LAnklePitch": -68, "RHipRoll": -0.9543857509122722, "RAnklePitch": -7.106675002390787, "LHipPitch": -63.89506102707427, "LKneePitch": 16.62575366462883, "LHipRoll": -0.16693423122066736, "RHipPitch": -84.75931694564265, "LElbowRoll": -70.2773446455633, "RKneePitch": 15.43087146809296, "RElbowRoll": 33.785240137507344, "RElbowYaw": 90, "RShoulderPitch": 71.62478160696237}}