{"supportLeg": "RLeg", "angles": {"LShoulderRoll": 30.75910399299932, "LShoulderPitch": 2.3041849366302642, "RShoulderRoll": -30.07575367554568, "LElbowYaw": 14.010354124403413, "LAnklePitch": -68, "RHipRoll": -0.9277445709426981, "RAnklePitch": -7.5984486277033625, "LHipPitch": -64.32322480579252, "LKneePitch": 13.35918909993697, "LHipRoll": -0.14266283292789148, "RHipPitch": -84.6979122900144, "LElbowRoll": -76.49944364358535, "RKneePitch": 15.963478223206238, "RElbowRoll": 32.07442633570432, "RElbowYaw": 90, "RShoulderPitch": 72.2342398752896}}