{"supportLeg": "Legs", "angles": {"LShoulderRoll": 32.22334320712046, "LShoulderPitch": 2.9503548599639515, "RShoulderRoll": -30.70150501118378, "LElbowYaw": 13.923485056096908, "LAnklePitch": -68, "RHipRoll": -0.8290574790253159, "RAnklePitch": -8.225113190235035, "LHipPitch": -65.39522324577169, "LKneePitch": 11.502203993814533, "LHipRoll": -0.11038178021284488, "RHipPitch": -84.61477964340139, "LElbowRoll": -75.65212705077995, "RKneePitch": 16.485132704279152, "RElbowRoll": 32.06880385614326, "RElbowYaw": 90, "RShoulderPitch": 72.26544350572368}}