{"supportLeg": "Legs", "angles": {"LShoulderRoll": 33.85218313594399, "LShoulderPitch": 5.341882715531085, "RShoulderRoll": -31.53471098481606, "LElbowYaw": 12.654151702461071, "LAnklePitch": -68, "RHipRoll": -0.4707591995498989, "RAnklePitch": -8.69588285246435, "LHipPitch": -66.83352147302541, "LKneePitch": 7.92480531016102, "LHipRoll": -0.08138153538228017, "RHipPitch": -84.6557620222028, "LElbowRoll": -74.02473885591314, "RKneePitch": 16.575026716453976, "RElbowRoll": 32.52432711119371, "RElbowYaw": 90, "RShoulderPitch": 70.8234809447828}}