{"supportLeg": "Legs", "angles": {"LShoulderRoll": 34.436626313250734, "LShoulderPitch": 5.771790081605857, "RShoulderRoll": -31.281497152984507, "LElbowYaw": 12.439077988267055, "LAnklePitch": -68, "RHipRoll": -0.2689475710396523, "RAnklePitch": -8.978017130059229, "LHipPitch": -67.79326486477683, "LKneePitch": 6.204652324079262, "LHipRoll": -0.06863961206048921, "RHipPitch": -84.69671009923982, "LElbowRoll": -74.14782775022749, "RKneePitch": 16.564163851047596, "RElbowRoll": 29.68738919440804, "RElbowYaw": 90, "RShoulderPitch": 71.11788596973575}}