{"supportLeg": "Legs", "angles": {"LShoulderRoll": 33.65197083275717, "LShoulderPitch": 7.340864554913239, "RShoulderRoll": -31.913810698076425, "LElbowYaw": 10.764267591677335, "LAnklePitch": -68, "RHipRoll": -0.12401885103561403, "RAnklePitch": -9.277516141258047, "LHipPitch": -68.2676848640162, "LKneePitch": 5.382640362233161, "LHipRoll": -0.06230909672996498, "RHipPitch": -84.73674454021655, "LElbowRoll": -73.1725673201988, "RKneePitch": 16.512842894799036, "RElbowRoll": 29.620242605079625, "RElbowYaw": 90, "RShoulderPitch": 71.31979664194625}}