{"supportLeg": "Legs", "angles": {"LShoulderRoll": 32.821099007726325, "LShoulderPitch": 6.365173505176912, "RShoulderRoll": -31.915045807456156, "LElbowYaw": 11.583475350513428, "LAnklePitch": -68, "RHipRoll": -0.18171787762398278, "RAnklePitch": -9.456955653446684, "LHipPitch": -68.59591366127302, "LKneePitch": 4.949441716729467, "LHipRoll": -0.059287959314570635, "RHipPitch": -84.81461412372906, "LElbowRoll": -73.80572970460689, "RKneePitch": 16.619816733557712, "RElbowRoll": 29.818120074804966, "RElbowYaw": 90, "RShoulderPitch": 71.12142962915897}}