{"supportLeg": "Legs", "angles": {"LShoulderRoll": 18.34790839210949, "LShoulderPitch": 82.9591713686511, "RShoulderRoll": -15.140228212140377, "LElbowYaw": -90, "LElbowRoll": -24.50303814549366, "RElbowRoll": 17.3824945587005, "RElbowYaw": 90, "RShoulderPitch": 86.4852167260094}}