{"supportLeg": "Legs", "angles": {"LShoulderRoll": 32.49296040635894, "LShoulderPitch": 6.523199533986627, "RShoulderRoll": -32.22290286755978, "LElbowYaw": 11.847523241941335, "LAnklePitch": -68, "RHipRoll": -0.2663567594707841, "RAnklePitch": -10.243993633927772, "LHipPitch": -69.24577275760913, "LKneePitch": 4.610963007763502, "LHipRoll": -0.05724060715703489, "RHipPitch": -84.80429659328007, "LElbowRoll": -73.7048844881028, "RKneePitch": 17.20931689400399, "RElbowRoll": 30.291147118766446, "RElbowYaw": 90, "RShoulderPitch": 70.80108352019816}}