{"supportLeg": "Legs", "angles": {"LShoulderRoll": 32.18383477479092, "LShoulderPitch": 6.58339410140114, "RShoulderRoll": -31.81118709580679, "LElbowYaw": 11.707548976215836, "LAnklePitch": -68, "RHipRoll": -0.346086886780938, "RAnklePitch": -10.917602525410828, "LHipPitch": -69.61913894471354, "LKneePitch": 4.998234233686588, "LHipRoll": -0.05628136476095252, "RHipPitch": -85.22496481571955, "LElbowRoll": -73.46266114106376, "RKneePitch": 17.3543275808627, "RElbowRoll": 30.958109465746645, "RElbowYaw": 90, "RShoulderPitch": 69.97741094976803}}