{"supportLeg": "Legs", "angles": {"LShoulderRoll": 32.625285753567894, "LShoulderPitch": 5.985390170735911, "RShoulderRoll": -31.36565997882193, "LElbowYaw": 12.633160956173963, "LAnklePitch": -68, "RHipRoll": -0.5167512668234924, "RAnklePitch": -11.17365739402193, "LHipPitch": -69.89849324440851, "LKneePitch": 4.870369838987756, "LHipRoll": -0.0525850088769931, "RHipPitch": -85.89558007679555, "LElbowRoll": -70.37268951391661, "RKneePitch": 16.988216467940646, "RElbowRoll": 29.808005634630177, "RElbowYaw": 90, "RShoulderPitch": 70.21459213273064}}