{"supportLeg": "Legs", "angles": {"LShoulderRoll": 32.87407636882875, "LShoulderPitch": 7.081376703295049, "RShoulderRoll": -30.65914634606941, "LElbowYaw": 11.542141636268859, "LAnklePitch": -68, "RHipRoll": -0.6377912383785238, "RAnklePitch": -11.38576959253598, "LHipPitch": -70.42683955135982, "LKneePitch": 4.367447680344213, "LHipRoll": -0.04593070959270811, "RHipPitch": -86.48499126295081, "LElbowRoll": -72.69446439062607, "RKneePitch": 16.691116154115207, "RElbowRoll": 28.67797275231385, "RElbowYaw": 90, "RShoulderPitch": 70.227151424999}}