{"supportLeg": "Legs", "angles": {"LShoulderRoll": 35.29268907741605, "LShoulderPitch": 29.173186914945532, "RShoulderRoll": -30.54504284907457, "LElbowYaw": -5.633266349569428, "LAnklePitch": -68, "RHipRoll": -0.6589872405837598, "RAnklePitch": -11.500367342353243, "LHipPitch": -70.9676709980368, "LKneePitch": 3.910792092820458, "LHipRoll": -0.04273115363540373, "RHipPitch": -86.87524247166935, "LElbowRoll": -57.88009031273923, "RKneePitch": 16.466609823987625, "RElbowRoll": 27.954032727735893, "RElbowYaw": 90, "RShoulderPitch": 69.85549297565095}}