{"supportLeg": "Legs", "angles": {"LShoulderRoll": 35.046967268297074, "LShoulderPitch": 8.59029739036572, "RShoulderRoll": -30.73310967488668, "LElbowYaw": 11.353277377846911, "LAnklePitch": -68, "RHipRoll": -0.7515178012265868, "RAnklePitch": -11.505168590927227, "LHipPitch": -71.42120853195681, "LKneePitch": 3.7010611072564075, "LHipRoll": -0.0392961671069311, "RHipPitch": -87.71009723846876, "LElbowRoll": -73.41414435028405, "RKneePitch": 15.725302870774698, "RElbowRoll": 28.864297658844293, "RElbowYaw": 90, "RShoulderPitch": 68.92391488857872}}