{"supportLeg": "Legs", "angles": {"LShoulderRoll": 36.88470865462278, "LShoulderPitch": 13.863221863306848, "RShoulderRoll": -49.52403058655307, "LElbowYaw": 6.463249793181202, "LAnklePitch": -68, "RHipRoll": -0.8367786883891898, "RAnklePitch": -11.62299526432004, "LHipPitch": -71.16086462741569, "LKneePitch": 5.688280336384594, "LHipRoll": -0.047599413005256504, "RHipPitch": -88, "LElbowRoll": -73.42258994741718, "RKneePitch": 14.897440176523588, "RElbowRoll": 28.814696470948974, "RElbowYaw": 90, "RShoulderPitch": 67.38585381204152}}