{"supportLeg": "Legs", "angles": {"LShoulderRoll": 40.18309030163931, "LShoulderPitch": 20.039322381139968, "RShoulderRoll": -46.5224632186664, "LElbowYaw": 0.5923288599534828, "LAnklePitch": -68, "RHipRoll": -0.9210957309295821, "RAnklePitch": -11.751063606607175, "LHipPitch": -71.59237456521687, "LKneePitch": 6.056920845032721, "LHipRoll": -0.0467041908982511, "RHipPitch": -88, "LElbowRoll": -75.01273737207983, "RKneePitch": 13.766805078060031, "RElbowRoll": 29.535864087599634, "RElbowYaw": 90, "RShoulderPitch": 64.44781550467928}}