{"supportLeg": "Legs", "angles": {"LShoulderRoll": 38.76020967819019, "LShoulderPitch": 14.188743664318551, "RShoulderRoll": -46.158654224090924, "LElbowYaw": 9.159481914197244, "LAnklePitch": -68, "RHipRoll": -1.078896444099803, "RAnklePitch": -12.15337558437129, "LHipPitch": -71.94573335663529, "LKneePitch": 7.613993645561834, "LHipRoll": -0.05178954660790772, "RHipPitch": -1.0552644001221694, "LElbowRoll": -70.1319041597403, "RKneePitch": 12.992642506900523, "RElbowRoll": 29.42892321555925, "RElbowYaw": 90, "RShoulderPitch": 62.88817715732205}}