{"supportLeg": "Legs", "angles": {"LShoulderRoll": 39.22049532264131, "LShoulderPitch": 22.310039998875865, "RShoulderRoll": -44.13578512299138, "LElbowYaw": -0.616354604490919, "LAnklePitch": -68, "RHipRoll": -1.1561895939934064, "RAnklePitch": -12.809776536045277, "LHipPitch": -72.25558445356894, "LKneePitch": 9.678819949777562, "LHipRoll": -0.04408606936221462, "RHipPitch": -1.8923697823984753, "LElbowRoll": -75.71984949342072, "RKneePitch": 12.664722763021729, "RElbowRoll": 36.87236502466513, "RElbowYaw": 90, "RShoulderPitch": 61.06590932548359}}