{"supportLeg": "Legs", "angles": {"LShoulderRoll": 17.45277524236745, "LShoulderPitch": 83.4670940038288, "RShoulderRoll": -14.557752510350449, "LElbowYaw": -90, "LElbowRoll": -25.4193803455517, "RElbowRoll": 16.852899388204634, "RElbowYaw": 90, "RShoulderPitch": 88.0608115631021}}