{"supportLeg": "Legs", "angles": {"LShoulderRoll": 37.99964813442502, "LShoulderPitch": 17.994770811480095, "RShoulderRoll": -44.024250230419625, "LElbowYaw": 4.1002428155501995, "LAnklePitch": -68, "RHipRoll": -1.341400587837272, "RAnklePitch": -13.197864308090757, "LHipPitch": -73.07004953725145, "LKneePitch": 10.130301384495084, "LHipRoll": -0.039635872565547764, "RHipPitch": -2.757908801785746, "LElbowRoll": -76.65040483402652, "RKneePitch": 12.270183715194662, "RElbowRoll": 31.837452419684183, "RElbowYaw": 90, "RShoulderPitch": 59.37367497809991}}