{"supportLeg": "Legs", "angles": {"LShoulderRoll": 39.908664283865015, "LShoulderPitch": 20.900567957895248, "RShoulderRoll": -29.126800219985775, "LElbowYaw": 5.265912923005278, "LAnklePitch": -68, "RHipRoll": -1.3739996603747346, "RAnklePitch": -14.462159313282982, "LHipPitch": -75.23613876773851, "LKneePitch": 8.901357245087382, "LHipRoll": -0.022577580077359976, "RHipPitch": -3.2301406301431967, "LElbowRoll": -71.38373203198661, "RKneePitch": 12.460922406834158, "RElbowRoll": 20.862993711751045, "RElbowYaw": 90, "RShoulderPitch": 60.00337192781876}}