{"supportLeg": "Legs", "angles": {"LShoulderRoll": 39.67040555029202, "LShoulderPitch": 29.679912737193803, "RShoulderRoll": -30.249707571489235, "LElbowYaw": 0, "LAnklePitch": -68, "RHipRoll": -1.9903967880194284, "RAnklePitch": -15.283577913113987, "LHipPitch": -77.10819581361514, "LKneePitch": 8.110086249607406, "LHipRoll": -0.006826306188852322, "RHipPitch": -3.497104460562838, "LElbowRoll": -73.80996335716532, "RKneePitch": 12.880722317147217, "RElbowRoll": 18.839062449486306, "RElbowYaw": 90, "RShoulderPitch": 59.11504557780245}}