{"supportLeg": "Legs", "angles": {"LShoulderRoll": 37.798226684491, "LShoulderPitch": 25.171544296172314, "RShoulderRoll": -30.495046771577723, "LElbowYaw": 1.5205885005361317, "LAnklePitch": -68, "RHipRoll": -2.4102723420028433, "RAnklePitch": -16.38573671684763, "LHipPitch": -78.55995596925526, "LKneePitch": 8.313076171913167, "LHipRoll": 0.0032901760205670265, "RHipPitch": -4.219448360177026, "LElbowRoll": -73.21839560708511, "RKneePitch": 12.906796349108362, "RElbowRoll": 20.523252040427565, "RElbowYaw": 90, "RShoulderPitch": 60.303787046851575}}