{"supportLeg": "Legs", "angles": {"LShoulderRoll": 38.314316358984485, "LShoulderPitch": 26.461863393121213, "RShoulderRoll": -50.661004250589656, "LElbowYaw": 2.461915444774771, "LAnklePitch": -68, "RHipRoll": -3.323886718971168, "RAnklePitch": -18.55848566938127, "LHipPitch": -80.09733572611754, "LKneePitch": 9.390542626294518, "LHipRoll": 0.01347953856420653, "RHipPitch": -4.697034160451665, "LElbowRoll": -75.08542507268687, "RKneePitch": 14.338116514543685, "RElbowRoll": 38.04911340086366, "RElbowYaw": 90, "RShoulderPitch": 56.05730920699637}}