{"supportLeg": "Legs", "angles": {"LShoulderRoll": 37.23170599209158, "LShoulderPitch": 29.992137664144927, "RShoulderRoll": -49.786478221958745, "LElbowYaw": 0, "LAnklePitch": -0.33793995024278445, "RHipRoll": -4.15628652895587, "RAnklePitch": -18.77057427980901, "LHipPitch": -81.19410296598198, "LKneePitch": 9.41445707702627, "LHipRoll": 0.021581624657124005, "RHipPitch": -5.238874467279487, "LElbowRoll": -74.4640929427032, "RKneePitch": 14.282498057362801, "RElbowRoll": 38.17072080820952, "RElbowYaw": 90, "RShoulderPitch": 54.245834999471406}}