{"supportLeg": "Legs", "angles": {"LShoulderRoll": 37.145614170877, "LShoulderPitch": 30.152838506652245, "RShoulderRoll": -48.42496479239112, "LElbowYaw": 0, "LAnklePitch": -1.9839339798883344, "RHipRoll": -4.765836245940781, "RAnklePitch": -19.34645866189301, "LHipPitch": -81.60482997675105, "LKneePitch": 10.725586894494427, "LHipRoll": 0.02544092485226153, "RHipPitch": -5.927059209874159, "LElbowRoll": -76.32471497565086, "RKneePitch": 14.281641320842851, "RElbowRoll": 23.889832506740532, "RElbowYaw": 90, "RShoulderPitch": 52.4390382634982}}