{"supportLeg": "Legs", "angles": {"LShoulderRoll": 38.23212448023962, "LShoulderPitch": 30.11454059736422, "RShoulderRoll": -48.713061827538475, "LElbowYaw": 0, "LAnklePitch": -2.361245039835225, "RHipRoll": -5.557803615118179, "RAnklePitch": -19.672609348423478, "LHipPitch": -82.54723429964136, "LKneePitch": 9.971991630246691, "LHipRoll": 0.03676748391337517, "RHipPitch": -6.794502018492736, "LElbowRoll": -79.11725109918744, "RKneePitch": 13.899842980094888, "RElbowRoll": 41.179802215273696, "RElbowYaw": -43.815673378447784, "RShoulderPitch": 49.57541734891073}}