{"supportLeg": "Legs", "angles": {"LShoulderRoll": 37.43492839338326, "LShoulderPitch": 29.67587779785874, "RShoulderRoll": -49.573679288164676, "LElbowYaw": 0, "LAnklePitch": -2.773430791727293, "RHipRoll": -6.052890711926314, "RAnklePitch": -20.002095103708882, "LHipPitch": -83.06392318960926, "LKneePitch": 9.887472418353383, "LHipRoll": 0.04061800090675392, "RHipPitch": -7.407735427112826, "LElbowRoll": -77.43098595289227, "RKneePitch": 13.783577964014995, "RElbowRoll": 40.815449489338334, "RElbowYaw": -41.525500478408865, "RShoulderPitch": 48.28246575943497}}