{"supportLeg": "Legs", "angles": {"LShoulderRoll": 34.982351338539544, "LShoulderPitch": 27.04975152863635, "RShoulderRoll": -49.75045868892518, "LElbowYaw": 0, "LAnklePitch": -2.250696332288655, "RHipRoll": -8.461237277280366, "RAnklePitch": -27.460799314778356, "LHipPitch": -84.47066869542442, "LKneePitch": 8.208678463240801, "LHipRoll": 0.04079209111509626, "RHipPitch": -11.983603820481378, "LElbowRoll": -74.815823081943, "RKneePitch": 15.989297040554476, "RElbowRoll": 31.611373275262025, "RElbowYaw": -21.530178470296647, "RShoulderPitch": 42.82476772959097}}