{"supportLeg": "Legs", "angles": {"LShoulderRoll": 18.768340362594834, "LShoulderPitch": 83.41553994230225, "RShoulderRoll": -15.753436872100243, "LElbowYaw": -90, "LElbowRoll": -28.8569333832244, "RElbowRoll": 16.345703116858374, "RElbowYaw": 90, "RShoulderPitch": 89.01739729729894}}