{"supportLeg": "Legs", "angles": {"LShoulderRoll": 33.451658360021746, "LShoulderPitch": 25.207732537058064, "RShoulderRoll": -46.639740531567, "LElbowYaw": 0, "LAnklePitch": -1.7542737846271024, "RHipRoll": -10.55622911105199, "RAnklePitch": -31.020970208071418, "LHipPitch": -85.23498518782178, "LKneePitch": 7.027346361487986, "LHipRoll": 0.03935190063093788, "RHipPitch": -17.10045959605705, "LElbowRoll": -73.64249030484596, "RKneePitch": 14.176039201754662, "RElbowRoll": 21.017685445224714, "RElbowYaw": -23.902299012083557, "RShoulderPitch": 45.313283665244995}}