{"supportLeg": "Legs", "angles": {"LShoulderRoll": 34.042971066514035, "LShoulderPitch": 25.306183694134603, "RShoulderRoll": -47.254015413987794, "LElbowYaw": 0, "LAnklePitch": -1.378607331249782, "RHipRoll": -12.97376455500761, "RAnklePitch": -36.11763824506328, "LHipPitch": -86.03180619870794, "LKneePitch": 5.942353060205221, "LHipRoll": 0.03434221874215359, "RHipPitch": -20.905570307737705, "LElbowRoll": -75.093453709937, "RKneePitch": 15.524832010018173, "RElbowRoll": 24.086797443875156, "RElbowYaw": -24.248960177317503, "RShoulderPitch": 43.64264773481594}}