{"supportLeg": "Legs", "angles": {"LShoulderRoll": 33.37468010721346, "LShoulderPitch": 23.999885101609365, "RShoulderRoll": -47.40806305560041, "LElbowYaw": 0, "LAnklePitch": -1.110621656455379, "RHipRoll": -14.643624336853952, "RAnklePitch": -39.94560156548354, "LHipPitch": -86.57295195594024, "LKneePitch": 5.215268178948463, "LHipRoll": 0.03284960374237446, "RHipPitch": -23.399148061999867, "LElbowRoll": -74.97985293214612, "RKneePitch": 16.882153377447395, "RElbowRoll": 24.98000889068365, "RElbowYaw": -24.63341183639804, "RShoulderPitch": 42.9969825316807}}