{"supportLeg": "Legs", "angles": {"LShoulderRoll": 34.18669081640741, "LShoulderPitch": 26.115225703924033, "RShoulderRoll": -47.028276132165196, "LElbowYaw": 0, "LAnklePitch": -0.7714554324180796, "RHipRoll": -16.632444509114894, "RAnklePitch": -41.647547350411386, "LHipPitch": -86.73556965457347, "LKneePitch": 4.589621320246437, "LHipRoll": 0.03619070261189041, "RHipPitch": -24.087704009654175, "LElbowRoll": -73.52814062730344, "RKneePitch": 18.372171302476175, "RElbowRoll": 29.62031161594595, "RElbowYaw": -24.07372371813657, "RShoulderPitch": 39.43356421078995}}