{"supportLeg": "Legs", "angles": {"LShoulderRoll": 35.398711817630115, "LShoulderPitch": 27.88208552351464, "RShoulderRoll": -47.132288702096396, "LElbowYaw": 0, "LAnklePitch": -0.7263832467817934, "RHipRoll": -17.160843088376087, "RAnklePitch": -43.22254893577313, "LHipPitch": -86.54154465309539, "LKneePitch": 4.6273752780098505, "LHipRoll": 0.03881034120557341, "RHipPitch": -20.90656453291615, "LElbowRoll": -74.92963908281159, "RKneePitch": 23.718742562781273, "RElbowRoll": 37.633683246931895, "RElbowYaw": -22.703465124678203, "RShoulderPitch": 34.21223432051889}}