{"supportLeg": "Legs", "angles": {"LShoulderRoll": 37.642627376411276, "LShoulderPitch": 26.711845784297694, "RShoulderRoll": -47.99059855244737, "LElbowYaw": 0, "LAnklePitch": -0.7927533741616912, "RHipRoll": -17.51016914240443, "RAnklePitch": -45.996103448697085, "LHipPitch": -86.24630705344374, "LKneePitch": 4.991183244683043, "LHipRoll": 0.03690794265499535, "RHipPitch": -15.397203916444141, "LElbowRoll": -85.76532613054208, "RKneePitch": 32.80885242924529, "RElbowRoll": 36.36920864216074, "RElbowYaw": -19.56919050558205, "RShoulderPitch": 33.196694532953494}}