{"supportLeg": "Legs", "angles": {"LShoulderRoll": 37.1346251783486, "LShoulderPitch": 24.589893307482242, "RShoulderRoll": -48.16552498165463, "LElbowYaw": 0, "LAnklePitch": -0.876134612908146, "RHipRoll": -17.30393432605608, "RAnklePitch": -46.35585070461487, "LHipPitch": -86.03391145149068, "LKneePitch": 5.377255990382821, "LHipRoll": 0.03481566327808361, "RHipPitch": -12.908192023728475, "LElbowRoll": -87.66715641197266, "RKneePitch": 36.91752214857459, "RElbowRoll": 49.14763942874532, "RElbowYaw": -26.111165092064727, "RShoulderPitch": 31.92946125750111}}