{"supportLeg": "Legs", "angles": {"LShoulderRoll": 36.11469468010889, "LShoulderPitch": 32.95551445018617, "RShoulderRoll": -47.76241883331998, "LElbowYaw": 0, "LAnklePitch": -0.8596212879713221, "RHipRoll": -17.173791276598504, "RAnklePitch": -45.23330942953875, "LHipPitch": -85.98288461294362, "LKneePitch": 5.494359915878363, "LHipRoll": 0.03309973685305212, "RHipPitch": -11.851401952448512, "LElbowRoll": -79.65070929987654, "RKneePitch": 37.34061281008411, "RElbowRoll": 53.87807941464982, "RElbowYaw": -24.740288320824085, "RShoulderPitch": 28.818620724756826}}