{"supportLeg": "Legs", "angles": {"LShoulderRoll": 36.88505209113091, "LShoulderPitch": 33.6873352372429, "RShoulderRoll": -45.81381720423659, "LElbowYaw": 0, "LAnklePitch": -0.617838118767807, "RHipRoll": -15.891162722579516, "RAnklePitch": -41.906977340446964, "LHipPitch": -86.05028797700487, "LKneePitch": 5.525048766442865, "LHipRoll": 0.02933515962207024, "RHipPitch": -11.275757562226715, "LElbowRoll": -80.5658350941964, "RKneePitch": 34.262427805556484, "RElbowRoll": 59.78649429388267, "RElbowYaw": -22.61099160060307, "RShoulderPitch": 24.618140762684803}}