{"supportLeg": "Legs", "angles": {"LShoulderRoll": 34.153261216643, "LShoulderPitch": 22.178514581197632, "RShoulderRoll": -44.242171264106794, "LElbowYaw": 8.7320022172105, "LAnklePitch": -0.3623671034367959, "RHipRoll": -13.301992139145352, "RAnklePitch": -36.25863971882629, "LHipPitch": -85.81432714177556, "LKneePitch": 5.7007941650911675, "LHipRoll": 0.025597967575106417, "RHipPitch": -14.209752253163416, "LElbowRoll": -70.77041454580605, "RKneePitch": 24.612721034741725, "RElbowRoll": 50.69437481812773, "RElbowYaw": -10.61747346323981, "RShoulderPitch": 22.515846302835826}}