{"supportLeg": "Legs", "angles": {"LShoulderRoll": 18.525572978432795, "LShoulderPitch": 84.81780864309309, "RShoulderRoll": -14.533319360490855, "LElbowYaw": -20.79601236391035, "LElbowRoll": -30.79244652791985, "RElbowRoll": 16.671934683634646, "RElbowYaw": 90, "RShoulderPitch": 89.90048935788046}}