{"supportLeg": "Legs", "angles": {"LShoulderRoll": 37.15148019250407, "LShoulderPitch": 33.99420477994419, "RShoulderRoll": -45.081570065031336, "LElbowYaw": 0, "LAnklePitch": -68, "RHipRoll": -12.260416743915998, "RAnklePitch": -31.103606479679804, "LHipPitch": -85.61775832644376, "LKneePitch": 5.463984736645045, "LHipRoll": 0.024095114537847215, "RHipPitch": -15.464071378622066, "LElbowRoll": -79.95618479865458, "RKneePitch": 17.955121081608013, "RElbowRoll": 54.39589512465838, "RElbowYaw": 2.484300382494361, "RShoulderPitch": 14.47014892751011}}