{"supportLeg": "Legs", "angles": {"LShoulderRoll": 34.634128680970726, "LShoulderPitch": 23.119570375427685, "RShoulderRoll": -42.046367556616076, "LElbowYaw": 7.289151769508763, "LAnklePitch": -68, "RHipRoll": -11.040777402951244, "RAnklePitch": -26.92907073212087, "LHipPitch": -84.83071947552224, "LKneePitch": 5.8766904690787385, "LHipRoll": 0.02051356053086211, "RHipPitch": -16.007568311879155, "LElbowRoll": -71.13071058653146, "RKneePitch": 12.548585149857786, "RElbowRoll": 74.84180528062365, "RElbowYaw": -6.554198204409181, "RShoulderPitch": 9.628474501069704}}