{"supportLeg": "Legs", "angles": {"LShoulderRoll": 35.727864163958586, "LShoulderPitch": 22.253099986652487, "RShoulderRoll": -40.93632313149194, "LElbowYaw": 8.322490360686174, "LAnklePitch": -68, "RHipRoll": -10.415225328154662, "RAnklePitch": -25.05707155495253, "LHipPitch": -84.36399460722805, "LKneePitch": 5.691766365234287, "LHipRoll": 0.02115945050463227, "RHipPitch": -15.74022565265058, "LElbowRoll": -71.7900550692254, "RKneePitch": 10.703505106359302, "RElbowRoll": 71.07591252173292, "RElbowYaw": -25.424008246824872, "RShoulderPitch": 22.99461134355819}}