{"supportLeg": "Legs", "angles": {"LShoulderRoll": 34.3012742159406, "LShoulderPitch": 23.936048265944564, "RShoulderRoll": -35.01318121089644, "LElbowYaw": 0, "LAnklePitch": -68, "RHipRoll": -9.668351062015642, "RAnklePitch": -24.105872535934807, "LHipPitch": -83.15957871823082, "LKneePitch": 6.003875344777754, "LHipRoll": 0.017190667052364748, "RHipPitch": -14.554620174237584, "LElbowRoll": -68.27748990505297, "RKneePitch": 10.617280313113582, "RElbowRoll": 69.22190485766936, "RElbowYaw": -4.0953195935531665, "RShoulderPitch": 9.524259874074417}}