{"supportLeg": "Legs", "angles": {"LShoulderRoll": 34.05451012552931, "LShoulderPitch": 22.28021299391351, "RShoulderRoll": -33.15849493767159, "LElbowYaw": 6.026334416234924, "LAnklePitch": -68, "RHipRoll": -8.78365900450588, "RAnklePitch": -22.438589617540984, "LHipPitch": -82.23460872207629, "LKneePitch": 5.954933941481528, "LHipRoll": 0.011868772525795724, "RHipPitch": -14.284975065396253, "LElbowRoll": -73.52922936426503, "RKneePitch": 9.602577425675008, "RElbowRoll": 71.6264524716449, "RElbowYaw": -1.4815773379870834, "RShoulderPitch": 6.887255603930271}}