{"supportLeg": "Legs", "angles": {"LShoulderRoll": 35.51600337630385, "LShoulderPitch": 22.839844509112126, "RShoulderRoll": -34.56526388130632, "LElbowYaw": 6.3337133830869625, "LAnklePitch": -68, "RHipRoll": -7.548031962233055, "RAnklePitch": -21.35076000633893, "LHipPitch": -80.4290951516114, "LKneePitch": 6.327896558175183, "LHipRoll": -0.003266049449570388, "RHipPitch": -13.746616356838288, "LElbowRoll": -72.31518027192489, "RKneePitch": 9.203820671601079, "RElbowRoll": 73.00527928162654, "RElbowYaw": 1.9051698308883482, "RShoulderPitch": 5.10339808619031}}