{"supportLeg": "Legs", "angles": {"LShoulderRoll": 35.64777546281421, "LShoulderPitch": 21.600768871363712, "RShoulderRoll": -34.40442468417389, "LElbowYaw": 8.804602986509792, "LAnklePitch": -68, "RHipRoll": -6.24981221001112, "RAnklePitch": -20.29203074820697, "LHipPitch": -79.66248354808997, "LKneePitch": 5.263225525873963, "LHipRoll": -0.014369756839142697, "RHipPitch": -13.044539199712844, "LElbowRoll": -71.44140498582732, "RKneePitch": 8.339913414152988, "RElbowRoll": 73.58176894320792, "RElbowYaw": 2.276936445216495, "RShoulderPitch": 5.2235151371151005}}