{"supportLeg": "Legs", "angles": {"LShoulderRoll": 37.341023165152485, "LShoulderPitch": 23.11156282899364, "RShoulderRoll": -42.02602631700334, "LElbowYaw": 8.503444609535908, "LAnklePitch": -68, "RHipRoll": -3.9156751442298385, "RAnklePitch": -19.092566538133696, "LHipPitch": -76.73617515731235, "LKneePitch": 5.072408583412653, "LHipRoll": -0.04201764480043526, "RHipPitch": -12.033982275695621, "LElbowRoll": -70.49911430158501, "RKneePitch": 8.253835852275756, "RElbowRoll": 89.75216877249005, "RElbowYaw": 15.3800907862869, "RShoulderPitch": -7.81589635621115}}