{"supportLeg": "Legs", "angles": {"LShoulderRoll": 36.16370314053704, "LShoulderPitch": 21.952262036942514, "RShoulderRoll": -41.58190502945871, "LElbowYaw": 7.698957912166424, "LAnklePitch": -68, "RHipRoll": -2.599996804625334, "RAnklePitch": -17.76474263986293, "LHipPitch": -75.8465134171595, "LKneePitch": 3.7642295651518793, "LHipRoll": -0.052043433891214276, "RHipPitch": -10.443757595088059, "LElbowRoll": -70.48832958297294, "RKneePitch": 8.069332917113428, "RElbowRoll": 87.93026155113637, "RElbowYaw": 17.744246959710935, "RShoulderPitch": -8.031197689678704}}