{"supportLeg": "Legs", "angles": {"LShoulderRoll": 36.14160064015582, "LShoulderPitch": 20.841067514654256, "RShoulderRoll": -40.533725726211685, "LElbowYaw": 8.840265905527751, "LAnklePitch": -68, "RHipRoll": -1.1701609813199314, "RAnklePitch": -16.775425510173307, "LHipPitch": -74.0332539381597, "LKneePitch": 2.1224547749201577, "LHipRoll": -0.062441551758099435, "RHipPitch": -7.4729953298220835, "LElbowRoll": -70.53762414143571, "RKneePitch": 9.958097999797303, "RElbowRoll": 88.73366383887628, "RElbowYaw": 18.975696957371095, "RShoulderPitch": -9.495093792421807}}