{"supportLeg": "Legs", "angles": {"LShoulderRoll": 18.532528207199007, "LShoulderPitch": 85.63743102483265, "RShoulderRoll": -14.528837445064502, "LElbowYaw": -21.107449507576234, "LElbowRoll": -29.207145666126564, "RElbowRoll": 20.802714879016918, "RElbowYaw": 90, "RShoulderPitch": 89.07911820197685}}