{"supportLeg": "Legs", "angles": {"LShoulderRoll": 34.116623572498106, "LShoulderPitch": 18.451159962396517, "RShoulderRoll": -42.13124115281341, "LElbowYaw": 12.88463479723422, "LAnklePitch": -68, "RHipRoll": -0.38424840913117864, "RAnklePitch": -15.030101614108688, "LHipPitch": -72.9896188166012, "LKneePitch": 1.9968909576487306, "LHipRoll": -0.06807314720300565, "RHipPitch": -5.260449938574297, "LElbowRoll": -68.12271171346315, "RKneePitch": 10.924095432391113, "RElbowRoll": 93.0818443973095, "RElbowYaw": 27.18615006188451, "RShoulderPitch": -16.479445116785815}}