{"supportLeg": "Legs", "angles": {"LShoulderRoll": 34.886904788868414, "LShoulderPitch": 19.981283251694933, "RShoulderRoll": -42.14084469346954, "LElbowYaw": 13.081349365534152, "LAnklePitch": -68, "RHipRoll": 0.4505679860365726, "RAnklePitch": -13.957542051414734, "LHipPitch": -72.2704977145516, "LKneePitch": 3.650538838383028, "LHipRoll": -0.08160375617494914, "RHipPitch": -2.4248920758322186, "LElbowRoll": -69.79817760258713, "RKneePitch": 12.506506594898497, "RElbowRoll": 92.70630866995243, "RElbowYaw": 26.163466519182165, "RShoulderPitch": -15.642471643587657}}