{"supportLeg": "Legs", "angles": {"LShoulderRoll": 31.42861423794089, "LShoulderPitch": 17.047023931115447, "RShoulderRoll": -40.74435138436035, "LElbowYaw": 12.320729476198665, "LAnklePitch": -67.13843151963015, "RHipRoll": 1.189253804385041, "RAnklePitch": -13.155245992013022, "LHipPitch": -70.57141434262715, "LKneePitch": 3.43293276984528, "LHipRoll": -0.08984291322790461, "RHipPitch": -88, "LElbowRoll": -68.82702810735607, "RKneePitch": 14.744068590791898, "RElbowRoll": 89.71358091856264, "RElbowYaw": 23.510877597082505, "RShoulderPitch": -12.43630594241045}}