{"supportLeg": "RLeg", "angles": {"LShoulderRoll": 33.72518754784721, "LShoulderPitch": 18.544611773191647, "RShoulderRoll": -40.194984391364926, "LElbowYaw": 13.713136076714505, "LAnklePitch": -67.56728374938461, "RHipRoll": 1.2932237358570908, "RAnklePitch": -12.268234596069135, "LHipPitch": -68.85382708097056, "LKneePitch": 1.3402600590182487, "LHipRoll": -0.09602259996130563, "RHipPitch": -87.60099242156404, "LElbowRoll": -66.30033996726212, "RKneePitch": 15.542335531230265, "RElbowRoll": 85.86283619734932, "RElbowYaw": 22.66293719521745, "RShoulderPitch": -10.263553456836155}}