{"supportLeg": "RLeg", "angles": {"LShoulderRoll": 34.96619238202984, "LShoulderPitch": 16.2247520171439, "RShoulderRoll": -43.19899836633115, "LElbowYaw": 16.216556716101444, "LAnklePitch": -68, "RHipRoll": 1.5008146252025623, "RAnklePitch": -10.614947110296825, "LHipPitch": -66.65273808034048, "LKneePitch": 10.977236806123216, "LHipRoll": -0.11249826728799592, "RHipPitch": -85.968806081499, "LElbowRoll": -67.41230326318166, "RKneePitch": 15.645111564576382, "RElbowRoll": 87.77540803180263, "RElbowYaw": 28.959245686697567, "RShoulderPitch": -13.955775943204928}}