{"supportLeg": "RLeg", "angles": {"LShoulderRoll": 35.61058210505104, "LShoulderPitch": 18.490177534172176, "RShoulderRoll": -42.25752399837331, "LElbowYaw": 0, "LAnklePitch": -0.5374174485672256, "RHipRoll": 1.6425385731774207, "RAnklePitch": -8.223345333773949, "LHipPitch": -67.06348148542533, "LKneePitch": 23.33120840690836, "LHipRoll": -0.12312340667353758, "RHipPitch": -85.7715481485819, "LElbowRoll": -61.74160679773345, "RKneePitch": 13.55000859751459, "RElbowRoll": 85.77581928125221, "RElbowYaw": 31.113348899764482, "RShoulderPitch": -14.089788565445227}}