{"supportLeg": "Legs", "angles": {"LShoulderRoll": 34.856690390481475, "LShoulderPitch": 18.38191831019408, "RShoulderRoll": -40.914366460025896, "LElbowYaw": 0, "LAnklePitch": -9.335545143858425, "RHipRoll": 1.9745516712718525, "RAnklePitch": -5.1017165593649025, "LHipPitch": -71.4216463267175, "LKneePitch": 27.828537160010455, "LHipRoll": -0.13515696649681438, "RHipPitch": -86.79463601316243, "LElbowRoll": -60.491433208304926, "RKneePitch": 9.579305311628474, "RElbowRoll": 88.15317793776393, "RElbowYaw": 34.28681157326509, "RShoulderPitch": -16.786123468533592}}