{"supportLeg": "Legs", "angles": {"LShoulderRoll": 35.815689474538424, "LShoulderPitch": 15.837540974223998, "RShoulderRoll": -39.522198074314886, "LElbowYaw": 18.012904635450525, "LAnklePitch": -15.284139218511669, "RHipRoll": 2.0178609082438426, "RAnklePitch": -3.568473809276469, "LHipPitch": -77.55681266414238, "LKneePitch": 27.674421700756113, "LHipRoll": -0.13520977074953328, "RHipPitch": -86.89702249560361, "LElbowRoll": -64.1220316313941, "RKneePitch": 8.057659272434677, "RElbowRoll": 91.65989211111737, "RElbowYaw": 36.88249782805424, "RShoulderPitch": -19.9935603270846}}