{"supportLeg": "Legs", "angles": {"LShoulderRoll": 34.93086619417524, "LShoulderPitch": 16.0305660080556, "RShoulderRoll": -37.72177447157446, "LElbowYaw": 16.73243175132847, "LAnklePitch": -25.83989255216602, "RHipRoll": 2.0949953890086093, "RAnklePitch": -2.409260159796034, "LHipPitch": -81.9147423446339, "LKneePitch": 33.96302184115265, "LHipRoll": -0.13532455495956794, "RHipPitch": -86.55900009091243, "LElbowRoll": -66.38369946087506, "RKneePitch": 7.162142237382255, "RElbowRoll": 94.1315836488686, "RElbowYaw": 39.43210443028008, "RShoulderPitch": -22.15111760368773}}