{"supportLeg": "Legs", "angles": {"LShoulderRoll": 34.90307250281557, "LShoulderPitch": 16.01888569266984, "RShoulderRoll": -34.11597038391917, "LElbowYaw": 16.555386182787238, "LAnklePitch": -26.51331359040732, "RHipRoll": 1.9608545057947255, "RAnklePitch": -1.9966816744669131, "LHipPitch": -85.420253131625, "LKneePitch": 31.265757718779042, "LHipRoll": -0.13420147673348148, "RHipPitch": -86.20580913197176, "LElbowRoll": -67.0090068942617, "RKneePitch": 6.893537704079023, "RElbowRoll": 95.28280651862472, "RElbowYaw": 37.49516283582152, "RShoulderPitch": -22.55602574519279}}