{"supportLeg": "Legs", "angles": {"LShoulderRoll": 20.26019153648473, "LShoulderPitch": 85.97300975015138, "RShoulderRoll": -14.544895369018155, "LElbowYaw": -20.889473093515164, "LElbowRoll": -28.846300951966924, "RElbowRoll": 23.004837669488438, "RElbowYaw": 90, "RShoulderPitch": 87.4615462463107}}