{"supportLeg": "Legs", "angles": {"LShoulderRoll": 35.22047994777031, "LShoulderPitch": 15.891259607198819, "RShoulderRoll": -32.95574151138937, "LElbowYaw": 16.773999106690887, "LAnklePitch": -26.550958150612267, "RHipRoll": 2.068033965894796, "RAnklePitch": -1.4424539091757396, "LHipPitch": -88, "LKneePitch": 28.572473143533216, "LHipRoll": -0.12833019374588564, "RHipPitch": -85.64326361689194, "LElbowRoll": -67.67482074386115, "RKneePitch": 6.5566034369409465, "RElbowRoll": 98.04090249404771, "RElbowYaw": 40.24717990712111, "RShoulderPitch": -25.220232460672165}}