{"supportLeg": "Legs", "angles": {"LShoulderRoll": 33.78892078507445, "LShoulderPitch": 17.456944402509123, "RShoulderRoll": -30.861584526698653, "LElbowYaw": 0, "LAnklePitch": -23.560219577886116, "RHipRoll": 1.9013022708904888, "RAnklePitch": -0.9181186746981638, "LHipPitch": -1.3867132518359284, "LKneePitch": 22.58863169253152, "LHipRoll": -0.11681797179269397, "RHipPitch": -84.95830098198425, "LElbowRoll": -65.59975039819237, "RKneePitch": 6.451704312711769, "RElbowRoll": 98.59986908957589, "RElbowYaw": 37.25824627983808, "RShoulderPitch": -24.118412249016647}}