{"supportLeg": "Legs", "angles": {"LShoulderRoll": 33.36809117898005, "LShoulderPitch": 17.2609689167962, "RShoulderRoll": -27.73163752052402, "LElbowYaw": 0, "LAnklePitch": -22.021020008362683, "RHipRoll": 1.4413570857248728, "RAnklePitch": -68, "LHipPitch": -4.076047409064188, "LKneePitch": 18.744685897510465, "LHipRoll": -0.10216160929751461, "RHipPitch": -84.51688459787479, "LElbowRoll": -66.65703420124674, "RKneePitch": 5.786145991357813, "RElbowRoll": 101.80657580922575, "RElbowYaw": 40.123449870440574, "RShoulderPitch": -26.89298663236554}}