{"supportLeg": "Legs", "angles": {"LShoulderRoll": 34.15763484164444, "LShoulderPitch": 14.823215322411258, "RShoulderRoll": -30.05607412842696, "LElbowYaw": 0, "LAnklePitch": -17.226708630541907, "RHipRoll": 0.2943214072265069, "RAnklePitch": -68, "LHipPitch": -7.386127843244466, "LKneePitch": 10.62399245493836, "LHipRoll": -0.07418892822903757, "RHipPitch": -82.69379820069373, "LElbowRoll": -68.93730923638229, "RKneePitch": 7.288773032791994, "RElbowRoll": 98.36836241944968, "RElbowYaw": 36.72490265406178, "RShoulderPitch": -22.13464564854304}}