{"supportLeg": "Legs", "angles": {"LShoulderRoll": 34.45326609107466, "LShoulderPitch": 13.626089591931319, "RShoulderRoll": -25.21960593154229, "LElbowYaw": 0, "LAnklePitch": -14.22634393475633, "RHipRoll": -0.302464565925802, "RAnklePitch": -68, "LHipPitch": -9.175742951664816, "LKneePitch": 6.184025723225233, "LHipRoll": -0.05522852565755799, "RHipPitch": -81.49665216293764, "LElbowRoll": -69.66077300682254, "RKneePitch": 7.979504682777758, "RElbowRoll": 87.71575294528658, "RElbowYaw": 36.871160990915854, "RShoulderPitch": -15.351436847134273}}