{"supportLeg": "Legs", "angles": {"LShoulderRoll": 33.25983543221347, "LShoulderPitch": 13.91823194044531, "RShoulderRoll": -25.71210786023641, "LElbowYaw": 0, "LAnklePitch": -11.753897976871684, "RHipRoll": -1.442492477162798, "RAnklePitch": -68, "LHipPitch": -9.549469692798837, "LKneePitch": 5.628313682615982, "LHipRoll": -0.04002529881581015, "RHipPitch": -79.68705441394094, "LElbowRoll": -69.79369567369329, "RKneePitch": 8.802492959828214, "RElbowRoll": 89.48978524743956, "RElbowYaw": 39.3934460818636, "RShoulderPitch": -17.51276043359064}}