{"supportLeg": "Legs", "angles": {"LShoulderRoll": 33.13946019036747, "LShoulderPitch": 13.650227955943265, "RShoulderRoll": -27.3724794305849, "LElbowYaw": 0, "LAnklePitch": -9.715754360908136, "RHipRoll": -1.9990719672155675, "RAnklePitch": -68, "LHipPitch": -8.58830555204176, "LKneePitch": 5.401434838344642, "LHipRoll": -0.019160178399890464, "RHipPitch": -77.99034302642018, "LElbowRoll": -70.45075621377924, "RKneePitch": 9.481928490092201, "RElbowRoll": 91.59779775408698, "RElbowYaw": 38.375079157056305, "RShoulderPitch": -18.4768073542808}}