{"supportLeg": "Legs", "angles": {"LShoulderRoll": 32.82877632167087, "LShoulderPitch": 12.395208781099186, "RShoulderRoll": -27.218736422280298, "LElbowYaw": 23.188853345630967, "LAnklePitch": -9.140380523401674, "RHipRoll": -2.022989298964335, "RAnklePitch": -68, "LHipPitch": -6.982276374566425, "LKneePitch": 5.779377743226917, "LHipRoll": -0.001997689899147875, "RHipPitch": -77.32113868451505, "LElbowRoll": -70.97915149962562, "RKneePitch": 6.839578005805549, "RElbowRoll": 86.42221619521959, "RElbowYaw": 39.3842509225303, "RShoulderPitch": -16.958282143775936}}