{"supportLeg": "Legs", "angles": {"LShoulderRoll": 34.04230355223542, "LShoulderPitch": 11.300470291420552, "RShoulderRoll": -31.9085328347302, "LElbowYaw": 0, "LAnklePitch": -8.350321802054125, "RHipRoll": -3.439660994221942, "RAnklePitch": -68, "LHipPitch": -3.7140193177655902, "LKneePitch": 7.436080878294604, "LHipRoll": 0.019778322181443177, "RHipPitch": -75.5835383759379, "LElbowRoll": -52.35205541736005, "RKneePitch": 5.725051149599608, "RElbowRoll": 88.12629128307694, "RElbowYaw": 40.08467986886134, "RShoulderPitch": -17.678538713411392}}