{"supportLeg": "Legs", "angles": {"LShoulderRoll": 34.424593685366176, "LShoulderPitch": 11.092613067268033, "RShoulderRoll": -38.52836714310374, "LElbowYaw": 0, "LAnklePitch": -7.961287086417343, "RHipRoll": -4.357572765977905, "RAnklePitch": -68, "LHipPitch": -2.2246506912727284, "LKneePitch": 8.070657971724643, "LHipRoll": 0.03085132352381409, "RHipPitch": -74.74507682127182, "LElbowRoll": -65.27106194807737, "RKneePitch": 4.915145684615595, "RElbowRoll": 96.3756457929387, "RElbowYaw": 40.724308446676176, "RShoulderPitch": -19.936342568400732}}