{"supportLeg": "Legs", "angles": {"LShoulderRoll": 19.28067248281804, "LShoulderPitch": 86.79980601836351, "RShoulderRoll": -15.446452274277057, "LElbowYaw": -90, "LElbowRoll": -24.99495063058191, "RElbowRoll": 20.201344790539764, "RElbowYaw": 90, "RShoulderPitch": 88.84885052739465}}