{"supportLeg": "Legs", "angles": {"LShoulderRoll": 35.40292485365827, "LShoulderPitch": 9.699708838591832, "RShoulderRoll": -36.604871224022205, "LElbowYaw": 0, "LAnklePitch": -7.07684302937966, "RHipRoll": -4.485140433710649, "RAnklePitch": -68, "LHipPitch": -1.279999642211365, "LKneePitch": 8.507038011208948, "LHipRoll": 0.032777012536778005, "RHipPitch": -74.74047777129326, "LElbowRoll": -65.04561274864967, "RKneePitch": 3.032371803655309, "RElbowRoll": 84.5151241273732, "RElbowYaw": 0, "RShoulderPitch": -17.233586405929454}}