{"supportLeg": "Legs", "angles": {"LShoulderRoll": 35.156922631036345, "LShoulderPitch": 10.112557012364604, "RShoulderRoll": -33.87015349850655, "LElbowYaw": 0, "LAnklePitch": -6.017574713080393, "RHipRoll": -5.135790250768529, "RAnklePitch": -68, "LHipPitch": -0.7494667723319708, "LKneePitch": 7.8623458994104, "LHipRoll": 0.03441268207456828, "RHipPitch": -74.97359600346724, "LElbowRoll": -59.391715635535235, "RKneePitch": 3.9421562174056817, "RElbowRoll": 90.70671493546793, "RElbowYaw": 42.558641343168816, "RShoulderPitch": -19.925909533601484}}