{"supportLeg": "Legs", "angles": {"LShoulderRoll": 34.70787876200681, "LShoulderPitch": 9.434994314878693, "RShoulderRoll": -34.406763736042976, "LElbowYaw": 0, "LAnklePitch": -4.871878321203994, "RHipRoll": -5.720705405581465, "RAnklePitch": -68, "LHipPitch": -0.384826839086287, "LKneePitch": 7.29845247568548, "LHipRoll": 0.037717157447783624, "RHipPitch": -75.85973131093071, "LElbowRoll": -59.32773254721047, "RKneePitch": 9.067953008969909, "RElbowRoll": 90.89850831974942, "RElbowYaw": 40.03867342395574, "RShoulderPitch": -18.573299910604362}}