{"supportLeg": "Legs", "angles": {"LShoulderRoll": 34.338801664199664, "LShoulderPitch": 9.917366982378795, "RShoulderRoll": -33.57496659089375, "LElbowYaw": 0, "LAnklePitch": -4.2866181068182385, "RHipRoll": -5.909903245458932, "RAnklePitch": -0.11331958740881021, "LHipPitch": -0.3596877741770612, "LKneePitch": 7.044692977079563, "LHipRoll": 0.036938621098801076, "RHipPitch": -76.4052987082874, "LElbowRoll": -61.98653581063627, "RKneePitch": 14.127482944983768, "RElbowRoll": 90.25039021620283, "RElbowYaw": 40.20882331250678, "RShoulderPitch": -18.41787020540771}}