{"supportLeg": "Legs", "angles": {"LShoulderRoll": 34.017788421791714, "LShoulderPitch": 10.150101419272104, "RShoulderRoll": -33.12352469762896, "LElbowYaw": 0, "LAnklePitch": -3.7766748101194025, "RHipRoll": -6.459771108180709, "RAnklePitch": -4.086508394480944, "LHipPitch": -0.17874955016984018, "LKneePitch": 6.929936095737531, "LHipRoll": 0.03948246547522251, "RHipPitch": -77.14194864764569, "LElbowRoll": -59.73648054865741, "RKneePitch": 17.13505355761697, "RElbowRoll": 87.3022774485682, "RElbowYaw": 43.53358837799555, "RShoulderPitch": -19.0264755896414}}