{"supportLeg": "Legs", "angles": {"LShoulderRoll": 33.650998707822396, "LShoulderPitch": 9.332666358677216, "RShoulderRoll": -33.40316759265531, "LElbowYaw": 0, "LAnklePitch": -3.4582417197216273, "RHipRoll": -7.119340486335704, "RAnklePitch": -5.549832344685626, "LHipPitch": -0.2723906928753905, "LKneePitch": 6.874635198562487, "LHipRoll": 0.04004114296546607, "RHipPitch": -78.62878825332189, "LElbowRoll": -60.76606609972302, "RKneePitch": 17.158970732938712, "RElbowRoll": 88.10700184204309, "RElbowYaw": 43.88278164157301, "RShoulderPitch": -19.506765653436617}}