{"supportLeg": "Legs", "angles": {"LShoulderRoll": 33.0598210807449, "LShoulderPitch": 8.006340369170005, "RShoulderRoll": -33.553553057813545, "LElbowYaw": 0, "LAnklePitch": -3.30298653274383, "RHipRoll": -7.6754432144542735, "RAnklePitch": -5.401620534284305, "LHipPitch": -0.1481926721878466, "LKneePitch": 6.865948941049936, "LHipRoll": 0.041113697068208964, "RHipPitch": -79.77024615172031, "LElbowRoll": -60.30212750849401, "RKneePitch": 15.84810991937752, "RElbowRoll": 88.15504169306776, "RElbowYaw": 43.854444063638724, "RShoulderPitch": -19.058037003996034}}