{"supportLeg": "Legs", "angles": {"LShoulderRoll": 32.583797789891534, "LShoulderPitch": 4.11700035727597, "RShoulderRoll": -34.5434942929416, "LElbowYaw": 0, "LAnklePitch": -2.2762823838404103, "RHipRoll": -7.900653955119015, "RAnklePitch": -5.214215847126397, "LHipPitch": -0.6182766123082075, "LKneePitch": 6.28439570188138, "LHipRoll": 0.042216524992094134, "RHipPitch": -80.60109361076, "LElbowRoll": -62.44269193021401, "RKneePitch": 14.843202443274038, "RElbowRoll": 78.15513089081331, "RElbowYaw": 44.34223971060737, "RShoulderPitch": -15.943685266898662}}