{"supportLeg": "Legs", "angles": {"LShoulderRoll": 32.756333555486016, "LShoulderPitch": 2.4863069771606376, "RShoulderRoll": -32.16128011048546, "LElbowYaw": 0, "LAnklePitch": -1.658942779936936, "RHipRoll": -7.9193617720449545, "RAnklePitch": -5.07380391285524, "LHipPitch": -1.1541266826283163, "LKneePitch": 6.063411159349499, "LHipRoll": 0.04257053478195902, "RHipPitch": -81.08535321605896, "LElbowRoll": -61.44718039583793, "RKneePitch": 14.228061868818685, "RElbowRoll": 77.286682752879, "RElbowYaw": 0, "RShoulderPitch": 8.771688909688379}}