{"supportLeg": "Legs", "angles": {"LShoulderRoll": 33.03427000549645, "LShoulderPitch": -0.32544560657785204, "RShoulderRoll": -37.52885922312596, "LElbowYaw": 0, "LAnklePitch": -0.33129144617434747, "RHipRoll": -7.905382939602612, "RAnklePitch": -4.448212499432259, "LHipPitch": -2.1387525020762013, "LKneePitch": 5.885222855832751, "LHipRoll": 0.046655556205681174, "RHipPitch": -82.0627685830242, "LElbowRoll": -63.467356436045065, "RKneePitch": 12.698873097738783, "RElbowRoll": 69.74760939435225, "RElbowYaw": 9.304688443139952, "RShoulderPitch": 12.165685860148471}}