{"supportLeg": "Legs", "angles": {"LShoulderRoll": 31.23914690137803, "LShoulderPitch": 93.69821224367425, "RShoulderRoll": -3.1130562775517743, "LElbowYaw": -90, "LElbowRoll": -19.755734724346553, "RElbowRoll": 23.046918243338894, "RElbowYaw": 90, "RShoulderPitch": 77.21517426708886}}