{"supportLeg": "Legs", "angles": {"LShoulderRoll": 19.059171342633512, "LShoulderPitch": 84.73082359419384, "RShoulderRoll": -14.795867939972474, "LElbowYaw": -90, "LElbowRoll": -20.74192980679811, "RElbowRoll": 19.929267042777127, "RElbowYaw": -15.919011112585522, "RShoulderPitch": 88.94623003483048}}