{"supportLeg": "Legs", "angles": {"LShoulderRoll": 32.30174190965876, "LShoulderPitch": 0.5699116515918803, "RShoulderRoll": -35.53192193145913, "LElbowYaw": 0, "LAnklePitch": -68, "RHipRoll": -7.8328752422539525, "RAnklePitch": -4.5036268653775835, "LHipPitch": -2.778564060161102, "LKneePitch": 6.317458615730061, "LHipRoll": 0.05110914170301449, "RHipPitch": -82.49613739395633, "LElbowRoll": -65.96749775735228, "RKneePitch": 12.43353750133167, "RElbowRoll": 49.10054277901355, "RElbowYaw": 0, "RShoulderPitch": 29.154624895481398}}