{"supportLeg": "Legs", "angles": {"LShoulderRoll": 31.806269827270707, "LShoulderPitch": 1.376549707533755, "RShoulderRoll": -36.537267418271746, "LElbowYaw": 0, "LAnklePitch": -68, "RHipRoll": -7.930559120150868, "RAnklePitch": -4.4173765405735, "LHipPitch": -3.58615226869631, "LKneePitch": 7.12611161722694, "LHipRoll": 0.05739761702216859, "RHipPitch": -82.97813444892897, "LElbowRoll": -57.89484345759874, "RKneePitch": 11.928428988658197, "RElbowRoll": 46.81374294838608, "RElbowYaw": -8.885092229943186, "RShoulderPitch": 30.66689550391647}}