{"supportLeg": "Legs", "angles": {"LShoulderRoll": 30.22866383730019, "LShoulderPitch": -0.5072264014979382, "RShoulderRoll": -39.38072520980669, "LElbowYaw": 0, "LAnklePitch": -68, "RHipRoll": -7.9527483308422084, "RAnklePitch": -4.261021231096251, "LHipPitch": -4.010653921196251, "LKneePitch": 8.21867393981006, "LHipRoll": 0.06349042688455964, "RHipPitch": -83.35796271878624, "LElbowRoll": -71.92375315445518, "RKneePitch": 11.489913715425388, "RElbowRoll": 44.82290210595369, "RElbowYaw": -18.284943967513893, "RShoulderPitch": 39.9565081420466}}