{"supportLeg": "Legs", "angles": {"LShoulderRoll": 29.220937045162444, "LShoulderPitch": -2.1928977877754456, "RShoulderRoll": -39.83953856113992, "LElbowYaw": 55.05581034456349, "LAnklePitch": -68, "RHipRoll": -8.058039202890521, "RAnklePitch": -4.305734879195413, "LHipPitch": -3.972053192536208, "LKneePitch": 8.566690357098963, "LHipRoll": 0.06778620526768786, "RHipPitch": -83.51518488092438, "LElbowRoll": -46.24083970868571, "RKneePitch": 11.369967823086228, "RElbowRoll": 37.39578830998465, "RElbowYaw": -24.360439861303554, "RShoulderPitch": 47.13342349712407}}