{"supportLeg": "Legs", "angles": {"LShoulderRoll": 28.694172878237588, "LShoulderPitch": -6.431770444795864, "RShoulderRoll": -38.77394445789779, "LElbowYaw": 51.040474391576836, "LAnklePitch": -68, "RHipRoll": -8.259605768990793, "RAnklePitch": -4.308207866138005, "LHipPitch": -4.893990473448312, "LKneePitch": 10.678137779607738, "LHipRoll": 0.07632401750187874, "RHipPitch": -83.70138599521512, "LElbowRoll": -55.79341367219344, "RKneePitch": 11.167188598959143, "RElbowRoll": 41.91567086411263, "RElbowYaw": -29.4452673557182, "RShoulderPitch": 46.00877531697548}}