{"supportLeg": "Legs", "angles": {"LShoulderRoll": 27.813399583167556, "LShoulderPitch": -9.65124921168867, "RShoulderRoll": -37.52431867691578, "LElbowYaw": 58.06103527058066, "LAnklePitch": -68, "RHipRoll": -8.558288677079778, "RAnklePitch": -4.498935851108499, "LHipPitch": -5.870746695754335, "LKneePitch": 13.913793561580633, "LHipRoll": 0.07954539904381991, "RHipPitch": -83.57164949690355, "LElbowRoll": -52.49941889217254, "RKneePitch": 11.337840601455667, "RElbowRoll": 33.65812342655542, "RElbowYaw": 90, "RShoulderPitch": 55.1006842401959}}