{"supportLeg": "Legs", "angles": {"LShoulderRoll": 26.332922547519267, "LShoulderPitch": -11.407539203265456, "RShoulderRoll": -43.83568463980705, "LElbowYaw": 59.670750865815016, "LAnklePitch": -68, "RHipRoll": -8.795569355074985, "RAnklePitch": -4.601830707492326, "LHipPitch": -5.802879528439433, "LKneePitch": 14.041991577611213, "LHipRoll": 0.0788270073442537, "RHipPitch": -83.5231611820858, "LElbowRoll": -52.80387637998126, "RKneePitch": 11.415630190084897, "RElbowRoll": 30.462287795013054, "RElbowYaw": 90, "RShoulderPitch": 58.14763957325492}}