{"supportLeg": "Legs", "angles": {"LShoulderRoll": 23.656283371698308, "LShoulderPitch": -12.21300279664298, "RShoulderRoll": -26.45378429935789, "LElbowYaw": 64.42808587838661, "LAnklePitch": -68, "RHipRoll": -9.25056196390869, "RAnklePitch": -4.747383863763062, "LHipPitch": -5.501120053691196, "LKneePitch": 14.13836746417877, "LHipRoll": 0.08359118176999468, "RHipPitch": -83.32093758887285, "LElbowRoll": -48.29749320357416, "RKneePitch": 11.599893628063285, "RElbowRoll": 30.987092392975967, "RElbowYaw": -42.79559087143346, "RShoulderPitch": 64.50855493647626}}