{"supportLeg": "Legs", "angles": {"LShoulderRoll": 22.41334172397031, "LShoulderPitch": -10.441549111273277, "RShoulderRoll": -26.982636435200227, "LElbowYaw": 68.21684118077887, "LAnklePitch": -68, "RHipRoll": -9.490174574034347, "RAnklePitch": -4.831801405321187, "LHipPitch": -5.4934440728989244, "LKneePitch": 14.969342084086264, "LHipRoll": 0.085506185367563, "RHipPitch": -83.22589579159776, "LElbowRoll": -40.37376669355692, "RKneePitch": 11.718404242758538, "RElbowRoll": 31.180691533045206, "RElbowYaw": -42.17573546183766, "RShoulderPitch": 63.450154380907065}}