{"supportLeg": "Legs", "angles": {"LShoulderRoll": 22.103976585963583, "LShoulderPitch": -10.334856145589399, "RShoulderRoll": -27.411111952141713, "LElbowYaw": 69.17781915045185, "LAnklePitch": -68, "RHipRoll": -9.650082041781637, "RAnklePitch": -5.115846815954711, "LHipPitch": -5.441618769663378, "LKneePitch": 15.317527019088061, "LHipRoll": 0.08694572985984958, "RHipPitch": -83.07163918767709, "LElbowRoll": -39.21793785172798, "RKneePitch": 12.093526902527543, "RElbowRoll": 36.34674773673078, "RElbowYaw": 90, "RShoulderPitch": 63.88953096752766}}