{"supportLeg": "Legs", "angles": {"LShoulderRoll": 18.227101047915877, "LShoulderPitch": 83.4414039066407, "RShoulderRoll": -15.265093339374983, "LElbowYaw": -90, "LElbowRoll": -20.088422007004255, "RElbowRoll": 20.611401219022127, "RElbowYaw": -16.41923140823519, "RShoulderPitch": 88.66518316763114}}