{"supportLeg": "Legs", "angles": {"LShoulderRoll": 21.059949873376226, "LShoulderPitch": -8.284860328095228, "RShoulderRoll": -27.44651631768642, "LElbowYaw": 65.38063128612761, "LAnklePitch": -68, "RHipRoll": -9.823038448539068, "RAnklePitch": -5.002475755340072, "LHipPitch": -5.364015701139394, "LKneePitch": 15.136853486681446, "LHipRoll": 0.08870812374098758, "RHipPitch": -83.05492823434676, "LElbowRoll": -38.841098116513564, "RKneePitch": 11.969323896334487, "RElbowRoll": 37.918611738031586, "RElbowYaw": 90, "RShoulderPitch": 64.23642330119858}}