{"supportLeg": "Legs", "angles": {"LShoulderRoll": 23.989760231091115, "LShoulderPitch": -8.33574839094064, "RShoulderRoll": -29.206771296298275, "LElbowYaw": 62.34468449803103, "LAnklePitch": -68, "RHipRoll": -9.831501747402257, "RAnklePitch": -5.072102502966445, "LHipPitch": -5.313955611183445, "LKneePitch": 15.247054219380544, "LHipRoll": 0.08878053363739577, "RHipPitch": -82.96119261053495, "LElbowRoll": -42.14551942074851, "RKneePitch": 12.149904388056825, "RElbowRoll": 42.17174195745082, "RElbowYaw": 90, "RShoulderPitch": 66.38994678302244}}