{"supportLeg": "Legs", "angles": {"LShoulderRoll": 29.40729241934191, "LShoulderPitch": -6.2351694860612215, "RShoulderRoll": -31.340903817492137, "LElbowYaw": 53.79720414403244, "LAnklePitch": -68, "RHipRoll": -9.806823783107218, "RAnklePitch": -5.131415116022268, "LHipPitch": -5.37806236966324, "LKneePitch": 15.256378357364014, "LHipRoll": 0.0892295189045589, "RHipPitch": -82.8645334868794, "LElbowRoll": -49.12129609525729, "RKneePitch": 12.305678089177576, "RElbowRoll": 48.12874407570081, "RElbowYaw": 90, "RShoulderPitch": 71.93148220940941}}