{"supportLeg": "Legs", "angles": {"LShoulderRoll": 32.5870748259458, "LShoulderPitch": -5.114752102417448, "RShoulderRoll": -26.909365831253, "LElbowYaw": 50.79404761436669, "LAnklePitch": -68, "RHipRoll": -9.517854617047394, "RAnklePitch": -5.000877957029701, "LHipPitch": -5.357330692352434, "LKneePitch": 15.112855646835357, "LHipRoll": 0.08735008633209305, "RHipPitch": -82.70713909400179, "LElbowRoll": -51.83663423118713, "RKneePitch": 12.413046767274864, "RElbowRoll": 61.72389618686775, "RElbowYaw": -42.54728655397668, "RShoulderPitch": 38.06938708667528}}