{"supportLeg": "Legs", "angles": {"LShoulderRoll": 33.877527927476926, "LShoulderPitch": -4.008075164258053, "RShoulderRoll": -18.20192147890005, "LElbowYaw": 49.59212096086137, "LAnklePitch": -68, "RHipRoll": -9.408419912009908, "RAnklePitch": -5.01789158091097, "LHipPitch": -5.354710498458971, "LKneePitch": 15.02939855372125, "LHipRoll": 0.08749346993427785, "RHipPitch": -82.65399305751974, "LElbowRoll": -51.8110785666797, "RKneePitch": 12.502508604131094, "RElbowRoll": 74.61063054002261, "RElbowYaw": -42.29833727118272, "RShoulderPitch": 29.685974128353813}}