{"supportLeg": "Legs", "angles": {"LShoulderRoll": 34.84462263131991, "LShoulderPitch": -3.6889870240124867, "RShoulderRoll": 8.819543570150058, "LElbowYaw": 49.12296366258742, "LAnklePitch": -68, "RHipRoll": -9.46354670927257, "RAnklePitch": -4.991938472458827, "LHipPitch": -5.353398385985045, "LKneePitch": 14.674425273418166, "LHipRoll": 0.0917622432371268, "RHipPitch": -82.49697892200668, "LElbowRoll": -52.906119337509566, "RKneePitch": 12.61231092265237, "RElbowRoll": 118.5080380133938, "RElbowYaw": -28.175505853794707, "RShoulderPitch": 0.12437705720773806}}