{"supportLeg": "Legs", "angles": {"LShoulderRoll": 33.752796897199936, "LShoulderPitch": 1.536109647727514, "RShoulderRoll": -40.9090605225892, "LElbowYaw": 43.1556725619737, "LAnklePitch": -68, "RHipRoll": -8.708310887884293, "RAnklePitch": -4.654379450111236, "LHipPitch": -5.466062490232176, "LKneePitch": 14.4281003165963, "LHipRoll": 0.08702341493929301, "RHipPitch": -82.19515304132858, "LElbowRoll": -49.61110534168779, "RKneePitch": 12.790195300439109, "RElbowRoll": 69.98468025917839, "RElbowYaw": -95.0254695851621, "RShoulderPitch": 96.5847681363701}}