{"supportLeg": "Legs", "angles": {"LShoulderRoll": 34.17086509742863, "LShoulderPitch": 6.648881889023173, "RShoulderRoll": -42.68456558446603, "LElbowYaw": 40.862493242482614, "LAnklePitch": -68, "RHipRoll": -8.449566858564342, "RAnklePitch": -4.802450948558501, "LHipPitch": -5.346946860397665, "LKneePitch": 13.219539722079446, "LHipRoll": 0.07614101638539009, "RHipPitch": -81.65546115199466, "LElbowRoll": -45.23675041900188, "RKneePitch": 13.285027024882538, "RElbowRoll": 66.40371150258358, "RElbowYaw": 0, "RShoulderPitch": 96.44906953478667}}