{"supportLeg": "Legs", "angles": {"LShoulderRoll": 34.994416928566224, "LShoulderPitch": 14.6623231700231, "RShoulderRoll": -46.85687753963445, "LElbowYaw": 0, "LAnklePitch": -68, "RHipRoll": -8.70562170653985, "RAnklePitch": -4.577671598299219, "LHipPitch": -5.6243379781098355, "LKneePitch": 12.547497024834854, "LHipRoll": 0.05530858162552334, "RHipPitch": -80.59479595786686, "LElbowRoll": -51.23044982248166, "RKneePitch": 13.843943660101814, "RElbowRoll": 67.54854161354211, "RElbowYaw": 0, "RShoulderPitch": 123.23316011323371}}