{"supportLeg": "Legs", "angles": {"LShoulderRoll": 33.518409852086045, "LShoulderPitch": 21.609210107386374, "RShoulderRoll": -48.29316065606146, "LElbowYaw": 0, "LAnklePitch": -68, "RHipRoll": -8.312308854095026, "RAnklePitch": -4.316726896329357, "LHipPitch": -5.367913769958463, "LKneePitch": 11.720425574659004, "LHipRoll": 0.03794266688630394, "RHipPitch": -79.91882531093088, "LElbowRoll": -46.96724416764573, "RKneePitch": 14.256334932525107, "RElbowRoll": 67.02946556269178, "RElbowYaw": 0, "RShoulderPitch": 135.97901025186388}}