{"supportLeg": "Legs", "angles": {"LShoulderRoll": 17.731745107356705, "LShoulderPitch": 83.86540483897787, "RShoulderRoll": -16.18738297862206, "LElbowYaw": -90, "LElbowRoll": -21.557199454111895, "RElbowRoll": 20.574221242730488, "RElbowYaw": -16.852735372849168, "RShoulderPitch": 88.62570049273332}}