{"supportLeg": "Legs", "angles": {"LShoulderRoll": 32.588316239867886, "LShoulderPitch": 24.924914306538582, "RShoulderRoll": -47.92172049822451, "LElbowYaw": 0, "LAnklePitch": -68, "RHipRoll": -8.348362729919332, "RAnklePitch": -3.836527813386496, "LHipPitch": -4.891284251559114, "LKneePitch": 10.294285349297724, "LHipRoll": 0.030349682669050575, "RHipPitch": -79.46275463929798, "LElbowRoll": -44.92777632412992, "RKneePitch": 14.226378454698704, "RElbowRoll": 70.80355685427088, "RElbowYaw": 0, "RShoulderPitch": 141.6132767081413}}