{"supportLeg": "Legs", "angles": {"LShoulderRoll": 30.432577809446332, "LShoulderPitch": 29.577123666617815, "RShoulderRoll": -47.566604443280866, "LElbowYaw": 0, "LAnklePitch": -68, "RHipRoll": -8.759172677226502, "RAnklePitch": -3.2908544358979555, "LHipPitch": -3.5793128278791926, "LKneePitch": 7.2896363945953055, "LHipRoll": 0.02965032201431797, "RHipPitch": -78.95132595695604, "LElbowRoll": -58.69892873025309, "RKneePitch": 14.284420000816453, "RElbowRoll": 68.16885786895435, "RElbowYaw": -198.46218585387317, "RShoulderPitch": 136.30691636304783}}