{"supportLeg": "Legs", "angles": {"LShoulderRoll": 28.75684068456117, "LShoulderPitch": 31.584737493287925, "RShoulderRoll": -47.67800331297032, "LElbowYaw": 0, "LAnklePitch": -68, "RHipRoll": -9.689668935842933, "RAnklePitch": -2.400622172249598, "LHipPitch": -2.511883322257475, "LKneePitch": 5.2970881851497325, "LHipRoll": 0.02047292193219288, "RHipPitch": -78.491288499446, "LElbowRoll": -67.35258306142404, "RKneePitch": 14.317115505037151, "RElbowRoll": 57.201901913607685, "RElbowYaw": 90, "RShoulderPitch": 128.2664287541344}}