{"supportLeg": "Legs", "angles": {"LShoulderRoll": 27.7603721634726, "LShoulderPitch": 31.751509712873172, "RShoulderRoll": -48.69725988104913, "LElbowYaw": 0, "LAnklePitch": -0.1314795600993932, "RHipRoll": -10.332796668058027, "RAnklePitch": -1.5538997651729005, "LHipPitch": -1.4533854691151618, "LKneePitch": 3.625612258054616, "LHipRoll": 0.0203918322844579, "RHipPitch": -78.81064494517594, "LElbowRoll": -66.4985524413204, "RKneePitch": 13.637658552833926, "RElbowRoll": 73.2143745596906, "RElbowYaw": 90, "RShoulderPitch": 81.84678414594644}}