{"supportLeg": "Legs", "angles": {"LShoulderRoll": 24.13568507215091, "LShoulderPitch": 33.07470723564552, "RShoulderRoll": -45.877418866907355, "LElbowYaw": 0, "LAnklePitch": -1.4048086033870675, "RHipRoll": -11.193575021540706, "RAnklePitch": -0.885825100104114, "LHipPitch": -0.2746154965244756, "LKneePitch": 2.9891104747389363, "LHipRoll": 0.019894711319268718, "RHipPitch": -78.64773768869394, "LElbowRoll": -66.18141174871008, "RKneePitch": 13.69620307428167, "RElbowRoll": 62.273662290069694, "RElbowYaw": -160.2347631528188, "RShoulderPitch": 82.61980667763902}}