{"supportLeg": "Legs", "angles": {"LShoulderRoll": 21.789287372464877, "LShoulderPitch": 33.49524036503981, "RShoulderRoll": -44.83301741983114, "LElbowYaw": 0, "LAnklePitch": -1.946739281515562, "RHipRoll": -12.028082124209318, "RAnklePitch": -0.44185337655673607, "LHipPitch": -88, "LKneePitch": 3.5590970312716763, "LHipRoll": 0.014902019625990309, "RHipPitch": -78.18925575778438, "LElbowRoll": -66.02617073433716, "RKneePitch": 14.31388462152529, "RElbowRoll": 56.19318688518132, "RElbowYaw": -152.13667924462885, "RShoulderPitch": 73.02544762530464}}