{"supportLeg": "Legs", "angles": {"LShoulderRoll": 20.052264212350796, "LShoulderPitch": 33.772727543122464, "RShoulderRoll": -45.00707200446249, "LElbowYaw": 0, "LAnklePitch": -2.571577102156894, "RHipRoll": -12.755236356311027, "RAnklePitch": -0.12442095896935257, "LHipPitch": -88, "LKneePitch": 4.352166932907664, "LHipRoll": 0.009536553184553459, "RHipPitch": -77.82357002931349, "LElbowRoll": -66.56633621960673, "RKneePitch": 14.85760263576995, "RElbowRoll": 55.848410510953954, "RElbowYaw": -135.83009120078967, "RShoulderPitch": 56.79433404241251}}