{"supportLeg": "Legs", "angles": {"LShoulderRoll": 19.29362268857666, "LShoulderPitch": 35.188824714814245, "RShoulderRoll": -45.27626097974225, "LElbowYaw": 0, "LAnklePitch": -3.287550819985981, "RHipRoll": -13.246412323021305, "RAnklePitch": -68, "LHipPitch": -88, "LKneePitch": 5.677235065140508, "LHipRoll": 0.0037527530265223977, "RHipPitch": -77.80385114454724, "LElbowRoll": -66.06214871351973, "RKneePitch": 15.224994670137221, "RElbowRoll": 55.91170918064232, "RElbowYaw": -128.78482083531367, "RShoulderPitch": 44.39188388341552}}