{"supportLeg": "Legs", "angles": {"LShoulderRoll": 19.584291004703232, "LShoulderPitch": 36.02674687172123, "RShoulderRoll": -44.2075600305175, "LElbowYaw": 0, "LAnklePitch": -4.305982546093318, "RHipRoll": -13.706832276818425, "RAnklePitch": -68, "LHipPitch": -88, "LKneePitch": 6.8384048584854895, "LHipRoll": 0.004609742364762893, "RHipPitch": -77.40467869692131, "LElbowRoll": -66.37147850577782, "RKneePitch": 16.029214030794208, "RElbowRoll": 52.64681936553005, "RElbowYaw": -122.15394741066692, "RShoulderPitch": 34.41038620114218}}