{"supportLeg": "Legs", "angles": {"LShoulderRoll": 19.955649294686904, "LShoulderPitch": 38.19739405478524, "RShoulderRoll": -43.88522940145971, "LElbowYaw": 0, "LAnklePitch": -4.581044228819096, "RHipRoll": -14.546310898633532, "RAnklePitch": -0.030648076749415054, "LHipPitch": -88, "LKneePitch": 6.69267843067513, "LHipRoll": 0.00721126671183477, "RHipPitch": -77.00540466693951, "LElbowRoll": -68.05717114015677, "RKneePitch": 17.040417355477928, "RElbowRoll": 56.577496252674806, "RElbowYaw": -113.52774551914084, "RShoulderPitch": 24.358505682770215}}