{"supportLeg": "Legs", "angles": {"LShoulderRoll": 17.42347323679873, "LShoulderPitch": 83.59750827299762, "RShoulderRoll": -16.48515296664421, "LElbowYaw": -90, "LElbowRoll": -27.831057611592513, "RElbowRoll": 20.336476907110267, "RElbowYaw": -17.6633401073738, "RShoulderPitch": 88.90277423420173}}