{"supportLeg": "Legs", "angles": {"LShoulderRoll": 20.26480410588364, "LShoulderPitch": 39.93524643397632, "RShoulderRoll": -42.476280891078055, "LElbowYaw": 0, "LAnklePitch": -5.286825240231536, "RHipRoll": -15.10638738563582, "RAnklePitch": -0.07978998624997757, "LHipPitch": -87.82550798542657, "LKneePitch": 7.983881156331904, "LHipRoll": 0.000608992062335041, "RHipPitch": -76.43315453487655, "LElbowRoll": -67.69681064124896, "RKneePitch": 17.84706585599298, "RElbowRoll": 53.84517327633438, "RElbowYaw": 71.47958783576537, "RShoulderPitch": 17.7609620499981}}