{"supportLeg": "Legs", "angles": {"LShoulderRoll": 20.525067512404615, "LShoulderPitch": 41.22911750736868, "RShoulderRoll": -40.4495266035832, "LElbowYaw": 0, "LAnklePitch": -5.217814185360112, "RHipRoll": -15.609583762551592, "RAnklePitch": -68, "LHipPitch": -87.8916711368275, "LKneePitch": 7.97328340181474, "LHipRoll": 0.0003066131190795087, "RHipPitch": -76.19008641113047, "LElbowRoll": -67.97053389340473, "RKneePitch": 18.13165365413343, "RElbowRoll": 37.08602210495931, "RElbowYaw": 0, "RShoulderPitch": 13.99602862765812}}