{"supportLeg": "Legs", "angles": {"LShoulderRoll": 22.048049991900754, "LShoulderPitch": 45.28076772043668, "RShoulderRoll": -56.55621760920473, "LElbowYaw": 0, "LAnklePitch": -5.376792644243665, "RHipRoll": -16.444007935744054, "RAnklePitch": -68, "LHipPitch": -87.50783838596308, "LKneePitch": 8.498942810968316, "LHipRoll": 7.367958732096622e-05, "RHipPitch": -75.85595936215263, "LElbowRoll": -73.18259734075048, "RKneePitch": 18.8291969782463, "RElbowRoll": 42.488493928665946, "RElbowYaw": 0, "RShoulderPitch": 9.39106993670832}}