{"supportLeg": "Legs", "angles": {"LShoulderRoll": 22.845257444193624, "LShoulderPitch": 47.2917083847507, "RShoulderRoll": -49.35927931161623, "LElbowYaw": 0, "LAnklePitch": -5.323662104805862, "RHipRoll": -16.59118946843698, "RAnklePitch": -68, "LHipPitch": -87.49878343967893, "LKneePitch": 8.545479200497198, "LHipRoll": 0.0005003181857456729, "RHipPitch": -75.36156858427357, "LElbowRoll": -73.76057064125816, "RKneePitch": 18.90513066117498, "RElbowRoll": 46.236826606600715, "RElbowYaw": 0, "RShoulderPitch": 10.957778203952145}}