{"supportLeg": "Legs", "angles": {"LShoulderRoll": 25.009086113167058, "LShoulderPitch": 49.15127092107117, "RShoulderRoll": -51.85324461381154, "LElbowYaw": 0, "LAnklePitch": -5.74670453537567, "RHipRoll": -16.79963811749147, "RAnklePitch": -68, "LHipPitch": -86.89451149732243, "LKneePitch": 9.546615600767865, "LHipRoll": 0.006766464778313937, "RHipPitch": -74.90594525099422, "LElbowRoll": -75.61475789453557, "RKneePitch": 19.016999623660837, "RElbowRoll": 37.94976324734901, "RElbowYaw": 0, "RShoulderPitch": 12.934716681895551}}