{"supportLeg": "Legs", "angles": {"LShoulderRoll": 26.60943022637123, "LShoulderPitch": 50.96565171044974, "RShoulderRoll": -51.036134695531445, "LElbowYaw": 0, "LAnklePitch": -5.552485396075809, "RHipRoll": -16.374936567111288, "RAnklePitch": -68, "LHipPitch": -86.82605067640269, "LKneePitch": 9.337522388723215, "LHipRoll": 0.021116985645664787, "RHipPitch": -74.81908447071427, "LElbowRoll": -76.27949961924925, "RKneePitch": 18.328517015906414, "RElbowRoll": 36.25971883133536, "RElbowYaw": 0, "RShoulderPitch": 20.056158704853786}}