{"supportLeg": "Legs", "angles": {"LShoulderRoll": 28.858091083697737, "LShoulderPitch": 53.69432944527242, "RShoulderRoll": -50.66842077545653, "LElbowYaw": 0, "LAnklePitch": -5.925855030847671, "RHipRoll": -16.596748793063757, "RAnklePitch": -0.14565002578976305, "LHipPitch": -85.37542988020522, "LKneePitch": 11.451656844171595, "LHipRoll": 0.01945819625072973, "RHipPitch": -74.53793960185858, "LElbowRoll": -79.18383399601875, "RKneePitch": 18.551072642901147, "RElbowRoll": 31.637755588399756, "RElbowYaw": 0, "RShoulderPitch": 20.98702928072244}}