{"supportLeg": "Legs", "angles": {"LShoulderRoll": 34.590676358524796, "LShoulderPitch": 56.73858648978299, "RShoulderRoll": -50.17652803342562, "LElbowYaw": 0, "LAnklePitch": -5.8782211373281115, "RHipRoll": -16.449130216418933, "RAnklePitch": -0.40930729380994535, "LHipPitch": -84.89254905609413, "LKneePitch": 11.766802447283396, "LHipRoll": 0.025723337867361265, "RHipPitch": -74.23976498387127, "LElbowRoll": -83.92503448864115, "RKneePitch": 18.783925388355584, "RElbowRoll": 29.103300698138497, "RElbowYaw": 0, "RShoulderPitch": 23.67509666919831}}