{"supportLeg": "Legs", "angles": {"LShoulderRoll": 39.80312093422802, "LShoulderPitch": 59.27010301195813, "RShoulderRoll": -48.66186933892124, "LElbowYaw": 0, "LAnklePitch": -5.631222718612804, "RHipRoll": -15.827681961717564, "RAnklePitch": -0.6868634085014094, "LHipPitch": -84.91309070889307, "LKneePitch": 11.62367186859484, "LHipRoll": 0.028617017430677023, "RHipPitch": -73.43181925964595, "LElbowRoll": -89.88622425552387, "RKneePitch": 19.171263884239522, "RElbowRoll": 27.522490608923533, "RElbowYaw": 0, "RShoulderPitch": 28.88722401023785}}