{"supportLeg": "Legs", "angles": {"LShoulderRoll": 41.07002258052123, "LShoulderPitch": 59.471251827084814, "RShoulderRoll": -43.428672018402516, "LElbowYaw": 0, "LAnklePitch": -5.252881715768794, "RHipRoll": -14.980085482411425, "RAnklePitch": -1.4837029402050774, "LHipPitch": -84.75011794527387, "LKneePitch": 11.527915398506934, "LHipRoll": 0.03396250971700805, "RHipPitch": -72.83718686848445, "LElbowRoll": -92.63211099773751, "RKneePitch": 19.5737065560715, "RElbowRoll": 26.462992807479054, "RElbowYaw": 1.9353823563212842, "RShoulderPitch": 32.638412938212234}}