{"supportLeg": "Legs", "angles": {"LShoulderRoll": 16.53853425342003, "LShoulderPitch": 83.61661857825007, "RShoulderRoll": -16.435738330937898, "LElbowYaw": -18.76861290673847, "LElbowRoll": -30.760942974454792, "RElbowRoll": 19.442943537035063, "RElbowYaw": -18.740665397132872, "RShoulderPitch": 90.08083005279842}}