{"supportLeg": "Legs", "angles": {"LShoulderRoll": 40.64305431881061, "LShoulderPitch": 58.89601849721028, "RShoulderRoll": -41.911017185818906, "LElbowYaw": 0, "LAnklePitch": -5.014110476338075, "RHipRoll": -14.42056586491572, "RAnklePitch": -2.29082830332662, "LHipPitch": -84.45039973328234, "LKneePitch": 11.550706550767046, "LHipRoll": 0.04193334425816284, "RHipPitch": -72.41200072684012, "LElbowRoll": -96.97737866028808, "RKneePitch": 20.272358724904052, "RElbowRoll": 26.056162481901453, "RElbowYaw": -7.248862280246666, "RShoulderPitch": 36.77504868822821}}