{"supportLeg": "Legs", "angles": {"LShoulderRoll": 39.6438050648003, "LShoulderPitch": 59.105926054852816, "RShoulderRoll": -39.39558755304948, "LElbowYaw": 0, "LAnklePitch": -4.069528855321465, "RHipRoll": -14.060842826134365, "RAnklePitch": -2.8840766657008032, "LHipPitch": -85.12811616460802, "LKneePitch": 10.389176140461984, "LHipRoll": 0.04444145633759479, "RHipPitch": -71.94232455539523, "LElbowRoll": -99.01976782972308, "RKneePitch": 21.061647570675376, "RElbowRoll": 26.1946016704201, "RElbowYaw": -15.26100690942829, "RShoulderPitch": 41.27993774907685}}