{"supportLeg": "Legs", "angles": {"LShoulderRoll": 42.22132269449657, "LShoulderPitch": 61.553240255216, "RShoulderRoll": -37.707186286929094, "LElbowYaw": 0, "LAnklePitch": -3.5054848582186224, "RHipRoll": -13.738853536607794, "RAnklePitch": -3.1948648593156435, "LHipPitch": -85.24537042695242, "LKneePitch": 10.072019385592426, "LHipRoll": 0.04541945320615237, "RHipPitch": -71.75186225968511, "LElbowRoll": -98.11396424395701, "RKneePitch": 21.348173180062446, "RElbowRoll": 16.085118745207666, "RElbowYaw": -14.756943376629227, "RShoulderPitch": 45.92117971912198}}