{"supportLeg": "Legs", "angles": {"LShoulderRoll": 31.284257998361447, "LShoulderPitch": 67.86836734285328, "RShoulderRoll": -36.747007994261494, "LElbowYaw": 0, "LAnklePitch": -3.177418341596095, "RHipRoll": -13.57189317722587, "RAnklePitch": -3.4822409904098492, "LHipPitch": -85.1021456475776, "LKneePitch": 10.2311407394362, "LHipRoll": 0.045332301568284085, "RHipPitch": -71.60070284368864, "LElbowRoll": -100.51178802423519, "RKneePitch": 21.6879061153017, "RElbowRoll": 19.658715930985295, "RElbowYaw": -20.39246571337372, "RShoulderPitch": 50.788625388581664}}