{"supportLeg": "Legs", "angles": {"LShoulderRoll": 36.712427839436664, "LShoulderPitch": 88.47508412798878, "RShoulderRoll": -32.615767584758345, "LElbowYaw": 0, "LAnklePitch": -2.747091636037041, "RHipRoll": -12.825095687601925, "RAnklePitch": -3.5312006158033427, "LHipPitch": -84.57511778007327, "LKneePitch": 10.710708600093511, "LHipRoll": 0.04087093497827073, "RHipPitch": -71.88397941560135, "LElbowRoll": -101.65823363614678, "RKneePitch": 21.321065706691343, "RElbowRoll": 12.505036182795976, "RElbowYaw": -21.105978323901596, "RShoulderPitch": 50.80145139666833}}