{"supportLeg": "Legs", "angles": {"LShoulderRoll": 35.91219069769639, "LShoulderPitch": 86.51149270110007, "RShoulderRoll": -28.961831753633252, "LElbowYaw": 0, "LAnklePitch": -2.4617884791908864, "RHipRoll": -12.832490716720097, "RAnklePitch": -3.2565172603324584, "LHipPitch": -84.5944189496771, "LKneePitch": 10.31235615565214, "LHipRoll": 0.04556638690055558, "RHipPitch": -71.83336990319619, "LElbowRoll": -97.94389489543957, "RKneePitch": 21.096977093846107, "RElbowRoll": 13.578467609914327, "RElbowYaw": 90, "RShoulderPitch": 51.0220971101462}}