{"supportLeg": "Legs", "angles": {"LShoulderRoll": 37.891453841673865, "LShoulderPitch": 83.53263375730123, "RShoulderRoll": -28.210637648844223, "LElbowYaw": 0, "LAnklePitch": -1.9006145530453011, "RHipRoll": -12.86593806697281, "RAnklePitch": -2.968835059479744, "LHipPitch": -84.32335160762862, "LKneePitch": 9.877847169162123, "LHipRoll": 0.05248153106631034, "RHipPitch": -72.48663633774886, "LElbowRoll": -96.56441240013393, "RKneePitch": 20.142968721608867, "RElbowRoll": 5.493100575265316, "RElbowYaw": -20.252854772872126, "RShoulderPitch": 52.362836815770756}}