{"supportLeg": "Legs", "angles": {"LShoulderRoll": 39.28197243525342, "LShoulderPitch": 81.89921599961065, "RShoulderRoll": -25.51881233838147, "LElbowYaw": 0, "LAnklePitch": -1.781200148391875, "RHipRoll": -13.14866277255205, "RAnklePitch": -3.043051388015698, "LHipPitch": -84.03391683398674, "LKneePitch": 9.612568538153937, "LHipRoll": 0.06134537293746391, "RHipPitch": -72.62036046632043, "LElbowRoll": -92.72742246212553, "RKneePitch": 20.08373197376463, "RElbowRoll": 5.674644123962253, "RElbowYaw": -19.199954231504897, "RShoulderPitch": 51.67966399079524}}