{"supportLeg": "Legs", "angles": {"LShoulderRoll": 39.842847994730334, "LShoulderPitch": 81.16956288047005, "RShoulderRoll": -27.69737352374657, "LElbowYaw": 0, "LAnklePitch": -1.710080564761384, "RHipRoll": -13.238621160683607, "RAnklePitch": -3.330694774517923, "LHipPitch": -84.0944899143904, "LKneePitch": 9.458592797018724, "LHipRoll": 0.06290886167489028, "RHipPitch": -72.69568906451008, "LElbowRoll": -93.0233847057532, "RKneePitch": 20.29821991864992, "RElbowRoll": 12.0891516857684, "RElbowYaw": -18.341077670401784, "RShoulderPitch": 49.17110013962519}}