{"supportLeg": "Legs", "angles": {"LShoulderRoll": 41.48792917802554, "LShoulderPitch": 80.326887396475, "RShoulderRoll": -27.412909332045277, "LElbowYaw": 0, "LAnklePitch": -1.752729992811922, "RHipRoll": -13.131664361855774, "RAnklePitch": -3.5018882873729353, "LHipPitch": -83.82557764469534, "LKneePitch": 9.703799731829037, "LHipRoll": 0.06441167499759311, "RHipPitch": -72.91023083092051, "LElbowRoll": -97.97017601807273, "RKneePitch": 20.201822718751572, "RElbowRoll": 14.048999478076524, "RElbowYaw": -18.14523810315608, "RShoulderPitch": 48.35248165969943}}