{"supportLeg": "Legs", "angles": {"LShoulderRoll": 16.82901235550081, "LShoulderPitch": 84.7179288960065, "RShoulderRoll": -16.58568259070209, "LElbowYaw": -21.020453703300944, "LElbowRoll": -30.876291642610653, "RElbowRoll": 18.553306295461823, "RElbowYaw": -18.231079601736198, "RShoulderPitch": 90.29853806998274}}