{"supportLeg": "Legs", "angles": {"LShoulderRoll": 39.102106356703075, "LShoulderPitch": 80.25040732915218, "RShoulderRoll": -28.104400118381395, "LElbowYaw": 0, "LAnklePitch": -1.8715579601721117, "RHipRoll": -13.115192546914301, "RAnklePitch": -3.632560046874204, "LHipPitch": -83.71187259882502, "LKneePitch": 9.814346926879352, "LHipRoll": 0.06690031622988155, "RHipPitch": -72.79196218725998, "LElbowRoll": -95.52642522907487, "RKneePitch": 20.42594740598784, "RElbowRoll": 16.485842104756415, "RElbowYaw": -18.222854128384423, "RShoulderPitch": 47.724224636999836}}