{"supportLeg": "Legs", "angles": {"LShoulderRoll": 39.51249800704178, "LShoulderPitch": 74.82559759890984, "RShoulderRoll": -28.250347428924822, "LElbowYaw": 0, "LAnklePitch": -1.9087552691166252, "RHipRoll": -13.32311029707244, "RAnklePitch": -4.117661537903288, "LHipPitch": -83.72322432745898, "LKneePitch": 9.665496298448943, "LHipRoll": 0.06977074672560118, "RHipPitch": -72.8503186006942, "LElbowRoll": -99.39445280956109, "RKneePitch": 20.8778214220263, "RElbowRoll": 15.913928520838397, "RElbowYaw": -17.902178656480082, "RShoulderPitch": 47.97937262294316}}