{"supportLeg": "Legs", "angles": {"LShoulderRoll": 39.20693435909676, "LShoulderPitch": 76.43554610513186, "RShoulderRoll": -28.549293626729426, "LElbowYaw": 0, "LAnklePitch": -2.1060794687292343, "RHipRoll": -13.485534659610972, "RAnklePitch": -4.2676135556739325, "LHipPitch": -83.48519931221298, "LKneePitch": 9.94422963502737, "LHipRoll": 0.07069765683984668, "RHipPitch": -72.94215080237387, "LElbowRoll": -99.6838316815276, "RKneePitch": 20.965375261843093, "RElbowRoll": 15.204751078411505, "RElbowYaw": -17.435173704777707, "RShoulderPitch": 48.51378689302281}}