{"supportLeg": "Legs", "angles": {"LShoulderRoll": 39.84165411769015, "LShoulderPitch": 76.86235972969189, "RShoulderRoll": -28.500248378405356, "LElbowYaw": 0, "LAnklePitch": -2.1434837500949016, "RHipRoll": -13.599839812789387, "RAnklePitch": -4.291587952982752, "LHipPitch": -83.57557386829907, "LKneePitch": 9.861189467642475, "LHipRoll": 0.0707167001351625, "RHipPitch": -73.25071057002515, "LElbowRoll": -101.82585521858937, "RKneePitch": 20.718817466538923, "RElbowRoll": 15.048014408944283, "RElbowYaw": -17.004246045892096, "RShoulderPitch": 48.47089139484754}}