{"supportLeg": "Legs", "angles": {"LShoulderRoll": 41.97921113187008, "LShoulderPitch": 71.11494424688625, "RShoulderRoll": -28.8706521174911, "LElbowYaw": 0, "LAnklePitch": -2.4382711108054735, "RHipRoll": -13.686779494181412, "RAnklePitch": -4.6395430390108885, "LHipPitch": -83.59766543728729, "LKneePitch": 10.11862229317336, "LHipRoll": 0.0687574408329596, "RHipPitch": -73.35623620417512, "LElbowRoll": -105.47720876760923, "RKneePitch": 20.97632840606323, "RElbowRoll": 14.385890854559165, "RElbowYaw": -16.890013533466863, "RShoulderPitch": 49.05249862615863}}