{"supportLeg": "Legs", "angles": {"LShoulderRoll": 42.37429163388364, "LShoulderPitch": 68.93887743051, "RShoulderRoll": -27.591113866943996, "LElbowYaw": 0, "LAnklePitch": -2.819877430618945, "RHipRoll": -13.70274050993025, "RAnklePitch": -4.829427504820714, "LHipPitch": -83.64136299165853, "LKneePitch": 10.457719089749475, "LHipRoll": 0.0665630003790309, "RHipPitch": -73.30707898665884, "LElbowRoll": -98.24074542293164, "RKneePitch": 21.226219923919047, "RElbowRoll": 14.543193156352316, "RElbowYaw": -17.55058797637907, "RShoulderPitch": 48.75766990282234}}