{"supportLeg": "Legs", "angles": {"LShoulderRoll": 42.3698126797061, "LShoulderPitch": 68.55166984280044, "RShoulderRoll": -27.702210303874494, "LElbowYaw": 0, "LAnklePitch": -3.073434761712491, "RHipRoll": -13.630538633619956, "RAnklePitch": -5.261676600100927, "LHipPitch": -83.73333871299604, "LKneePitch": 10.6620052414886, "LHipRoll": 0.06486523763484531, "RHipPitch": -73.22383568086431, "LElbowRoll": -97.47895396251526, "RKneePitch": 21.700663615359105, "RElbowRoll": 19.854108000412793, "RElbowYaw": -20.417561465409804, "RShoulderPitch": 49.128372528456815}}