{"supportLeg": "Legs", "angles": {"LShoulderRoll": 41.517608785807845, "LShoulderPitch": 54.58875284385235, "RShoulderRoll": -28.463593899569123, "LElbowYaw": 0, "LAnklePitch": -4.018053720004204, "RHipRoll": -13.158733555314887, "RAnklePitch": -5.626966144162381, "LHipPitch": -83.13316756170975, "LKneePitch": 12.463494367801928, "LHipRoll": 0.05539613723845591, "RHipPitch": -73.44135740885079, "LElbowRoll": -98.88854352607932, "RKneePitch": 21.721065505307422, "RElbowRoll": 37.76702605597825, "RElbowYaw": -44.65086777773954, "RShoulderPitch": 49.112149898015865}}