{"supportLeg": "Legs", "angles": {"LShoulderRoll": 41.61689516051501, "LShoulderPitch": 52.36373443993499, "RShoulderRoll": -21.84001000985255, "LElbowYaw": 0, "LAnklePitch": -4.105873100045159, "RHipRoll": -13.302335936977492, "RAnklePitch": -5.964489462364725, "LHipPitch": -83.16279409893198, "LKneePitch": 12.53489132151492, "LHipRoll": 0.05399319468378589, "RHipPitch": -73.65826246477539, "LElbowRoll": -100.03169087548096, "RKneePitch": 21.822908302532966, "RElbowRoll": 31.539729868168962, "RElbowYaw": 90, "RShoulderPitch": 70.54769925523055}}