{"supportLeg": "Legs", "angles": {"LShoulderRoll": 41.82995301729353, "LShoulderPitch": 47.5037036219922, "RShoulderRoll": -22.036610946972058, "LElbowYaw": 0, "LAnklePitch": -4.014231395297813, "RHipRoll": -12.827561382047158, "RAnklePitch": -5.808184233885697, "LHipPitch": -83.19734608300185, "LKneePitch": 12.632942163051581, "LHipRoll": 0.04999143728740558, "RHipPitch": -73.70223458810568, "LElbowRoll": -102.66159011467819, "RKneePitch": 21.59748787333379, "RElbowRoll": 31.115877514264696, "RElbowYaw": 90, "RShoulderPitch": 75.66201258300987}}