{"supportLeg": "Legs", "angles": {"LShoulderRoll": 19.261192553264305, "LShoulderPitch": 85.60647508237834, "RShoulderRoll": -20.170246215999672, "LElbowYaw": -22.217272482508882, "LElbowRoll": -30.842294763537865, "RElbowRoll": 17.81056740440394, "RElbowYaw": 90, "RShoulderPitch": 89.73543572368428}}