{"supportLeg": "Legs", "angles": {"LShoulderRoll": 41.70585146479335, "LShoulderPitch": 45.96107922894778, "RShoulderRoll": -23.91180586129605, "LElbowYaw": 0, "LAnklePitch": -4.044032081306, "RHipRoll": -12.410156201143202, "RAnklePitch": -6.56614492380497, "LHipPitch": -82.9387378710706, "LKneePitch": 12.956849457419253, "LHipRoll": 0.046901459885588165, "RHipPitch": -73.21097938191951, "LElbowRoll": -100.62591629152605, "RKneePitch": 22.824829935590998, "RElbowRoll": 35.49347453795315, "RElbowYaw": 90, "RShoulderPitch": 80.34115027248302}}