{"supportLeg": "Legs", "angles": {"LShoulderRoll": 59.50328202139507, "LShoulderPitch": 32.928971550271605, "RShoulderRoll": -25.251815781554303, "LElbowYaw": 0, "LAnklePitch": -3.878364807836121, "RHipRoll": -11.86429684334371, "RAnklePitch": -6.731990563344198, "LHipPitch": -83.13898433788916, "LKneePitch": 12.732394212344161, "LHipRoll": 0.04581626875762783, "RHipPitch": -73.05187692352337, "LElbowRoll": -103.24353408076034, "RKneePitch": 23.309904605130725, "RElbowRoll": 42.93903566887536, "RElbowYaw": -109.11292845364497, "RShoulderPitch": 82.48089939219196}}