{"supportLeg": "Legs", "angles": {"LShoulderRoll": 57.99586982723835, "LShoulderPitch": 27.192880606287794, "RShoulderRoll": -26.80244426143755, "LElbowYaw": 0, "LAnklePitch": -3.6542558858680394, "RHipRoll": -11.722780087323281, "RAnklePitch": -7.391390618870432, "LHipPitch": -83.27484577157277, "LKneePitch": 12.39810831812585, "LHipRoll": 0.04645962754303136, "RHipPitch": -73.2914245207433, "LElbowRoll": -110.70757241801805, "RKneePitch": 23.877752592503924, "RElbowRoll": 42.65526254655697, "RElbowYaw": -112.04781197411316, "RShoulderPitch": 85.83201809214927}}