{"supportLeg": "Legs", "angles": {"LShoulderRoll": 57.635945457407324, "LShoulderPitch": 22.04494676380922, "RShoulderRoll": -28.826722832386164, "LElbowYaw": -46.444717576802546, "LAnklePitch": -3.2134035813730577, "RHipRoll": -11.103436775302898, "RAnklePitch": -8.675465708298802, "LHipPitch": -83.6074200919781, "LKneePitch": 11.324063889375026, "LHipRoll": 0.05258702431950595, "RHipPitch": -73.17833925868378, "LElbowRoll": -99.75334756947868, "RKneePitch": 25.669099746087937, "RElbowRoll": 50.27440702668605, "RElbowYaw": 0, "RShoulderPitch": 85.91257018650609}}