{"supportLeg": "Legs", "angles": {"LShoulderRoll": 55.5341457650896, "LShoulderPitch": 17.994278494200003, "RShoulderRoll": -31.06933888364796, "LElbowYaw": -42.962373521627974, "LAnklePitch": -3.1950370976475, "RHipRoll": -10.919169189877799, "RAnklePitch": -9.394771753596245, "LHipPitch": -83.41265907359639, "LKneePitch": 10.824013254267214, "LHipRoll": 0.06403787701210308, "RHipPitch": -73.63198687550157, "LElbowRoll": -103.9823435734873, "RKneePitch": 26.192311600561595, "RElbowRoll": 56.07026921185059, "RElbowYaw": 0, "RShoulderPitch": 88.00542981957648}}