{"supportLeg": "Legs", "angles": {"LShoulderRoll": 47.76718933332484, "LShoulderPitch": -3.130394729883508, "RShoulderRoll": -32.13337765861993, "LElbowYaw": 0, "LAnklePitch": -3.1137420174145802, "RHipRoll": -10.925049105879372, "RAnklePitch": -9.98033728814471, "LHipPitch": -83.37228506097938, "LKneePitch": 10.440138779120332, "LHipRoll": 0.07041236406881435, "RHipPitch": -74.270067472951, "LElbowRoll": -110.77268249627764, "RKneePitch": 26.21361470713549, "RElbowRoll": 58.66505308103953, "RElbowYaw": 0, "RShoulderPitch": 91.03697767595023}}