{"supportLeg": "Legs", "angles": {"LShoulderRoll": 44.39313547703274, "LShoulderPitch": -4.819070779991808, "RShoulderRoll": -32.81698429096051, "LElbowYaw": 0, "LAnklePitch": -2.4793483505186913, "RHipRoll": -10.897869942876921, "RAnklePitch": -9.694885680831192, "LHipPitch": -84.0431995187029, "LKneePitch": 9.031346662452734, "LHipRoll": 0.07228542786208123, "RHipPitch": -75.23845059537857, "LElbowRoll": -107.08626798441323, "RKneePitch": 25.025322392351455, "RElbowRoll": 60.83966462015455, "RElbowYaw": 0, "RShoulderPitch": 93.37723238617707}}