{"supportLeg": "Legs", "angles": {"LShoulderRoll": 39.51735924995333, "LShoulderPitch": -14.50865757706375, "RShoulderRoll": -33.0437582949667, "LElbowYaw": 2.082330281209094, "LAnklePitch": -1.3826996719024436, "RHipRoll": -11.117664198958067, "RAnklePitch": -8.607887754153097, "LHipPitch": -85.44748408439801, "LKneePitch": 6.884844538393821, "LHipRoll": 0.05863701292739993, "RHipPitch": -77.99154634959454, "LElbowRoll": -106.01155344061473, "RKneePitch": 20.87417251092282, "RElbowRoll": 65.4935181497333, "RElbowYaw": 0, "RShoulderPitch": 89.1071438837367}}