{"supportLeg": "Legs", "angles": {"LShoulderRoll": 37.303544551634744, "LShoulderPitch": -15.997619158723989, "RShoulderRoll": -32.56875320459356, "LElbowYaw": 5.843734137928985, "LAnklePitch": -0.8978597425682153, "RHipRoll": -11.429093030835359, "RAnklePitch": -7.381571611761686, "LHipPitch": -86.07422351758251, "LKneePitch": 5.920038467231279, "LHipRoll": 0.057489029714433405, "RHipPitch": -80.3437208033794, "LElbowRoll": -103.19999305099704, "RKneePitch": 17.16922038665001, "RElbowRoll": 70.73122346920812, "RElbowYaw": 0, "RShoulderPitch": 90.16249499520538}}