{"supportLeg": "Legs", "angles": {"LShoulderRoll": 38.19170589312709, "LShoulderPitch": -10.93788654039388, "RShoulderRoll": -32.19213013511647, "LElbowYaw": 2.472635292251427, "LAnklePitch": -0.7743712615036742, "RHipRoll": -11.59446098652856, "RAnklePitch": -7.420400002412961, "LHipPitch": -86.31496486773949, "LKneePitch": 5.818688798901633, "LHipRoll": 0.05094146791426873, "RHipPitch": -82.76359295173737, "LElbowRoll": -96.74697681460663, "RKneePitch": 14.644835817053064, "RElbowRoll": 75.84524671338048, "RElbowYaw": 0, "RShoulderPitch": 86.92154201195598}}