{"supportLeg": "Legs", "angles": {"LShoulderRoll": 27.896771182808745, "LShoulderPitch": -3.3764920995950867, "RShoulderRoll": -24.59208833060506, "LElbowYaw": 69.54437717734054, "LAnklePitch": 3.8767928832297684, "RHipRoll": -1.388286459071395, "RAnklePitch": 1.8501925231353482, "LHipPitch": -2.650071660311795, "LKneePitch": 7.471158675945361, "LHipRoll": -2.4512501165832816, "RHipPitch": -1.0119981261730686, "LElbowRoll": -34.600570213142106, "RKneePitch": 3.4837532542144913, "RElbowRoll": 19.749228907077764, "RElbowYaw": 71.19869226956494, "RShoulderPitch": -0.1437053427970294}}