{"supportLeg": "Legs", "angles": {"LShoulderRoll": 36.712429820610794, "LShoulderPitch": -8.606896896645475, "RShoulderRoll": -32.85118777610761, "LElbowYaw": 0.3220388548030204, "LAnklePitch": -0.8005597396436599, "RHipRoll": -11.69212464655056, "RAnklePitch": -6.684277441069312, "LHipPitch": -86.2878220235376, "LKneePitch": 5.888665209409112, "LHipRoll": 0.049442797782108173, "RHipPitch": -84.4214394712449, "LElbowRoll": -93.24263636659882, "RKneePitch": 12.214188286813055, "RElbowRoll": 77.71019604620174, "RElbowYaw": 0, "RShoulderPitch": 92.1954261698971}}