{"supportLeg": "Legs", "angles": {"LShoulderRoll": 36.730450323422524, "LShoulderPitch": -6.7271044090026395, "RShoulderRoll": -32.60594185733245, "LElbowYaw": 1.0491847150353317, "LAnklePitch": -1.0999616143836874, "RHipRoll": -11.309751407838988, "RAnklePitch": -5.9086882754329935, "LHipPitch": -85.98815653169164, "LKneePitch": 6.380814133942238, "LHipRoll": 0.04737634672756794, "RHipPitch": -85.24501873057407, "LElbowRoll": -89.58864843107179, "RKneePitch": 10.6772111228818, "RElbowRoll": 77.38837900159673, "RElbowYaw": 0, "RShoulderPitch": 93.42176000792772}}