{"supportLeg": "Legs", "angles": {"LShoulderRoll": 37.63514003192671, "LShoulderPitch": -2.05754895494003, "RShoulderRoll": -32.318433086735595, "LElbowYaw": -0.9986653757260222, "LAnklePitch": -1.1641260650096967, "RHipRoll": -10.674355882807657, "RAnklePitch": -5.644140675410981, "LHipPitch": -85.96115446956308, "LKneePitch": 6.700864577311648, "LHipRoll": 0.037546123244069404, "RHipPitch": -85.54278106270425, "LElbowRoll": -83.77754391876607, "RKneePitch": 10.242897136251031, "RElbowRoll": 76.8195406525963, "RElbowYaw": 0, "RShoulderPitch": 94.03817796756893}}