{"supportLeg": "Legs", "angles": {"LShoulderRoll": 35.36694140811383, "LShoulderPitch": -5.775041265497696, "RShoulderRoll": -32.01737208853873, "LElbowYaw": -4.550692661373607, "LAnklePitch": -1.392093337602958, "RHipRoll": -10.748572189748018, "RAnklePitch": -5.643708074919076, "LHipPitch": -85.56154241942988, "LKneePitch": 6.782015219400876, "LHipRoll": 0.04247176913957748, "RHipPitch": -85.67534568090007, "LElbowRoll": -95.67937513363941, "RKneePitch": 10.026707768818596, "RElbowRoll": 76.86307454331849, "RElbowYaw": 0, "RShoulderPitch": 93.85998477633126}}