{"supportLeg": "Legs", "angles": {"LShoulderRoll": 38.45695478841554, "LShoulderPitch": -3.9425816798978532, "RShoulderRoll": -30.8896386080508, "LElbowYaw": 2.692408261660571, "LAnklePitch": -1.5535639803865706, "RHipRoll": -10.2800612143137, "RAnklePitch": -5.5942333106649045, "LHipPitch": -85.28893595703425, "LKneePitch": 7.4621202148158545, "LHipRoll": 0.031000933480105724, "RHipPitch": -85.56841747829726, "LElbowRoll": -85.41859967154817, "RKneePitch": 10.180394202186136, "RElbowRoll": 76.86660179274541, "RElbowYaw": 0, "RShoulderPitch": 88.23181578494386}}