{"supportLeg": "Legs", "angles": {"LShoulderRoll": 39.109461507270545, "LShoulderPitch": -4.000130057913339, "RShoulderRoll": -31.311703449898527, "LElbowYaw": 3.5923188215489836, "LAnklePitch": -1.6403414026598568, "RHipRoll": -10.035311311121339, "RAnklePitch": -5.947556227803915, "LHipPitch": -84.79804070565856, "LKneePitch": 8.172043362521833, "LHipRoll": 0.017169062025978742, "RHipPitch": -85.43803685462353, "LElbowRoll": -82.95347036152023, "RKneePitch": 10.67963201235122, "RElbowRoll": 77.70120780225322, "RElbowYaw": 0, "RShoulderPitch": 87.67355252525917}}