{"supportLeg": "Legs", "angles": {"LShoulderRoll": 40.88404317341465, "LShoulderPitch": -5.625756892611434, "RShoulderRoll": -31.031733543440353, "LElbowYaw": 5.242655374277786, "LAnklePitch": -1.7043884164582437, "RHipRoll": -9.838756386117973, "RAnklePitch": -5.940390932806537, "LHipPitch": -84.47132098363195, "LKneePitch": 8.544538609885706, "LHipRoll": 0.015273144188168601, "RHipPitch": -85.2314142910338, "LElbowRoll": -84.89003968252042, "RKneePitch": 10.888158880061354, "RElbowRoll": 65.77060780976873, "RElbowYaw": 0, "RShoulderPitch": 88.48555426412821}}