{"supportLeg": "Legs", "angles": {"LShoulderRoll": 40.88322653692384, "LShoulderPitch": -5.799169224436837, "RShoulderRoll": -31.069873368350727, "LElbowYaw": 1.8234780484217459, "LAnklePitch": -1.8294336822342956, "RHipRoll": -9.536596449158058, "RAnklePitch": -6.123427892383489, "LHipPitch": -84.23161435910424, "LKneePitch": 8.881985450262562, "LHipRoll": 0.011493708088851898, "RHipPitch": -84.95019155314107, "LElbowRoll": -88.7750412571184, "RKneePitch": 11.413652574040839, "RElbowRoll": 66.92087571972021, "RElbowYaw": 0, "RShoulderPitch": 87.74042429933671}}