{"supportLeg": "Legs", "angles": {"LShoulderRoll": 40.09881974593951, "LShoulderPitch": -3.8497637722373357, "RShoulderRoll": -31.211387045311785, "LElbowYaw": -9.320488306917017, "LAnklePitch": -1.9552433615473461, "RHipRoll": -9.607887475504269, "RAnklePitch": -6.293086724059066, "LHipPitch": -83.85736379014557, "LKneePitch": 9.229020857561238, "LHipRoll": 0.012819057824813872, "RHipPitch": -84.78228863153467, "LElbowRoll": -99.71945116719522, "RKneePitch": 11.699308068142528, "RElbowRoll": 67.00000346125246, "RElbowYaw": 0, "RShoulderPitch": 91.58546363753742}}