{"supportLeg": "Legs", "angles": {"LShoulderRoll": 37.199038144273324, "LShoulderPitch": -4.255126212554288, "RShoulderRoll": -31.076772999075146, "LElbowYaw": -1.6901064078776535, "LAnklePitch": -2.1639487501082755, "RHipRoll": -9.599848846193298, "RAnklePitch": -6.558090607443916, "LHipPitch": -83.58231686470894, "LKneePitch": 9.55867011880693, "LHipRoll": 0.013550345786843526, "RHipPitch": -84.66723682951417, "LElbowRoll": -87.89404715021377, "RKneePitch": 12.047644177928646, "RElbowRoll": 68.58407661910513, "RElbowYaw": 0, "RShoulderPitch": 87.75862118282745}}