{"supportLeg": "Legs", "angles": {"LShoulderRoll": 31.212742174339713, "LShoulderPitch": -2.1845840672421226, "RShoulderRoll": -25.48555522090554, "LElbowYaw": 68.19759958385532, "LAnklePitch": 3.9803912896920792, "RHipRoll": -0.9327182999981005, "RAnklePitch": 1.8862177987912219, "LHipPitch": -2.2264331529893298, "LKneePitch": 7.267448527991547, "LHipRoll": -2.9819735337322015, "RHipPitch": -0.8681114504292395, "LElbowRoll": -36.58162399993623, "RKneePitch": 3.5597795391961995, "RElbowRoll": 17.810296611520783, "RElbowYaw": 75.1298553900467, "RShoulderPitch": -0.3564338772626222}}