{"supportLeg": "Legs", "angles": {"LShoulderRoll": 37.82132729530343, "LShoulderPitch": -4.2211782950048375, "RShoulderRoll": -31.21605750256518, "LElbowYaw": -1.8183340571899214, "LAnklePitch": -2.4700775697975814, "RHipRoll": -9.565362061902453, "RAnklePitch": -6.60393606707288, "LHipPitch": -83.46759290596765, "LKneePitch": 9.955042607480692, "LHipRoll": 0.013986149878103066, "RHipPitch": -84.6877225095371, "LElbowRoll": -88.67297917797063, "RKneePitch": 12.070886724926197, "RElbowRoll": 68.19357148784083, "RElbowYaw": 0, "RShoulderPitch": 86.33990438679515}}