{"supportLeg": "Legs", "angles": {"LShoulderRoll": 38.635395880670046, "LShoulderPitch": -3.5626502699750837, "RShoulderRoll": -31.413409956802543, "LElbowYaw": -5.597134347498946, "LAnklePitch": -2.716038149972519, "RHipRoll": -9.598696030094718, "RAnklePitch": -6.642633760007001, "LHipPitch": -83.29683776957549, "LKneePitch": 10.308173794986516, "LHipRoll": 0.01378059096026369, "RHipPitch": -84.7561719118216, "LElbowRoll": -93.65348964646661, "RKneePitch": 12.046727504700556, "RElbowRoll": 66.63483853319875, "RElbowYaw": 0, "RShoulderPitch": 84.94417871573654}}