{"supportLeg": "Legs", "angles": {"LShoulderRoll": 40.29649071113897, "LShoulderPitch": -2.663807119508642, "RShoulderRoll": -32.00381958602929, "LElbowYaw": -5.444525976668805, "LAnklePitch": -2.9545884688383524, "RHipRoll": -9.586034682250245, "RAnklePitch": -6.616676840432035, "LHipPitch": -83.24555756052483, "LKneePitch": 10.611341422621962, "LHipRoll": 0.012900907606362035, "RHipPitch": -84.79831692948252, "LElbowRoll": -92.46895189150412, "RKneePitch": 11.992585508916648, "RElbowRoll": 65.53661660366718, "RElbowYaw": 0, "RShoulderPitch": 82.61489286597849}}