{"supportLeg": "Legs", "angles": {"LShoulderRoll": 41.94187904614738, "LShoulderPitch": -4.315193097626815, "RShoulderRoll": -31.918972688337654, "LElbowYaw": -10.44894451599119, "LAnklePitch": -3.0755966150695286, "RHipRoll": -9.598385121003393, "RAnklePitch": -6.468053665892555, "LHipPitch": -83.47423918083547, "LKneePitch": 10.515718353863434, "LHipRoll": 0.013352532923248141, "RHipPitch": -84.9198393137588, "LElbowRoll": -102.9057871052632, "RKneePitch": 11.737260708746561, "RElbowRoll": 65.53433220260209, "RElbowYaw": 0, "RShoulderPitch": 80.41775856840903}}