{"supportLeg": "Legs", "angles": {"LShoulderRoll": 43.508397975322985, "LShoulderPitch": -3.9933986032604882, "RShoulderRoll": -32.0210700387012, "LElbowYaw": -1.7397251927938258, "LAnklePitch": -3.3231380546216798, "RHipRoll": -9.74163912560934, "RAnklePitch": -6.251859576050407, "LHipPitch": -83.80763863913215, "LKneePitch": 10.610978243141687, "LHipRoll": 0.01331713829401929, "RHipPitch": -85.09669372334189, "LElbowRoll": -92.4093695246064, "RKneePitch": 11.324459556030945, "RElbowRoll": 63.21538996843073, "RElbowYaw": 0, "RShoulderPitch": 77.66174688260043}}