{"supportLeg": "Legs", "angles": {"LShoulderRoll": 44.04261438505905, "LShoulderPitch": -1.4075572237929068, "RShoulderRoll": -32.70902505305623, "LElbowYaw": -8.832716561413102, "LAnklePitch": -3.4627712509037707, "RHipRoll": -9.905490771737275, "RAnklePitch": -5.94239864421273, "LHipPitch": -84.28959934032687, "LKneePitch": 10.739354585219559, "LHipRoll": 0.009157040764353386, "RHipPitch": -85.37809239891327, "LElbowRoll": -97.64176090578523, "RKneePitch": 10.743388216581906, "RElbowRoll": 63.026313664630976, "RElbowYaw": 0, "RShoulderPitch": 73.70357645236193}}