{"supportLeg": "Legs", "angles": {"LShoulderRoll": 45.09961138443665, "LShoulderPitch": 0.7690249068234039, "RShoulderRoll": -32.547370828627216, "LElbowYaw": -7.536152867779703, "LAnklePitch": -3.643601473008033, "RHipRoll": -10.144440100836636, "RAnklePitch": -6.702927895849783, "LHipPitch": -84.82248204817492, "LKneePitch": 10.46115784171863, "LHipRoll": 0.012436935579283482, "RHipPitch": -85.74246217713113, "LElbowRoll": -90.27937689395871, "RKneePitch": 11.07494671780728, "RElbowRoll": 60.336410359511845, "RElbowYaw": -98.75808317018992, "RShoulderPitch": 71.54656535775152}}