{"supportLeg": "Legs", "angles": {"LShoulderRoll": 43.23684205127838, "LShoulderPitch": 2.1780161783159713, "RShoulderRoll": -34.1617652990622, "LElbowYaw": -0.464979831941156, "LAnklePitch": -3.844165041360043, "RHipRoll": -10.519121599059622, "RAnklePitch": -6.206564264100521, "LHipPitch": -85.40929500067969, "LKneePitch": 9.815184360231427, "LHipRoll": 0.028294421149016143, "RHipPitch": -85.99921148411583, "LElbowRoll": -79.01447088921036, "RKneePitch": 10.25156803621772, "RElbowRoll": 61.89266845882632, "RElbowYaw": 0, "RShoulderPitch": 74.4459138956265}}