{"supportLeg": "Legs", "angles": {"LShoulderRoll": 43.93660560042808, "LShoulderPitch": 0.39152694534304544, "RShoulderRoll": -34.09647819691007, "LElbowYaw": 2.849320575123298, "LAnklePitch": -3.924854576429709, "RHipRoll": -10.841476771591337, "RAnklePitch": -5.895363977644337, "LHipPitch": -85.68408276778602, "LKneePitch": 9.4978089796152, "LHipRoll": 0.03583019007605081, "RHipPitch": -86.24151667156417, "LElbowRoll": -80.21197242712383, "RKneePitch": 9.67699980968402, "RElbowRoll": 59.90805606159432, "RElbowYaw": 0, "RShoulderPitch": 75.14364437785086}}