{"supportLeg": "Legs", "angles": {"LShoulderRoll": 43.89121201471591, "LShoulderPitch": 3.765078635369292, "RShoulderRoll": -34.38838579152255, "LElbowYaw": -2.1944638942131975, "LAnklePitch": -3.9885090215917103, "RHipRoll": -11.270260500835825, "RAnklePitch": -5.526238849787433, "LHipPitch": -85.93690483825591, "LKneePitch": 9.233656659499331, "LHipRoll": 0.04235300037217579, "RHipPitch": -86.25531024933699, "LElbowRoll": -80.95098592618503, "RKneePitch": 9.247390689132857, "RElbowRoll": 62.55639318316251, "RElbowYaw": -98.68160780850852, "RShoulderPitch": 73.07728385925125}}