{"supportLeg": "Legs", "angles": {"LShoulderRoll": 32.6842957040047, "LShoulderPitch": -1.1282810346338983, "RShoulderRoll": -24.8170433452271, "LElbowYaw": 67.6162849435819, "LAnklePitch": 4.038143666603361, "RHipRoll": -0.3714559428212567, "RAnklePitch": 1.834036877696235, "LHipPitch": -1.5470596130309389, "LKneePitch": 7.052698812782751, "LHipRoll": -3.8072005832583216, "RHipPitch": -0.542827022534766, "LElbowRoll": -36.49171319019581, "RKneePitch": 3.3507463459554288, "RElbowRoll": 15.708229149624884, "RElbowYaw": 75.77497662837939, "RShoulderPitch": 0.44215693501216435}}