{"supportLeg": "Legs", "angles": {"LShoulderRoll": 44.300817437612864, "LShoulderPitch": 8.857606736739882, "RShoulderRoll": -35.946177057179, "LElbowYaw": -6.738631872561833, "LAnklePitch": -4.088150289036349, "RHipRoll": -12.052478661805912, "RAnklePitch": -5.0674158072914395, "LHipPitch": -86.14484161057288, "LKneePitch": 9.047414276693388, "LHipRoll": 0.04798160913293465, "RHipPitch": -86.30129832438915, "LElbowRoll": -77.05308691806448, "RKneePitch": 8.631096374046734, "RElbowRoll": 56.04972559923206, "RElbowYaw": 90, "RShoulderPitch": 70.3452406784898}}