{"supportLeg": "Legs", "angles": {"LShoulderRoll": 43.743777225636414, "LShoulderPitch": 10.5380700383582, "RShoulderRoll": -37.0741926691231, "LElbowYaw": -10.51781372264326, "LAnklePitch": -4.173505614885244, "RHipRoll": -12.243154856321947, "RAnklePitch": -5.013160545023396, "LHipPitch": -86.21933866976683, "LKneePitch": 9.093898178054786, "LHipRoll": 0.04808537841580167, "RHipPitch": -86.14921227732604, "LElbowRoll": -77.98545776244086, "RKneePitch": 8.698228381952447, "RElbowRoll": 47.86302588094381, "RElbowYaw": 90, "RShoulderPitch": 68.88669081576602}}