{"supportLeg": "Legs", "angles": {"LShoulderRoll": 44.03407379396518, "LShoulderPitch": 10.778717160046341, "RShoulderRoll": -34.0960589305556, "LElbowYaw": -11.502005409224848, "LAnklePitch": -4.278088242814633, "RHipRoll": -12.118894258064218, "RAnklePitch": -4.893675794601151, "LHipPitch": -86.17290068927524, "LKneePitch": 9.230973747390067, "LHipRoll": 0.04718208618512762, "RHipPitch": -86.18431295440764, "LElbowRoll": -78.9313481284764, "RKneePitch": 8.56606164749968, "RElbowRoll": 41.725060266933895, "RElbowYaw": 90, "RShoulderPitch": 68.70002641672829}}