{"supportLeg": "Legs", "angles": {"LShoulderRoll": 45.62152514526571, "LShoulderPitch": 7.06961336196585, "RShoulderRoll": -40.962888757952115, "LElbowYaw": -6.752927294027477, "LAnklePitch": -4.602791887060292, "RHipRoll": -11.86427934477632, "RAnklePitch": -4.5487708536647915, "LHipPitch": -86.11116285737053, "LKneePitch": 9.634685323688927, "LHipRoll": 0.04605226800675711, "RHipPitch": -86.33109994442033, "LElbowRoll": -82.98747439665298, "RKneePitch": 8.12809835295468, "RElbowRoll": 44.10029426744097, "RElbowYaw": 90, "RShoulderPitch": 79.1741692957211}}