{"supportLeg": "Legs", "angles": {"LShoulderRoll": 44.84069494457367, "LShoulderPitch": 5.949416102609973, "RShoulderRoll": -40.2656743356297, "LElbowYaw": -10.900894864817076, "LAnklePitch": -5.002680181034961, "RHipRoll": -11.65894569011139, "RAnklePitch": -4.287337362031437, "LHipPitch": -85.98583665867831, "LKneePitch": 10.190281889142597, "LHipRoll": 0.04556990566517026, "RHipPitch": -86.25413990952188, "LElbowRoll": -90.95888872769648, "RKneePitch": 7.977872932330541, "RElbowRoll": 40.06375532971947, "RElbowYaw": 90, "RShoulderPitch": 77.20090726639148}}