{"supportLeg": "Legs", "angles": {"LShoulderRoll": 44.12208512113644, "LShoulderPitch": 5.057197819866104, "RShoulderRoll": -53.8647481682114, "LElbowYaw": -10.108196654406452, "LAnklePitch": -5.217939604321472, "RHipRoll": -11.513139144155435, "RAnklePitch": -4.366658278063753, "LHipPitch": -86.01749537953653, "LKneePitch": 10.357585590994347, "LHipRoll": 0.04680796050156467, "RHipPitch": -86.05371991350019, "LElbowRoll": -92.28122208210384, "RKneePitch": 8.282741010416089, "RElbowRoll": 46.094351848017936, "RElbowYaw": -35.48233992219799, "RShoulderPitch": 43.431066753532654}}