{"supportLeg": "Legs", "angles": {"LShoulderRoll": 41.09541306847499, "LShoulderPitch": 9.545558013759006, "RShoulderRoll": -54.05469325807984, "LElbowYaw": -27.850460391351604, "LAnklePitch": -5.407131878525888, "RHipRoll": -11.498759255333397, "RAnklePitch": -4.126134104134422, "LHipPitch": -86.16796190077162, "LKneePitch": 10.361809216887508, "LHipRoll": 0.04949089232647675, "RHipPitch": -85.72931292841622, "LElbowRoll": -105.30297449856361, "RKneePitch": 8.348902786676007, "RElbowRoll": 33.97997074107445, "RElbowYaw": -24.833299842578402, "RShoulderPitch": 41.95339600220458}}