{"supportLeg": "Legs", "angles": {"LShoulderRoll": 41.62552640700916, "LShoulderPitch": 10.145586817725004, "RShoulderRoll": -54.37073135458294, "LElbowYaw": -23.079963494494947, "LAnklePitch": -5.587587924845394, "RHipRoll": -11.545281651628526, "RAnklePitch": -4.274346395564081, "LHipPitch": -86.18450628357962, "LKneePitch": 10.522905271177166, "LHipRoll": 0.050089957714742124, "RHipPitch": -85.56307182530293, "LElbowRoll": -98.62453079835659, "RKneePitch": 8.653267013236018, "RElbowRoll": 28.57716898114296, "RElbowYaw": -24.348120657989423, "RShoulderPitch": 42.70242427975892}}