{"supportLeg": "Legs", "angles": {"LShoulderRoll": 41.38597232162853, "LShoulderPitch": 13.914444919750608, "RShoulderRoll": -53.353537316381804, "LElbowYaw": -26.940995023977287, "LAnklePitch": -5.742481628261245, "RHipRoll": -11.586358767570477, "RAnklePitch": -4.330244948138798, "LHipPitch": -86.31361546449234, "LKneePitch": 10.522202197001633, "LHipRoll": 0.050650758194236, "RHipPitch": -85.39242083389128, "LElbowRoll": -96.11534157487709, "RKneePitch": 8.869278147522635, "RElbowRoll": 33.30171502637157, "RElbowYaw": -22.797433091058785, "RShoulderPitch": 36.44655433977116}}