{"supportLeg": "Legs", "angles": {"LShoulderRoll": 42.64210077176088, "LShoulderPitch": 13.128923868576322, "RShoulderRoll": -48.87986290486113, "LElbowYaw": -25.16286608429541, "LAnklePitch": -5.837536709882187, "RHipRoll": -11.55923258669581, "RAnklePitch": -4.446498373734002, "LHipPitch": -86.38872860257149, "LKneePitch": 10.565416553260803, "LHipRoll": 0.04872691543497615, "RHipPitch": -85.29845053391479, "LElbowRoll": -96.78959698563743, "RKneePitch": 9.073099819051862, "RElbowRoll": 47.90515309219026, "RElbowYaw": -24.992903558584715, "RShoulderPitch": 26.777520537978567}}