{"supportLeg": "Legs", "angles": {"LShoulderRoll": 30.9953693420282, "LShoulderPitch": 95.57272989841698, "RShoulderRoll": -3.0436878751668552, "LElbowYaw": -31.102885137254745, "LElbowRoll": -24.097980583825233, "RElbowRoll": 20.913451406648335, "RElbowYaw": 90, "RShoulderPitch": 75.55126058868841}}