{"supportLeg": "Legs", "angles": {"LShoulderRoll": 32.9781156852116, "LShoulderPitch": -0.14399807602649448, "RShoulderRoll": -25.240901790623195, "LElbowYaw": 66.71655856181222, "LAnklePitch": 3.768172393654595, "RHipRoll": -0.20499536212383873, "RAnklePitch": 2.0178310113626026, "LHipPitch": -0.7426391187005095, "LKneePitch": 6.274057791401248, "LHipRoll": -4.154674569696709, "RHipPitch": -0.5762884316081909, "LElbowRoll": -35.49943975755494, "RKneePitch": 3.8145304026951976, "RElbowRoll": 16.722641902249222, "RElbowYaw": 76.03822099051813, "RShoulderPitch": 0.4562018634898948}}