{"supportLeg": "Legs", "angles": {"LShoulderRoll": 47.984611224728404, "LShoulderPitch": 50.16776869792651, "RShoulderRoll": -49.003503272085695, "LElbowYaw": 0, "LAnklePitch": -6.067717063250711, "RHipRoll": -11.556267057935655, "RAnklePitch": -4.341430920315275, "LHipPitch": -86.39723405351955, "LKneePitch": 10.765149971775855, "LHipRoll": 0.047591663295708866, "RHipPitch": -85.13665070785568, "LElbowRoll": -94.91821092250055, "RKneePitch": 9.136480583947275, "RElbowRoll": 44.748231462977, "RElbowYaw": -24.207819180398765, "RShoulderPitch": 27.49432527179149}}