{"supportLeg": "Legs", "angles": {"LShoulderRoll": 48.35765342693461, "LShoulderPitch": 50.37550445802041, "RShoulderRoll": -49.34671706615538, "LElbowYaw": 0, "LAnklePitch": -6.416365229456957, "RHipRoll": -11.60630584113398, "RAnklePitch": -4.240382282533204, "LHipPitch": -86.11552228924002, "LKneePitch": 11.426572729760295, "LHipRoll": 0.04272142219575155, "RHipPitch": -85.07286052986605, "LElbowRoll": -94.4380447870685, "RKneePitch": 9.096940035513228, "RElbowRoll": 43.91000855845451, "RElbowYaw": -25.264757288119164, "RShoulderPitch": 28.206511785323194}}