{"supportLeg": "Legs", "angles": {"LShoulderRoll": 48.34234696267158, "LShoulderPitch": 50.50075226965086, "RShoulderRoll": -48.659636686440024, "LElbowYaw": 0, "LAnklePitch": -6.454023030745873, "RHipRoll": -11.616968141420397, "RAnklePitch": -4.03204623315014, "LHipPitch": -86.13535036929515, "LKneePitch": 11.492305340008755, "LHipRoll": 0.04190829271480481, "RHipPitch": -84.86786312362996, "LElbowRoll": -93.1935549382479, "RKneePitch": 9.110802441658564, "RElbowRoll": 46.68211196957117, "RElbowYaw": -37.773344154003766, "RShoulderPitch": 32.68122838895032}}