{"supportLeg": "Legs", "angles": {"LShoulderRoll": 48.86329456444402, "LShoulderPitch": 48.4973558366173, "RShoulderRoll": -48.940758950548314, "LElbowYaw": 0, "LAnklePitch": -6.535451458067271, "RHipRoll": -11.655446844126534, "RAnklePitch": -3.6662557191745435, "LHipPitch": -86.06743688971972, "LKneePitch": 11.675053632024401, "LHipRoll": 0.03960948120415525, "RHipPitch": -84.47025996347298, "LElbowRoll": -98.2434574293311, "RKneePitch": 9.131672203550153, "RElbowRoll": 45.603573885776996, "RElbowYaw": -47.13000588115106, "RShoulderPitch": 37.39224957857815}}