{"supportLeg": "Legs", "angles": {"LShoulderRoll": 48.36610838763013, "LShoulderPitch": 47.268142350774696, "RShoulderRoll": -49.512684991188785, "LElbowYaw": 0, "LAnklePitch": -6.566122746264426, "RHipRoll": -11.728905750375894, "RAnklePitch": -3.429846793693784, "LHipPitch": -86.04416875134353, "LKneePitch": 11.759203859665092, "LHipRoll": 0.03889606707758344, "RHipPitch": -84.2027762465116, "LElbowRoll": -99.26828040626256, "RKneePitch": 9.124203969099995, "RElbowRoll": 42.16993012696349, "RElbowYaw": -47.64289544174393, "RShoulderPitch": 39.76333859063459}}