{"supportLeg": "Legs", "angles": {"LShoulderRoll": 47.99913726746162, "LShoulderPitch": 47.045370483515946, "RShoulderRoll": -45.39162801252435, "LElbowYaw": 0, "LAnklePitch": -6.557308334480894, "RHipRoll": -11.825116794446544, "RAnklePitch": -2.7686297003400995, "LHipPitch": -86.19935889579502, "LKneePitch": 11.656872663560364, "LHipRoll": 0.03938594097548256, "RHipPitch": -84.21385167733098, "LElbowRoll": -99.77295153986014, "RKneePitch": 8.428531831045376, "RElbowRoll": 44.85525822322168, "RElbowYaw": -53.06525057225521, "RShoulderPitch": 41.03691123578417}}