{"supportLeg": "Legs", "angles": {"LShoulderRoll": 46.21529064815452, "LShoulderPitch": 46.30278231467373, "RShoulderRoll": -44.765386292064946, "LElbowYaw": 0, "LAnklePitch": -6.406149079413822, "RHipRoll": -11.891412122207587, "RAnklePitch": -2.6622236489687907, "LHipPitch": -86.12069175439869, "LKneePitch": 11.613236421024453, "LHipRoll": 0.03881824373223507, "RHipPitch": -84.06147184081728, "LElbowRoll": -99.14258413592049, "RKneePitch": 8.449069324128374, "RElbowRoll": 43.32558176351944, "RElbowYaw": -55.35020559789258, "RShoulderPitch": 43.94532901261618}}