{"supportLeg": "Legs", "angles": {"LShoulderRoll": 46.173208041654696, "LShoulderPitch": 47.82162548299594, "RShoulderRoll": -40.122219681322434, "LElbowYaw": 0, "LAnklePitch": -6.344679952096584, "RHipRoll": -11.84653718652281, "RAnklePitch": -2.809732968275057, "LHipPitch": -86.12598209905015, "LKneePitch": 11.604589831104533, "LHipRoll": 0.03810128433159029, "RHipPitch": -83.83230246743487, "LElbowRoll": -98.40236050355173, "RKneePitch": 8.811942964158334, "RElbowRoll": 37.526067868265045, "RElbowYaw": -35.891764509461346, "RShoulderPitch": 40.313883187643135}}