{"supportLeg": "Legs", "angles": {"LShoulderRoll": 45.74654007140913, "LShoulderPitch": 49.50852458239173, "RShoulderRoll": -38.29644492395952, "LElbowYaw": 0, "LAnklePitch": -6.195256257416403, "RHipRoll": -11.95965325140108, "RAnklePitch": -2.7534561617255093, "LHipPitch": -86.07071618592542, "LKneePitch": 11.539270648009762, "LHipRoll": 0.037897169864709895, "RHipPitch": -83.6331294986449, "LElbowRoll": -96.97766530272817, "RKneePitch": 8.928883979522539, "RElbowRoll": 36.99094884196171, "RElbowYaw": -32.498584340407064, "RShoulderPitch": 39.66277392526443}}