{"supportLeg": "Legs", "angles": {"LShoulderRoll": 45.83229334581681, "LShoulderPitch": 50.34629148619493, "RShoulderRoll": -37.47519675593067, "LElbowYaw": 0, "LAnklePitch": -6.166933858227765, "RHipRoll": -12.025654012979766, "RAnklePitch": -2.770792553156056, "LHipPitch": -86.01971947630385, "LKneePitch": 11.539439853116676, "LHipRoll": 0.03815480413538235, "RHipPitch": -83.44287493444094, "LElbowRoll": -97.83883655269557, "RKneePitch": 9.12574262565522, "RElbowRoll": 35.4214445761456, "RElbowYaw": -31.12753097937894, "RShoulderPitch": 40.50540445755388}}