{"supportLeg": "Legs", "angles": {"LShoulderRoll": 31.673626932040737, "LShoulderPitch": 1.4307386602050656, "RShoulderRoll": -25.067771678176275, "LElbowYaw": 63.78997252175638, "LAnklePitch": 2.409198316659939, "RHipRoll": -0.015069626843512651, "RAnklePitch": 2.3313199917450333, "LHipPitch": 1.094276618392513, "LKneePitch": 3.208367114538561, "LHipRoll": -4.138272890472223, "RHipPitch": -0.46850792677980735, "LElbowRoll": -33.72876972942558, "RKneePitch": 4.682450717918385, "RElbowRoll": 18.110540435909485, "RElbowYaw": 77.5679672393514, "RShoulderPitch": -0.40341947511220944}}