{"supportLeg": "Legs", "angles": {"LShoulderRoll": 46.645398680706684, "LShoulderPitch": 50.17908456100487, "RShoulderRoll": -34.6870909275526, "LElbowYaw": 0, "LAnklePitch": -6.157630470725465, "RHipRoll": -12.001222560148918, "RAnklePitch": -2.483566917243934, "LHipPitch": -86.08424413305174, "LKneePitch": 11.406137183085178, "LHipRoll": 0.038473887428338925, "RHipPitch": -83.4744450796998, "LElbowRoll": -98.32614722663531, "RKneePitch": 8.815066776804173, "RElbowRoll": 34.50901454160012, "RElbowYaw": -28.204249661227927, "RShoulderPitch": 40.48996960375117}}