{"supportLeg": "Legs", "angles": {"LShoulderRoll": 46.38721041484333, "LShoulderPitch": 50.70688110604341, "RShoulderRoll": -33.71871027642014, "LElbowYaw": 0, "LAnklePitch": -6.099590458999273, "RHipRoll": -12.048741563607319, "RAnklePitch": -2.618725811958356, "LHipPitch": -85.92404440674784, "LKneePitch": 11.592168936698897, "LHipRoll": 0.037594747129298986, "RHipPitch": -83.17280835708225, "LElbowRoll": -97.55700939648375, "RKneePitch": 9.239522368551803, "RElbowRoll": 25.83199475635527, "RElbowYaw": -20.11690610588058, "RShoulderPitch": 40.85995611843085}}