{"supportLeg": "Legs", "angles": {"LShoulderRoll": 46.60735402132247, "LShoulderPitch": 51.08464240228431, "RShoulderRoll": -27.227175963501306, "LElbowYaw": 0, "LAnklePitch": -5.879697251959044, "RHipRoll": -12.109629809024419, "RAnklePitch": -2.6928621268551893, "LHipPitch": -86.01071491795706, "LKneePitch": 11.309876206173584, "LHipRoll": 0.04040533492669308, "RHipPitch": -83.03446271128198, "LElbowRoll": -101.29931405578158, "RKneePitch": 9.444637817494765, "RElbowRoll": 38.361381871931684, "RElbowYaw": -34.886667711988785, "RShoulderPitch": 44.693115735855955}}