{"supportLeg": "Legs", "angles": {"LShoulderRoll": 47.33331383524294, "LShoulderPitch": 50.37938419998661, "RShoulderRoll": -27.306918018262305, "LElbowYaw": 0, "LAnklePitch": -5.770562335467929, "RHipRoll": -12.171462778783923, "RAnklePitch": -2.5485033370024155, "LHipPitch": -85.93262564676957, "LKneePitch": 11.237961289996093, "LHipRoll": 0.04230938479561256, "RHipPitch": -83.08610552946482, "LElbowRoll": -100.62117063627473, "RKneePitch": 9.251782248722947, "RElbowRoll": 24.157156139415378, "RElbowYaw": -21.265262404309368, "RShoulderPitch": 42.82344667549495}}