{"supportLeg": "Legs", "angles": {"LShoulderRoll": 47.42619743288471, "LShoulderPitch": 49.4046295215191, "RShoulderRoll": -22.960959083837256, "LElbowYaw": 0, "LAnklePitch": -5.904759641476147, "RHipRoll": -12.138955382224358, "RAnklePitch": -2.374832631943775, "LHipPitch": -85.60436331157521, "LKneePitch": 11.712421377626384, "LHipRoll": 0.04037301175466358, "RHipPitch": -83.12235636159257, "LElbowRoll": -100.68971202386388, "RKneePitch": 9.046734814613359, "RElbowRoll": 35.261284012261854, "RElbowYaw": -37.67977209160959, "RShoulderPitch": 47.71930378185253}}