{"supportLeg": "Legs", "angles": {"LShoulderRoll": 47.00421943863518, "LShoulderPitch": 49.783113615165156, "RShoulderRoll": -25.435728863117912, "LElbowYaw": 0, "LAnklePitch": -5.9511051296582735, "RHipRoll": -12.181197341840893, "RAnklePitch": -2.479790121509737, "LHipPitch": -85.24714128479148, "LKneePitch": 12.106369516217626, "LHipRoll": 0.04091718139989771, "RHipPitch": -82.90161952145534, "LElbowRoll": -98.82006642410585, "RKneePitch": 9.363981666172947, "RElbowRoll": 21.21951484002028, "RElbowYaw": -16.15086054320043, "RShoulderPitch": 42.217437942725645}}