{"supportLeg": "Legs", "angles": {"LShoulderRoll": 46.615743306783266, "LShoulderPitch": 50.755198112393785, "RShoulderRoll": -21.995407629432368, "LElbowYaw": 0, "LAnklePitch": -5.806520403914931, "RHipRoll": -12.206003546862142, "RAnklePitch": -2.4801491594877234, "LHipPitch": -85.28557155225998, "LKneePitch": 11.86117707192895, "LHipRoll": 0.04401329048592592, "RHipPitch": -82.79671537732236, "LElbowRoll": -97.42862020622624, "RKneePitch": 9.469075677025444, "RElbowRoll": 23.514456249281324, "RElbowYaw": -13.320260724099931, "RShoulderPitch": 40.59658081072156}}