{"supportLeg": "Legs", "angles": {"LShoulderRoll": 46.816800951937026, "LShoulderPitch": 52.86667230419513, "RShoulderRoll": -19.57835101813925, "LElbowYaw": 0, "LAnklePitch": -5.8332454036964805, "RHipRoll": -12.053452544159073, "RAnklePitch": -2.2118949448309877, "LHipPitch": -85.1407954264945, "LKneePitch": 12.039684779406883, "LHipRoll": 0.044488443927873926, "RHipPitch": -82.98288179933327, "LElbowRoll": -103.031934068919, "RKneePitch": 9.030751774721523, "RElbowRoll": 34.56004901545924, "RElbowYaw": -23.802776814158825, "RShoulderPitch": 39.17674383445791}}