{"supportLeg": "Legs", "angles": {"LShoulderRoll": 54.894274070974404, "LShoulderPitch": 51.742649548765776, "RShoulderRoll": -21.381874735009546, "LElbowYaw": 0, "LAnklePitch": -5.855762637068494, "RHipRoll": -12.18386795252712, "RAnklePitch": -2.317638725711447, "LHipPitch": -85.04072284512638, "LKneePitch": 12.172997791135828, "LHipRoll": 0.045286984830828145, "RHipPitch": -82.6125748958026, "LElbowRoll": -100.77381342330715, "RKneePitch": 9.488157695754609, "RElbowRoll": 38.94787171284031, "RElbowYaw": -21.226019702892383, "RShoulderPitch": 35.998650231248725}}