{"supportLeg": "Legs", "angles": {"LShoulderRoll": 61.25703956617678, "LShoulderPitch": 58.607421251864, "RShoulderRoll": -7.879310887656978, "LElbowYaw": 0, "LAnklePitch": -5.819280375698028, "RHipRoll": -12.114570895231395, "RAnklePitch": -2.348018605909914, "LHipPitch": -84.88882927083345, "LKneePitch": 12.33704319323408, "LHipRoll": 0.043632862569888485, "RHipPitch": -82.48017947617343, "LElbowRoll": -104.01402254085798, "RKneePitch": 9.649898563635674, "RElbowRoll": 63.44802561833032, "RElbowYaw": -12.312284707978144, "RShoulderPitch": 18.937258510543103}}