{"supportLeg": "Legs", "angles": {"LShoulderRoll": 30.700432708642666, "LShoulderPitch": 1.8575365909595831, "RShoulderRoll": -24.77161973930546, "LElbowYaw": 63.77636709391345, "LAnklePitch": 0.5199136960776514, "RHipRoll": 0.15936748324142513, "RAnklePitch": 2.7175911607087926, "LHipPitch": 3.482668434700429, "LKneePitch": 3.8198974135948447, "LHipRoll": -4.354290620001365, "RHipPitch": -0.318455807185984, "LElbowRoll": -33.044031161534065, "RKneePitch": 5.240889155981677, "RElbowRoll": 19.312577096194815, "RElbowYaw": 76.72302050410887, "RShoulderPitch": -0.4462145008882812}}