{"supportLeg": "Legs", "angles": {"LShoulderRoll": 59.000676709642725, "LShoulderPitch": 57.10205796189797, "RShoulderRoll": -7.418752636834437, "LElbowYaw": 0, "LAnklePitch": -5.79834645397186, "RHipRoll": -12.151514271457254, "RAnklePitch": -2.287904356535776, "LHipPitch": -84.94388470636417, "LKneePitch": 12.219764979957148, "LHipRoll": 0.0466576387255171, "RHipPitch": -82.4272508207503, "LElbowRoll": -102.91186787782898, "RKneePitch": 9.641476146841086, "RElbowRoll": 58.2681641313505, "RElbowYaw": -5.6778489856218695, "RShoulderPitch": 18.488496506400523}}