{"supportLeg": "Legs", "angles": {"LShoulderRoll": 39.02045521692124, "LShoulderPitch": 67.11390257391693, "RShoulderRoll": -18.729637300966246, "LElbowYaw": 0, "LAnklePitch": -5.572450987798192, "RHipRoll": -12.189444621294696, "RAnklePitch": -2.2781754827566942, "LHipPitch": -85.18931534097413, "LKneePitch": 11.689678906422301, "LHipRoll": 0.05165848414839963, "RHipPitch": -82.3266498592068, "LElbowRoll": -90.61634515866389, "RKneePitch": 9.728875990283825, "RElbowRoll": 39.09924032909123, "RElbowYaw": 0, "RShoulderPitch": 32.29707446243916}}