{"supportLeg": "Legs", "angles": {"LShoulderRoll": 38.90458800282621, "LShoulderPitch": 75.02480661354464, "RShoulderRoll": -15.573006115920874, "LElbowYaw": 0, "LAnklePitch": -5.482575500196205, "RHipRoll": -12.14495053091292, "RAnklePitch": -2.297316072690691, "LHipPitch": -85.45786828566533, "LKneePitch": 11.390128897231932, "LHipRoll": 0.051759542677968375, "RHipPitch": -82.08245611210666, "LElbowRoll": -85.61500631256806, "RKneePitch": 9.988134871401229, "RElbowRoll": 29.261904551693846, "RElbowYaw": -3.9030339670120284, "RShoulderPitch": 32.350138011469866}}