{"supportLeg": "Legs", "angles": {"LShoulderRoll": 39.104527088826146, "LShoulderPitch": 76.38762537565503, "RShoulderRoll": -16.35404944663512, "LElbowYaw": 0, "LAnklePitch": -5.710819573279522, "RHipRoll": -12.160717131130877, "RAnklePitch": -2.3841814354903335, "LHipPitch": -85.29182343931015, "LKneePitch": 11.846743184416795, "LHipRoll": 0.048849464572616706, "RHipPitch": -82.03824520406236, "LElbowRoll": -87.55940068378771, "RKneePitch": 10.11607191185115, "RElbowRoll": 22.94872795603675, "RElbowYaw": 7.112201549320837, "RShoulderPitch": 30.206870182360532}}