{"supportLeg": "Legs", "angles": {"LShoulderRoll": 37.764543665785304, "LShoulderPitch": 78.8909766879843, "RShoulderRoll": -16.802651414698516, "LElbowYaw": 0, "LAnklePitch": -5.713172798223383, "RHipRoll": -12.129262367335476, "RAnklePitch": -2.476462828019052, "LHipPitch": -85.68436985270466, "LKneePitch": 11.515605034674337, "LHipRoll": 0.048060069011483915, "RHipPitch": -81.97246791334489, "LElbowRoll": -83.26460198495214, "RKneePitch": 10.272897763380541, "RElbowRoll": 33.56199692703265, "RElbowYaw": 7.863052284677579, "RShoulderPitch": 24.60865311902893}}