{"supportLeg": "Legs", "angles": {"LShoulderRoll": 36.993371192671596, "LShoulderPitch": 79.74129803591137, "RShoulderRoll": -16.898879072723314, "LElbowYaw": 0, "LAnklePitch": -5.783789455896866, "RHipRoll": -12.068917148497738, "RAnklePitch": -2.431790532481429, "LHipPitch": -85.90323093393444, "LKneePitch": 11.42464533294472, "LHipRoll": 0.045308813424481974, "RHipPitch": -82.00058172832, "LElbowRoll": -81.14849108655261, "RKneePitch": 10.203628933869823, "RElbowRoll": 34.69807247404688, "RElbowYaw": 14.287474787194839, "RShoulderPitch": 20.48890441366858}}