{"supportLeg": "Legs", "angles": {"LShoulderRoll": 35.16933503797143, "LShoulderPitch": 81.73463902862343, "RShoulderRoll": -18.087961936375763, "LElbowYaw": 0, "LAnklePitch": -6.029671791750104, "RHipRoll": -12.02020564655962, "RAnklePitch": -2.396344925429574, "LHipPitch": -86.01389532856686, "LKneePitch": 11.601933253036691, "LHipRoll": 0.040701424874355456, "RHipPitch": -82.02830030828208, "LElbowRoll": -77.05519458401253, "RKneePitch": 10.143529854270128, "RElbowRoll": 32.00269893355417, "RElbowYaw": 18.96273737215345, "RShoulderPitch": 19.58602911539488}}