{"supportLeg": "Legs", "angles": {"LShoulderRoll": 32.98905342643141, "LShoulderPitch": 79.68815081940596, "RShoulderRoll": -16.87272377940275, "LElbowYaw": 0, "LAnklePitch": -6.087484108284073, "RHipRoll": -11.949780578242908, "RAnklePitch": -2.3566039625392534, "LHipPitch": -86.68981872940523, "LKneePitch": 11.087116307726689, "LHipRoll": 0.03739718697239256, "RHipPitch": -81.92571984350725, "LElbowRoll": -72.64320673243671, "RKneePitch": 10.213577239718347, "RElbowRoll": 39.7286218387672, "RElbowYaw": 17.91126042016657, "RShoulderPitch": 15.75659364361367}}