{"supportLeg": "Legs", "angles": {"LShoulderRoll": 30.384844150522763, "LShoulderPitch": 77.47565572712355, "RShoulderRoll": -16.03478876718925, "LElbowYaw": 0, "LAnklePitch": -6.20011741916943, "RHipRoll": -11.868798338634674, "RAnklePitch": -2.6602100643959687, "LHipPitch": -87.33644517541393, "LKneePitch": 10.595329200225251, "LHipRoll": 0.03461038623535495, "RHipPitch": -81.71405489061844, "LElbowRoll": -66.2973958766677, "RKneePitch": 10.725260412827794, "RElbowRoll": 40.02107647851642, "RElbowYaw": 18.60289865830091, "RShoulderPitch": 15.045316513972963}}