{"supportLeg": "Legs", "angles": {"LShoulderRoll": 27.66277590750065, "LShoulderPitch": 77.77202327682627, "RShoulderRoll": -15.737464770068566, "LElbowYaw": 0, "LAnklePitch": -6.733223120986523, "RHipRoll": -11.860067805190175, "RAnklePitch": -3.1963773684602046, "LHipPitch": -87.57693708718152, "LKneePitch": 10.923450631523565, "LHipRoll": 0.030866920801351574, "RHipPitch": -81.16570121958068, "LElbowRoll": -62.674262058035154, "RKneePitch": 11.798501754670468, "RElbowRoll": 38.30659326706163, "RElbowYaw": 20.893045461940062, "RShoulderPitch": 14.668522427783273}}