{"supportLeg": "Legs", "angles": {"LShoulderRoll": 30.33729482671402, "LShoulderPitch": 2.972909447019134, "RShoulderRoll": -25.01293376812593, "LElbowYaw": 62.676734287651826, "LAnklePitch": -1.156888812458817, "RHipRoll": 0.5281752700789752, "RAnklePitch": 3.0342961946947753, "LHipPitch": 5.721345220406391, "LKneePitch": 7.026257901722687, "LHipRoll": -4.324421020620008, "RHipPitch": -0.2771732032377372, "LElbowRoll": -31.523980933400765, "RKneePitch": 5.526043686488464, "RElbowRoll": 18.930123395202372, "RElbowYaw": 78.84871955199354, "RShoulderPitch": -1.3846233538440564}}