{"supportLeg": "Legs", "angles": {"LShoulderRoll": 24.40942979603394, "LShoulderPitch": 78.20407223270043, "RShoulderRoll": -15.46126410577232, "LElbowYaw": 0, "LAnklePitch": -7.269417322229785, "RHipRoll": -11.862611169272373, "RAnklePitch": -3.452262126189254, "LHipPitch": -87.52756260546356, "LKneePitch": 11.357448395570003, "LHipRoll": 0.029790906327163694, "RHipPitch": -80.17602940021428, "LElbowRoll": -59.265699780689104, "RKneePitch": 13.1026384132077, "RElbowRoll": 38.622812949367585, "RElbowYaw": 20.74796302441907, "RShoulderPitch": 14.545080079132575}}