{"supportLeg": "Legs", "angles": {"LShoulderRoll": 21.67925075117834, "LShoulderPitch": 77.13381831192228, "RShoulderRoll": -14.580934993990393, "LElbowYaw": 0, "LAnklePitch": -7.551017131318204, "RHipRoll": -11.70938560102828, "RAnklePitch": -3.6347330772099866, "LHipPitch": -87.88106157500883, "LKneePitch": 11.229034958370107, "LHipRoll": 0.029042744349183268, "RHipPitch": -79.30794797716388, "LElbowRoll": -55.417094419378984, "RKneePitch": 14.168600249160392, "RElbowRoll": 38.85088269656035, "RElbowYaw": 20.871731801141678, "RShoulderPitch": 14.421634968326913}}