{"supportLeg": "Legs", "angles": {"LShoulderRoll": 17.214976561236384, "LShoulderPitch": 76.4708285975239, "RShoulderRoll": -14.917840506760658, "LElbowYaw": 0, "LAnklePitch": -8.246491481699621, "RHipRoll": -11.853347634854277, "RAnklePitch": -3.769242707681343, "LHipPitch": -87.95568775820014, "LKneePitch": 11.718374642631744, "LHipRoll": 0.02829588075682466, "RHipPitch": -78.98710862871958, "LElbowRoll": -50.1822700455524, "RKneePitch": 14.64792858113097, "RElbowRoll": 38.25899980454565, "RElbowYaw": 22.5919475369316, "RShoulderPitch": 13.860582583132967}}