{"supportLeg": "Legs", "angles": {"LShoulderRoll": 15.926812509702815, "LShoulderPitch": 77.11101811985696, "RShoulderRoll": -15.122479156517885, "LElbowYaw": 0, "LAnklePitch": -8.73393470537448, "RHipRoll": -12.146135936769634, "RAnklePitch": -4.124136630916681, "LHipPitch": -88, "LKneePitch": 12.143404479912988, "LHipRoll": 0.02555568911544521, "RHipPitch": -78.66976361891051, "LElbowRoll": -47.46696222165457, "RKneePitch": 15.440840756549818, "RElbowRoll": 38.20236962067216, "RElbowYaw": 23.29638789040991, "RShoulderPitch": 13.570939501072473}}