{"supportLeg": "Legs", "angles": {"LShoulderRoll": 14.1412535634926, "LShoulderPitch": 76.6829745307396, "RShoulderRoll": -15.059886140605395, "LElbowYaw": 0, "LAnklePitch": -8.976857140455522, "RHipRoll": -12.219223742386056, "RAnklePitch": -4.29143378956347, "LHipPitch": -88, "LKneePitch": 12.36511217751189, "LHipRoll": 0.025474108604785033, "RHipPitch": -79.175053261794, "LElbowRoll": -42.46601834056156, "RKneePitch": 15.156836077831969, "RElbowRoll": 38.41635949851204, "RElbowYaw": 24.06377615812208, "RShoulderPitch": 13.102829778661757}}