{"supportLeg": "Legs", "angles": {"LShoulderRoll": 13.740788911495919, "LShoulderPitch": 77.29634365734229, "RShoulderRoll": -14.835894467192311, "LElbowYaw": 0, "LAnklePitch": -8.94425717180718, "RHipRoll": -12.033297845484851, "RAnklePitch": -4.2586625362657315, "LHipPitch": -88, "LKneePitch": 12.006550475308785, "LHipRoll": 0.023851929813153185, "RHipPitch": -79.89368173415522, "LElbowRoll": -39.86765605704525, "RKneePitch": 14.361113881707297, "RElbowRoll": 42.91317806777565, "RElbowYaw": 24.616478277650195, "RShoulderPitch": 10.401468453703643}}