{"supportLeg": "Legs", "angles": {"LShoulderRoll": 13.83209803242447, "LShoulderPitch": 76.82177659128187, "RShoulderRoll": -14.639202105106342, "LElbowYaw": -90, "LAnklePitch": -9.001880715242194, "RHipRoll": -12.063120677970515, "RAnklePitch": -4.465594019725813, "LHipPitch": -88, "LKneePitch": 12.063762005857939, "LHipRoll": 0.020385253692635743, "RHipPitch": -79.6994307290476, "LElbowRoll": -40.5906006323942, "RKneePitch": 14.89468278150511, "RElbowRoll": 43.14445214581502, "RElbowYaw": 25.352927938568875, "RShoulderPitch": 9.963631592294092}}