{"supportLeg": "Legs", "angles": {"LShoulderRoll": 15.07969209502165, "LShoulderPitch": 76.3280766436924, "RShoulderRoll": -14.47335360755995, "LElbowYaw": -90, "LAnklePitch": -9.10782061393877, "RHipRoll": -12.168388349401635, "RAnklePitch": -5.123726492253169, "LHipPitch": -88, "LKneePitch": 11.692090859569134, "LHipRoll": 0.020100136244548483, "RHipPitch": -78.60854452359533, "LElbowRoll": -42.818163243824216, "RKneePitch": 16.941841724604018, "RElbowRoll": 41.27907878236843, "RElbowYaw": 25.68433900947752, "RShoulderPitch": 10.907848959196059}}