{"supportLeg": "Legs", "angles": {"LShoulderRoll": 15.073798351551966, "LShoulderPitch": 75.76732509977228, "RShoulderRoll": -13.975474020205498, "LElbowYaw": 0, "LAnklePitch": -9.493714320165367, "RHipRoll": -12.029976735556884, "RAnklePitch": -3.595463740988606, "LHipPitch": -88, "LKneePitch": 11.721161882469914, "LHipRoll": 0.009707846564669118, "RHipPitch": -76.58852464415685, "LElbowRoll": -43.22207425294411, "RKneePitch": 17.76039948621272, "RElbowRoll": 43.26339322967269, "RElbowYaw": 26.656971949701692, "RShoulderPitch": 9.428535833208002}}