{"supportLeg": "Legs", "angles": {"LShoulderRoll": 13.686027211610016, "LShoulderPitch": 76.2789525185316, "RShoulderRoll": -13.62681357919361, "LElbowYaw": -90, "LAnklePitch": -10.308014516969237, "RHipRoll": -12.10961827208073, "RAnklePitch": -68, "LHipPitch": -88, "LKneePitch": 12.167784009469415, "LHipRoll": 0.0013128263242456627, "RHipPitch": -74.89599086056937, "LElbowRoll": -41.68869728406335, "RKneePitch": 13.45257246222937, "RElbowRoll": 44.090871918589414, "RElbowYaw": 28.139339209782328, "RShoulderPitch": 8.359070259197296}}