{"supportLeg": "Legs", "angles": {"LShoulderRoll": 31.115152373787737, "LShoulderPitch": 3.512373509578353, "RShoulderRoll": -26.14359281128578, "LElbowYaw": 62.41544176533746, "LAnklePitch": -2.2646511759877797, "RHipRoll": 0.8243769971853965, "RAnklePitch": 3.589964767643039, "LHipPitch": 7.0445055705474715, "LKneePitch": 9.310092350896525, "LHipRoll": -3.883096333182806, "RHipPitch": -0.48467109992736823, "LElbowRoll": -31.79000556719319, "RKneePitch": 6.069218814634354, "RElbowRoll": 21.058466834554537, "RElbowYaw": 78.83618372870818, "RShoulderPitch": -2.7547132513762222}}