{"supportLeg": "Legs", "angles": {"LShoulderRoll": 15.852510200107817, "LShoulderPitch": 75.72114231857488, "RShoulderRoll": -15.14413563082436, "LElbowYaw": 0, "LAnklePitch": -11.22776865757129, "RHipRoll": -13.068879084964019, "RAnklePitch": -68, "LHipPitch": -0.243630002891166, "LKneePitch": 12.40376241773913, "LHipRoll": -0.008223596977781139, "RHipPitch": -72.99967558567194, "LElbowRoll": -45.192182039564784, "RKneePitch": 13.467440409833443, "RElbowRoll": 41.254321465839155, "RElbowYaw": 27.908007521069102, "RShoulderPitch": 9.757827250459002}}