{"supportLeg": "Legs", "angles": {"LShoulderRoll": 18.644808236400014, "LShoulderPitch": 77.36224674480196, "RShoulderRoll": -14.898892943852585, "LElbowYaw": 0, "LAnklePitch": -12.286624757928351, "RHipRoll": -13.440829744485828, "RAnklePitch": -68, "LHipPitch": -2.090632315942372, "LKneePitch": 11.900051629322434, "LHipRoll": -0.03600641531316211, "RHipPitch": -71.32825046219682, "LElbowRoll": -48.69880291279122, "RKneePitch": 4.810393884123442, "RElbowRoll": 40.761596477801675, "RElbowYaw": 30.173992026701022, "RShoulderPitch": 9.142175414306621}}