{"supportLeg": "Legs", "angles": {"LShoulderRoll": 19.403584672362427, "LShoulderPitch": 78.79833583449054, "RShoulderRoll": -15.162892830845323, "LElbowYaw": 0, "LAnklePitch": -13.91736693727023, "RHipRoll": -13.85116478106578, "RAnklePitch": -68, "LHipPitch": -3.4465405353049903, "LKneePitch": 12.256638545633393, "LHipRoll": -0.06675246435755464, "RHipPitch": -69.80452997222788, "LElbowRoll": -51.47066404888599, "RKneePitch": 2.3015010658712924, "RElbowRoll": 41.475079858664174, "RElbowYaw": 35.96204763938519, "RShoulderPitch": 5.785607731408533}}