{"supportLeg": "Legs", "angles": {"LShoulderRoll": 19.39297083844972, "LShoulderPitch": 77.72891779952431, "RShoulderRoll": -14.41270712024942, "LElbowYaw": 0, "LAnklePitch": -15.53625046336218, "RHipRoll": -12.286788284946198, "RAnklePitch": -67.91375148214146, "LHipPitch": -6.568144872174599, "LKneePitch": 10.415753967838242, "LHipRoll": -0.08809733022187756, "RHipPitch": -68.8438057321862, "LElbowRoll": -65.17372808482763, "RKneePitch": 2.380716039965506, "RElbowRoll": 41.25642248444424, "RElbowYaw": 41.38820480927301, "RShoulderPitch": 3.476268734144469}}