{"supportLeg": "Legs", "angles": {"LShoulderRoll": 39.191819852220725, "LShoulderPitch": 61.10595089508199, "RShoulderRoll": -14.661748004650294, "LElbowYaw": 0, "LAnklePitch": -20.13974824510707, "RHipRoll": -9.695491195563864, "RAnklePitch": -68, "LHipPitch": -12.08815943179755, "LKneePitch": 8.486875514045579, "LHipRoll": -0.13649603759281392, "RHipPitch": -70.1310067025064, "LElbowRoll": -81.72747190137562, "RKneePitch": 4.281984923222893, "RElbowRoll": 42.70635063856517, "RElbowYaw": 44.71362983577134, "RShoulderPitch": 0.7719512356364362}}