{"supportLeg": "Legs", "angles": {"LShoulderRoll": 43.03651007533539, "LShoulderPitch": 51.211079161368744, "RShoulderRoll": -9.809921412466277, "LElbowYaw": 0, "LAnklePitch": -26.001113693355336, "RHipRoll": -8.98240845879866, "RAnklePitch": -68, "LHipPitch": -8.735744707951426, "LKneePitch": 17.069713271148487, "LHipRoll": -0.17701069214737133, "RHipPitch": -71.95328367194088, "LElbowRoll": -82.87126046623916, "RKneePitch": 9.476562972051852, "RElbowRoll": 41.10889693504009, "RElbowYaw": 50.056388992019784, "RShoulderPitch": 0.068595300501201}}