{"supportLeg": "Legs", "angles": {"LShoulderRoll": 43.21877226081149, "LShoulderPitch": 34.64580910818639, "RShoulderRoll": -7.08634264683097, "LElbowYaw": 0, "LAnklePitch": -32.407993055121786, "RHipRoll": -2.8164624841990786, "RAnklePitch": -68, "LHipPitch": -87.28793060030604, "LKneePitch": 34.76130420960021, "LHipRoll": -0.1564112695220678, "RHipPitch": -76.01216966233666, "LElbowRoll": -79.78724314653034, "RKneePitch": 8.377347598873598, "RElbowRoll": 43.85903937232624, "RElbowYaw": 46.30965999796548, "RShoulderPitch": 0.2606606730132768}}