{"supportLeg": "Legs", "angles": {"LShoulderRoll": 39.87022724090923, "LShoulderPitch": 21.332378107355865, "RShoulderRoll": -7.800384627438498, "LElbowYaw": 0, "LAnklePitch": -29.390429028093557, "RHipRoll": 1.7150472640734822, "RAnklePitch": -68, "LHipPitch": -74.3978698103782, "LKneePitch": 44.74164599045892, "LHipRoll": -0.10132074800659317, "RHipPitch": -80.91930921752169, "LElbowRoll": -68.16245582262859, "RKneePitch": 6.549894354947384, "RElbowRoll": 41.74090350142484, "RElbowYaw": 49.416431202635515, "RShoulderPitch": -0.49724284846442135}}