{"supportLeg": "Legs", "angles": {"LShoulderRoll": 36.05015433675099, "LShoulderPitch": 12.116988905206313, "RShoulderRoll": -5.415190071680724, "LElbowYaw": 43.11501644382432, "LAnklePitch": -20.90110375347301, "RHipRoll": 4.117954948914568, "RAnklePitch": -68, "LHipPitch": -62.04470248735886, "LKneePitch": 48.886186242638445, "LHipRoll": -0.010193729228722453, "RHipPitch": -84.32509196723059, "LElbowRoll": -56.26105966483841, "RKneePitch": 6.670998261455139, "RElbowRoll": 45.50354845871291, "RElbowYaw": 50.24898214917847, "RShoulderPitch": -2.556270608476522}}