{"supportLeg": "Legs", "angles": {"LShoulderRoll": 35.02183012006305, "LShoulderPitch": 4.114262813765393, "RShoulderRoll": -7.348176405880695, "LElbowYaw": 53.5484923077483, "LAnklePitch": -68, "RHipRoll": -0.7335614297302516, "RAnklePitch": -9.309828096463917, "LHipPitch": -55.519662818906234, "LKneePitch": 20.976744897329894, "LHipRoll": 0.07478566952857592, "RHipPitch": -86.34444657900757, "LElbowRoll": -45.816760482739284, "RKneePitch": 22.377227994768447, "RElbowRoll": 49.66565544166238, "RElbowYaw": 40.22811462206757, "RShoulderPitch": -0.20461137777379407}}