{"supportLeg": "Legs", "angles": {"LShoulderRoll": 31.359003259473454, "LShoulderPitch": 3.858677039250466, "RShoulderRoll": -27.017629743903935, "LElbowYaw": 62.44187843641775, "LAnklePitch": -2.2862481719073173, "RHipRoll": 1.130057454475775, "RAnklePitch": 3.9543637363567257, "LHipPitch": 7.838892499364505, "LKneePitch": 10.247321790866465, "LHipRoll": -3.62759222141716, "RHipPitch": -0.5094785182725445, "LElbowRoll": -31.517630151936316, "RKneePitch": 6.186490005997513, "RElbowRoll": 20.481861291170475, "RElbowYaw": 80.1070171856591, "RShoulderPitch": -2.9497356180621903}}