{"supportLeg": "Legs", "angles": {"LShoulderRoll": 36.93741646550953, "LShoulderPitch": 1.3983240996433466, "RShoulderRoll": -6.320559955336701, "LElbowYaw": 56.54952048133348, "LAnklePitch": -64.92204790350158, "RHipRoll": -0.8397993433897301, "RAnklePitch": -15.426132509348875, "LHipPitch": -60.884064254818895, "LKneePitch": 6.81162122588978, "LHipRoll": 0.11218334593451328, "RHipPitch": -86.66249902375517, "LElbowRoll": -45.62042407120751, "RKneePitch": 26.630183796405447, "RElbowRoll": 45.82832527121445, "RElbowYaw": 33.05947299506974, "RShoulderPitch": 5.526038363046709}}