{"supportLeg": "Legs", "angles": {"LShoulderRoll": 36.369310119525124, "LShoulderPitch": 0.3144779190892564, "RShoulderRoll": -5.896518579601188, "LElbowYaw": 60.85344625482781, "LAnklePitch": -68, "RHipRoll": 7.6717961767738165, "RAnklePitch": -24.125355506039256, "LHipPitch": -63.21764778315459, "LKneePitch": 13.201955909449339, "LHipRoll": 0.09828069125552472, "RHipPitch": -81.2861582582357, "LElbowRoll": -42.91088206684191, "RKneePitch": 33.37258869199317, "RElbowRoll": 38.548949241972224, "RElbowYaw": 28.62874464051933, "RShoulderPitch": 11.568395295116304}}