{"supportLeg": "Legs", "angles": {"LShoulderRoll": 35.098132785017604, "LShoulderPitch": 3.524926791178345, "RShoulderRoll": -8.431749684088665, "LElbowYaw": 59.65644482376029, "LAnklePitch": -68, "RHipRoll": -6.436210485188735, "RAnklePitch": -29.48995471460455, "LHipPitch": -64.19994995686696, "LKneePitch": 24.81523680684205, "LHipRoll": 0.13997709860552787, "RHipPitch": -2.6070649771511825, "LElbowRoll": -41.017271208582855, "RKneePitch": 39.630139602053134, "RElbowRoll": 47.505061809105854, "RElbowYaw": 29.100905980795815, "RShoulderPitch": 6.373269019007282}}