{"supportLeg": "Legs", "angles": {"LShoulderRoll": 36.403005251756014, "LShoulderPitch": 6.791636523096784, "RShoulderRoll": -11.323746006349063, "LElbowYaw": 54.96658669985651, "LAnklePitch": -1.6321747184950652, "RHipRoll": -7.040558896642381, "RAnklePitch": -33.8534276458452, "LHipPitch": -68.19173870690516, "LKneePitch": 26.09853377921607, "LHipRoll": 0.1442862860292986, "RHipPitch": -85.12149718642941, "LElbowRoll": -45.3653563801559, "RKneePitch": 48.36657512517138, "RElbowRoll": 55.34387718983899, "RElbowYaw": 26.990271516686555, "RShoulderPitch": 3.054168014264377}}