{"supportLeg": "Legs", "angles": {"LShoulderRoll": 26.175538517096935, "LShoulderPitch": 12.205162411533522, "RShoulderRoll": -15.828930925028969, "LElbowYaw": 42.349149226664366, "LAnklePitch": -0.15691348109227476, "RHipRoll": -4.836644166735998, "RAnklePitch": -36.42398666880178, "LHipPitch": -74.51976835441955, "LKneePitch": 29.44407028866371, "LHipRoll": 0.13804817127199187, "RHipPitch": -76.12521562572012, "LElbowRoll": -42.69234958151975, "RKneePitch": 55.860137633478146, "RElbowRoll": 51.908783396241006, "RElbowYaw": 29.789497556981715, "RShoulderPitch": 3.031542517042638}}