{"supportLeg": "Legs", "angles": {"LShoulderRoll": 17.94842007252448, "LShoulderPitch": 19.76355756914866, "RShoulderRoll": -13.742180875419653, "LElbowYaw": 0, "LAnklePitch": -19.313151815049395, "RHipRoll": -5.78262107710823, "RAnklePitch": -18.94201292699225, "LHipPitch": -77.87187271249367, "LKneePitch": 40.49038520254595, "LHipRoll": -0.029067643076909743, "RHipPitch": -68.18411438832855, "LElbowRoll": -42.61113932952233, "RKneePitch": 45.9318151421534, "RElbowRoll": 43.210310067161856, "RElbowYaw": 41.867795914055016, "RShoulderPitch": 1.658611910374134}}