{"supportLeg": "RLeg", "angles": {"LShoulderRoll": 22.015210092189037, "LShoulderPitch": 15.737542908198833, "RShoulderRoll": -16.668542014416136, "LElbowYaw": 0, "LAnklePitch": -4.465105077935917, "RHipRoll": -10.481840104784474, "RAnklePitch": -63.33486078980194, "LHipPitch": -80.81159224113273, "LKneePitch": 15.596013497848645, "LHipRoll": -0.07633849521857486, "RHipPitch": -64.94170328517151, "LElbowRoll": -60.985935694680606, "RKneePitch": 1.5900436867889596, "RElbowRoll": 23.619030763580014, "RElbowYaw": 60.32721597623369, "RShoulderPitch": 2.483920113966448}}