{"supportLeg": "RLeg", "angles": {"LShoulderRoll": 18.98110874734192, "LShoulderPitch": 15.132269997997795, "RShoulderRoll": -12.40454054499575, "LElbowYaw": 0, "LAnklePitch": -12.900930294428434, "RHipRoll": -5.915000760478485, "RAnklePitch": -65.89564459410352, "LHipPitch": -80.64494573423984, "LKneePitch": 22.227287845966316, "LHipRoll": -0.056241866249423324, "RHipPitch": -67.523160220755, "LElbowRoll": -77.18958355161625, "RKneePitch": 1.6215431225799932, "RElbowRoll": 21.096558150605972, "RElbowYaw": 69.08852216731611, "RShoulderPitch": -0.3554299199564689}}