{"supportLeg": "Legs", "angles": {"LShoulderRoll": 3.4598895613745215, "LShoulderPitch": 16.50871366001688, "RShoulderRoll": -17.334799235536057, "LElbowYaw": 0, "LAnklePitch": -50.13654457196099, "RHipRoll": -8.252397328573398, "RAnklePitch": -68, "LHipPitch": -52.11651974954353, "LKneePitch": 1.976261019330991, "LHipRoll": -0.1315662756132106, "RHipPitch": -78.62499146962553, "LElbowRoll": -62.3465726041657, "RKneePitch": 121, "RElbowRoll": 34.64832869394513, "RElbowYaw": 84.67803843774982, "RShoulderPitch": -10.12656845034476}}