{"supportLeg": "Legs", "angles": {"LShoulderRoll": -16.609613540984892, "LShoulderPitch": 60.024125060734406, "RShoulderRoll": 9.364932519177346, "LElbowYaw": 0, "LAnklePitch": -39.04618391156097, "RHipRoll": -12.368186160723601, "RAnklePitch": -68, "LHipPitch": -40.6610116916122, "LKneePitch": 1.6169287493710272, "LHipRoll": 0.12172540460348602, "RHipPitch": -88, "LElbowRoll": -47.373894843195785, "RKneePitch": 121, "RElbowRoll": 55.90277703532952, "RElbowYaw": 0, "RShoulderPitch": -21.77077572754687}}