{"supportLeg": "Legs", "angles": {"LShoulderRoll": 31.786563590212236, "LShoulderPitch": 3.9597638482515833, "RShoulderRoll": -28.663594570954064, "LElbowYaw": 62.1802909585721, "LAnklePitch": -1.9870871625611528, "RHipRoll": 1.9438493063319413, "RAnklePitch": 4.423876297131329, "LHipPitch": 7.991769928801347, "LKneePitch": 10.134878633152368, "LHipRoll": -2.295382380588336, "RHipPitch": -0.29759061267273523, "LElbowRoll": -31.748749190202744, "RKneePitch": 6.312191191401695, "RElbowRoll": 21.33512800704753, "RElbowYaw": 80.30161772949805, "RShoulderPitch": -2.956108127741716}}