{"supportLeg": "Legs", "angles": {"LShoulderRoll": -29.07306565258389, "LShoulderPitch": 76.18555709506596, "RShoulderRoll": 9.384370295524144, "LElbowYaw": -90, "LAnklePitch": -98.32844479114137, "RHipRoll": -39.266303837491016, "RAnklePitch": -68, "LHipPitch": -41.50602589409105, "LKneePitch": 121, "LHipRoll": -0.08642232510770437, "RHipPitch": -77.68356276311836, "LElbowRoll": -73.0995173312563, "RKneePitch": 121, "RElbowRoll": 59.653072042817456, "RElbowYaw": 0, "RShoulderPitch": -25.7922207486988}}