{"supportLeg": "Legs", "angles": {"LShoulderRoll": -14.210299935509768, "LShoulderPitch": 33.52938723833158, "RShoulderRoll": 9.384366357311501, "LElbowYaw": 0, "LAnklePitch": -97.60736263718131, "RHipRoll": -5.411315409864447, "RAnklePitch": -176.24993054963338, "LHipPitch": -45.78565713823693, "LKneePitch": 121, "LHipRoll": 0.33896446562397775, "RHipPitch": -76.90245500480916, "LElbowRoll": -20.911951773739275, "RKneePitch": 121, "RElbowRoll": 59.65618880160417, "RElbowYaw": 0, "RShoulderPitch": -25.79592218009836}}