{"supportLeg": "RLeg", "angles": {"LShoulderRoll": -16.178983176086838, "LShoulderPitch": 29.843266310825776, "RShoulderRoll": 9.384370109658699, "LElbowYaw": 33.14464484546958, "LAnklePitch": -98.17446647172736, "RHipRoll": -4.546659961182944, "RAnklePitch": -56.57101650007049, "LHipPitch": -6.2000661106799555, "LKneePitch": 91.01555315099668, "LHipRoll": -0.011751550145319077, "RHipPitch": -58.722307862178766, "LElbowRoll": -2.7677758082408843, "RKneePitch": 2.148388019589248, "RElbowRoll": 59.65867351773828, "RElbowYaw": 0, "RShoulderPitch": -25.79812870041913}}