{"supportLeg": "Legs", "angles": {"LShoulderRoll": -23.99259503801397, "LShoulderPitch": 24.085429115166633, "RShoulderRoll": 9.38436947240581, "LElbowYaw": 46.40682192573037, "LAnklePitch": -62.53409558860042, "RHipRoll": -24.129237060962556, "RAnklePitch": -169.78385233846544, "LHipPitch": -64.82260431141012, "LKneePitch": 2.2880229119957676, "LHipRoll": -0.026452391398845636, "RHipPitch": -71.66544816059145, "LElbowRoll": -4.280027432116924, "RKneePitch": 121, "RElbowRoll": 139.11946049934124, "RElbowYaw": 0, "RShoulderPitch": -25.80088179392462}}