{"supportLeg": "Legs", "angles": {"LShoulderRoll": 35.3922444931604, "LShoulderPitch": 5.580202834146036, "RShoulderRoll": -33.961537712100586, "LElbowYaw": 59.37278516199366, "LAnklePitch": 1.0508440642717005, "RHipRoll": 2.484385927452678, "RAnklePitch": 4.6880325648135965, "LHipPitch": 7.13426426978404, "LKneePitch": 6.108781321157835, "LHipRoll": 0.6236264011955086, "RHipPitch": -0.014960338405188622, "LElbowRoll": -34.96556904079969, "RKneePitch": 5.622668884951452, "RElbowRoll": 29.707216050555786, "RElbowYaw": 71.55892488413552, "RShoulderPitch": -0.7410266821624778}}