{"supportLeg": "Legs", "angles": {"LShoulderRoll": 38.21052227768894, "LShoulderPitch": 10.1031918096498, "RShoulderRoll": -37.606708022373184, "LElbowYaw": 48.7985553313876, "LAnklePitch": 2.332639951569007, "RHipRoll": 3.296152431198351, "RAnklePitch": 5.534682340107082, "LHipPitch": 8.103386760756194, "LKneePitch": 6.066497012035711, "LHipRoll": 0.4445056919939816, "RHipPitch": 0.5364761838839627, "LElbowRoll": -37.953677862549796, "RKneePitch": 5.129360536431534, "RElbowRoll": 33.709437200579316, "RElbowYaw": 58.77921684462103, "RShoulderPitch": 3.976906498038062}}