{"supportLeg": "Legs", "angles": {"LShoulderRoll": 40.603430553551405, "LShoulderPitch": 16.40297133200282, "RShoulderRoll": -40.215876103402145, "LElbowYaw": 38.78805325503141, "LAnklePitch": 4.844154496506405, "RHipRoll": 3.228494683223147, "RAnklePitch": 5.317618310573408, "LHipPitch": 8.322279058452125, "LKneePitch": 3.572596006541687, "LHipRoll": 0.963363390770013, "RHipPitch": 0.7909201281810567, "LElbowRoll": -39.56942159202433, "RKneePitch": 4.526759669695764, "RElbowRoll": 31.858434345398763, "RElbowYaw": 51.15754394505883, "RShoulderPitch": 10.855966405387136}}