{"supportLeg": "Legs", "angles": {"LShoulderRoll": 30.171327588095913, "LShoulderPitch": 98.13307977885384, "RShoulderRoll": -3.5781455521958834, "LElbowYaw": -39.332856680251815, "LElbowRoll": -28.250709857053153, "RElbowRoll": 20.631584870031077, "RElbowYaw": 90, "RShoulderPitch": 76.17985216577625}}