{"supportLeg": "Legs", "angles": {"LShoulderRoll": 40.106408829223035, "LShoulderPitch": 21.53474863734924, "RShoulderRoll": -42.41466465611665, "LElbowYaw": 29.95772077832364, "LAnklePitch": 4.514550702881479, "RHipRoll": 2.6919437691003054, "RAnklePitch": 5.697710472176567, "LHipPitch": 7.686009892253679, "LKneePitch": 3.1693545942848402, "LHipRoll": 2.1191452129080233, "RHipPitch": 0.5085722568451558, "LElbowRoll": -38.67833754721255, "RKneePitch": 5.268087926837154, "RElbowRoll": 31.044347309611226, "RElbowYaw": 44.64702504650205, "RShoulderPitch": 15.74727799920987}}