{"supportLeg": "Legs", "angles": {"LShoulderRoll": 39.83144109508948, "LShoulderPitch": 22.000751546236017, "RShoulderRoll": -43.6817957955404, "LElbowYaw": 28.285392462552785, "LAnklePitch": 4.133964325340315, "RHipRoll": 2.1929730950103306, "RAnklePitch": 5.376591924032397, "LHipPitch": 7.226858212631441, "LKneePitch": 3.1136186432484863, "LHipRoll": 2.5236593339858473, "RHipPitch": -0.10630860341612447, "LElbowRoll": -40.11525830584412, "RKneePitch": 5.493025596508289, "RElbowRoll": 30.725444979640827, "RElbowYaw": 40.47794401612186, "RShoulderPitch": 18.532747124162498}}