{"supportLeg": "Legs", "angles": {"LShoulderRoll": 40.48113524329474, "LShoulderPitch": 23.557820946174246, "RShoulderRoll": -44.40374219845719, "LElbowYaw": 0, "LAnklePitch": 3.4310508789400274, "RHipRoll": 2.7309204211835834, "RAnklePitch": 4.255350207377262, "LHipPitch": 5.868552211006488, "LKneePitch": 2.4521693731917082, "LHipRoll": 2.9439898882686464, "RHipPitch": -0.3771698701810351, "LElbowRoll": -42.93722673008759, "RKneePitch": 5.109859370059951, "RElbowRoll": 34.699467561957135, "RElbowYaw": 36.0776640114841, "RShoulderPitch": 20.570800116301513}}