{"supportLeg": "Legs", "angles": {"LShoulderRoll": 40.6311191726601, "LShoulderPitch": 28.280783592354723, "RShoulderRoll": -44.63678245346212, "LElbowYaw": 0, "LAnklePitch": 3.880078600871741, "RHipRoll": 2.5233027997161344, "RAnklePitch": 4.08603657865612, "LHipPitch": 4.725008265132487, "LKneePitch": 0.8831283916341874, "LHipRoll": 3.316873658738814, "RHipPitch": -0.8538173872819641, "LElbowRoll": -42.104934114151234, "RKneePitch": 5.381680407511993, "RElbowRoll": 35.21367365408972, "RElbowYaw": 35.58704881455009, "RShoulderPitch": 22.942489869553526}}