{"supportLeg": "Legs", "angles": {"LShoulderRoll": 41.09738688315431, "LShoulderPitch": 28.016445427980685, "RShoulderRoll": -44.88630159238314, "LElbowYaw": 0, "LAnklePitch": 3.576349081801908, "RHipRoll": 2.129787086316952, "RAnklePitch": 3.6152222852340117, "LHipPitch": 4.042113971458974, "LKneePitch": 1.1417318160657146, "LHipRoll": 3.687987983449972, "RHipPitch": -0.7571103184132824, "LElbowRoll": -44.25222919704953, "RKneePitch": 4.958634968404311, "RElbowRoll": 36.05747811797957, "RElbowYaw": 37.10953228190401, "RShoulderPitch": 23.154895424978562}}