{"supportLeg": "Legs", "angles": {"LShoulderRoll": 40.50614912830942, "LShoulderPitch": 28.886091749881388, "RShoulderRoll": -44.67508687430467, "LElbowYaw": 0, "LAnklePitch": 3.4858457803020144, "RHipRoll": 1.903398619756274, "RAnklePitch": 2.6327972466052927, "LHipPitch": 3.9373805968050988, "LKneePitch": 1.5218039269870758, "LHipRoll": 3.6960950886800674, "RHipPitch": -0.2874441290760217, "LElbowRoll": -44.295839192223895, "RKneePitch": 3.9928863600918874, "RElbowRoll": 37.435391751397646, "RElbowYaw": 39.93218489886297, "RShoulderPitch": 20.471859187575973}}