{"supportLeg": "Legs", "angles": {"LShoulderRoll": 39.824820743276184, "LShoulderPitch": 28.73803825690056, "RShoulderRoll": -44.53465949259268, "LElbowYaw": 0, "LAnklePitch": 3.515479529958725, "RHipRoll": 1.4348019794213371, "RAnklePitch": 2.1362862714581468, "LHipPitch": 3.528737593593604, "LKneePitch": 0.9545008780320359, "LHipRoll": 4.011998324389026, "RHipPitch": -0.3926810340886391, "LElbowRoll": -43.35958473205895, "RKneePitch": 3.2578494262798756, "RElbowRoll": 36.668652806391464, "RElbowYaw": 41.309723006492895, "RShoulderPitch": 19.52979261201442}}