{"supportLeg": "Legs", "angles": {"LShoulderRoll": 39.14173355553336, "LShoulderPitch": 27.58690799386367, "RShoulderRoll": -44.19490026496688, "LElbowYaw": 0, "LAnklePitch": 2.7858101924107928, "RHipRoll": 0.6938629654335671, "RAnklePitch": 1.3332712239681825, "LHipPitch": 3.062286765147803, "LKneePitch": 1.7809353457914483, "LHipRoll": 4.1014937590368845, "RHipPitch": -0.43230832272163866, "LElbowRoll": -43.33892401322129, "RKneePitch": 2.067647761043645, "RElbowRoll": 37.57089099995616, "RElbowYaw": 43.310253321199525, "RShoulderPitch": 16.661735269793226}}