{"supportLeg": "Legs", "angles": {"LShoulderRoll": 38.352319593184845, "LShoulderPitch": 25.961297555376817, "RShoulderRoll": -44.15964905956517, "LElbowYaw": 0, "LAnklePitch": 1.5950358967454292, "RHipRoll": 0.3309582053755662, "RAnklePitch": -0.6176346598376767, "LHipPitch": 2.464492957519383, "LKneePitch": 3.268524342428009, "LHipRoll": 3.838010755295329, "RHipPitch": -0.12785946407171878, "LElbowRoll": -43.913534387107404, "RKneePitch": 1.3092264011209807, "RElbowRoll": 35.98981414651101, "RElbowYaw": 45.913467639578485, "RShoulderPitch": 14.259779382513216}}