{"supportLeg": "Legs", "angles": {"LShoulderRoll": 38.66876282036389, "LShoulderPitch": 23.792755276947474, "RShoulderRoll": -43.63613392024429, "LElbowYaw": 0, "LAnklePitch": 0.9223290506643309, "RHipRoll": -0.48315410823622074, "RAnklePitch": -1.6238217717692862, "LHipPitch": 2.161599622854709, "LKneePitch": 4.290427850043159, "LHipRoll": 3.6544569746434945, "RHipPitch": -0.05791269008324207, "LElbowRoll": -46.10172888360381, "RKneePitch": 1.5800805988250204, "RElbowRoll": 35.51961246704781, "RElbowYaw": 45.75240156573778, "RShoulderPitch": 13.19952432131214}}