{"supportLeg": "Legs", "angles": {"LShoulderRoll": 28.1989124764254, "LShoulderPitch": 99.32351534554299, "RShoulderRoll": -3.9768227782047934, "LElbowYaw": -46.55584191431039, "LElbowRoll": -35.021875212763746, "RElbowRoll": 21.59801014087833, "RElbowYaw": 90, "RShoulderPitch": 78.63700177184086}}