{"supportLeg": "Legs", "angles": {"LShoulderRoll": 38.48103002501047, "LShoulderPitch": 23.05610265274619, "RShoulderRoll": -42.01668411238999, "LElbowYaw": 0, "LAnklePitch": -0.2117094875648604, "RHipRoll": -0.8884238956591162, "RAnklePitch": -2.9197546202292415, "LHipPitch": 2.23520858938943, "LKneePitch": 4.973293455142709, "LHipRoll": 3.6977324188982266, "RHipPitch": -0.014086198022170038, "LElbowRoll": -46.413019870764884, "RKneePitch": 2.9129772207548683, "RElbowRoll": 34.04905937556501, "RElbowYaw": 46.07394519137554, "RShoulderPitch": 12.421102858262586}}