{"supportLeg": "Legs", "angles": {"LShoulderRoll": 37.924540628259685, "LShoulderPitch": 22.75368385038952, "RShoulderRoll": -41.94580174558617, "LElbowYaw": 0, "LAnklePitch": -0.4141341059752506, "RHipRoll": -1.0830929607862458, "RAnklePitch": -3.1816858442814464, "LHipPitch": 1.9705827295776714, "LKneePitch": 4.738665292736897, "LHipRoll": 3.902953800653819, "RHipPitch": -0.31445814838883734, "LElbowRoll": -46.40188154437146, "RKneePitch": 2.882957485840336, "RElbowRoll": 34.863530420689244, "RElbowYaw": 46.67646292255773, "RShoulderPitch": 11.346553139761355}}