{"supportLeg": "Legs", "angles": {"LShoulderRoll": 37.61443514866699, "LShoulderPitch": 22.500608328958762, "RShoulderRoll": -40.78032285905347, "LElbowYaw": 0, "LAnklePitch": -0.7568802018018914, "RHipRoll": -1.3406829624809404, "RAnklePitch": -3.8634378932011657, "LHipPitch": 1.6334844591868034, "LKneePitch": 4.1828762198530285, "LHipRoll": 4.312255419650569, "RHipPitch": -0.6584747114330014, "LElbowRoll": -47.01441756720456, "RKneePitch": 3.2278444924307053, "RElbowRoll": 34.46371684385275, "RElbowYaw": 46.62580496236001, "RShoulderPitch": 10.710466428571635}}