{"supportLeg": "Legs", "angles": {"LShoulderRoll": 38.28864466923796, "LShoulderPitch": 22.16384650625716, "RShoulderRoll": -40.54167336327446, "LElbowYaw": 0, "LAnklePitch": -1.63901035292605, "RHipRoll": -1.650706924686574, "RAnklePitch": -4.895488717675079, "LHipPitch": 1.427813471854705, "LKneePitch": 4.7727034817363005, "LHipRoll": 4.363401207176167, "RHipPitch": -0.5439876834692257, "LElbowRoll": -48.332716801635, "RKneePitch": 4.446624614036466, "RElbowRoll": 35.56794389092536, "RElbowYaw": 46.32912220810594, "RShoulderPitch": 10.203061697977063}}