{"supportLeg": "Legs", "angles": {"LShoulderRoll": 37.932662898826095, "LShoulderPitch": 21.742332951395696, "RShoulderRoll": -39.96267695519474, "LElbowYaw": 0, "LAnklePitch": -2.7649725928302473, "RHipRoll": -2.277406772225703, "RAnklePitch": -7.228422354510457, "LHipPitch": 1.4425899155434365, "LKneePitch": 5.631404052556803, "LHipRoll": 4.561114132189488, "RHipPitch": 1.2068384163491714, "LElbowRoll": -49.271285421977154, "RKneePitch": 8.608667381558007, "RElbowRoll": 34.45936312642482, "RElbowYaw": 46.0675131575085, "RShoulderPitch": 10.433554007855392}}