{"supportLeg": "Legs", "angles": {"LShoulderRoll": 37.3817945662883, "LShoulderPitch": 21.882176556742266, "RShoulderRoll": -39.68603942994279, "LElbowYaw": 0, "LAnklePitch": -2.9549296134385656, "RHipRoll": -2.468689074913101, "RAnklePitch": -5.760825707231589, "LHipPitch": 1.1445010917940692, "LKneePitch": 5.614876183525496, "LHipRoll": 4.6653126240065035, "RHipPitch": 3.4778055423612955, "LElbowRoll": -49.29510487230351, "RKneePitch": 9.239069359818131, "RElbowRoll": 34.1502250628194, "RElbowYaw": 45.80381253067118, "RShoulderPitch": 10.30824934109836}}