{"supportLeg": "Legs", "angles": {"LShoulderRoll": 36.864341851743056, "LShoulderPitch": 21.637162668594968, "RShoulderRoll": -39.423143750494184, "LElbowYaw": 0, "LAnklePitch": -3.1371820250685687, "RHipRoll": -3.200459165771832, "RAnklePitch": -3.496313779392352, "LHipPitch": 1.1859417707292437, "LKneePitch": 6.213021772250073, "LHipRoll": 4.428258764282049, "RHipPitch": 4.725268062823773, "LElbowRoll": -48.55949367520054, "RKneePitch": 8.43033821143544, "RElbowRoll": 34.757488088981006, "RElbowYaw": 46.53220982014747, "RShoulderPitch": 8.488574954529938}}