{"supportLeg": "Legs", "angles": {"LShoulderRoll": 36.536909931710284, "LShoulderPitch": 21.501200230992836, "RShoulderRoll": -39.50016194885277, "LElbowYaw": 0, "LAnklePitch": -3.3566431349058234, "RHipRoll": -3.846551683598193, "RAnklePitch": 0.036325173181069204, "LHipPitch": 1.0245812804359673, "LKneePitch": 6.489611588167918, "LHipRoll": 4.406333683115378, "RHipPitch": 7.408974623529247, "LElbowRoll": -48.1085170228547, "RKneePitch": 7.363695032518905, "RElbowRoll": 34.19478159782446, "RElbowYaw": 46.79397722743355, "RShoulderPitch": 7.72002863104548}}