{"supportLeg": "Legs", "angles": {"LShoulderRoll": 36.442162521697824, "LShoulderPitch": 21.437727499040037, "RShoulderRoll": -39.52329815098858, "LElbowYaw": 0, "LAnklePitch": -3.427509166470884, "RHipRoll": -4.158193679683848, "RAnklePitch": 1.7741738109450012, "LHipPitch": 1.0895254977849902, "LKneePitch": 6.8167715778971285, "LHipRoll": 4.329396457709436, "RHipPitch": 9.361776386824971, "LElbowRoll": -48.29467476406694, "RKneePitch": 7.586397515609434, "RElbowRoll": 35.22708065726238, "RElbowYaw": 47.512411558871506, "RShoulderPitch": 6.257293640741793}}