{"supportLeg": "Legs", "angles": {"LShoulderRoll": 36.44056532101902, "LShoulderPitch": 21.44676459754311, "RShoulderRoll": -39.686889392986494, "LElbowYaw": 0, "LAnklePitch": -3.8861289804363537, "RHipRoll": -4.293060734951069, "RAnklePitch": 6.726286061869786, "LHipPitch": 1.03486366208881, "LKneePitch": 7.156232694818613, "LHipRoll": 4.421028545043185, "RHipPitch": 9.498695759876057, "LElbowRoll": -48.448648464688404, "RKneePitch": 6.664513690124636, "RElbowRoll": 35.50808583528362, "RElbowYaw": 47.88135013882941, "RShoulderPitch": 5.690374054764192}}