{"supportLeg": "Legs", "angles": {"LShoulderRoll": 27.215891096949115, "LShoulderPitch": 96.69021250958386, "RShoulderRoll": -4.569580739308387, "LElbowYaw": -47.46145443601274, "LElbowRoll": -43.21143861107606, "RElbowRoll": 22.959608772064485, "RElbowYaw": -166.75408779253877, "RShoulderPitch": 78.9670347174443}}