{"supportLeg": "Legs", "angles": {"LShoulderRoll": 36.82973208826677, "LShoulderPitch": 21.295444127342577, "RShoulderRoll": -39.82516665000021, "LElbowYaw": 0, "LAnklePitch": -4.3303791508995175, "RHipRoll": -4.4666259878481185, "RAnklePitch": 7.407819079841573, "LHipPitch": 1.2654851607623243, "LKneePitch": 8.127523216634529, "LHipRoll": 4.139472191272063, "RHipPitch": 9.90920204426132, "LElbowRoll": -49.300569450335416, "RKneePitch": 5.178952743021057, "RElbowRoll": 35.79787372248941, "RElbowYaw": 47.21656003463635, "RShoulderPitch": 5.726306681765735}}