{"supportLeg": "Legs", "angles": {"LShoulderRoll": 37.8017133450407, "LShoulderPitch": 21.149405684906085, "RShoulderRoll": -39.71941998844578, "LElbowYaw": 0, "LAnklePitch": -4.768124954217683, "RHipRoll": -4.396013318190825, "RAnklePitch": 8.775780263539303, "LHipPitch": 1.0166763020620806, "LKneePitch": 8.645400288075592, "LHipRoll": 4.202046343061852, "RHipPitch": 10.410334587912985, "LElbowRoll": -49.6374151769661, "RKneePitch": 5.555171318421799, "RElbowRoll": 35.83257731690142, "RElbowYaw": 46.2041026157035, "RShoulderPitch": 6.106172807604736}}