{"supportLeg": "Legs", "angles": {"LShoulderRoll": 37.838387472167156, "LShoulderPitch": 21.3530412218726, "RShoulderRoll": -39.61031445627679, "LElbowYaw": 0, "LAnklePitch": -4.7039804210099305, "RHipRoll": -4.327628729872373, "RAnklePitch": 9.078588051017135, "LHipPitch": 0.7678662484326821, "LKneePitch": 8.456313345399735, "LHipRoll": 4.317636733565678, "RHipPitch": 10.519922124872437, "LElbowRoll": -49.39036176752836, "RKneePitch": 3.9114663132748717, "RElbowRoll": 34.66642322354133, "RElbowYaw": 45.90010702632661, "RShoulderPitch": 7.014032889302655}}