{"supportLeg": "Legs", "angles": {"LShoulderRoll": 38.08324072710396, "LShoulderPitch": 21.35990081938931, "RShoulderRoll": -39.47899690383214, "LElbowYaw": 30.737022922589375, "LAnklePitch": -5.092545950475056, "RHipRoll": -3.859180271202831, "RAnklePitch": 8.265802842917452, "LHipPitch": 1.2265834993303315, "LKneePitch": 9.15592553946584, "LHipRoll": 3.8100113594481684, "RHipPitch": 10.573986951859894, "LElbowRoll": -54.064123662096435, "RKneePitch": 4.058974968114427, "RElbowRoll": 33.4631664365256, "RElbowYaw": 46.397099204433374, "RShoulderPitch": 7.273657331797736}}