{"supportLeg": "Legs", "angles": {"LShoulderRoll": 37.77794797847837, "LShoulderPitch": 21.18934595673214, "RShoulderRoll": -39.364282928613875, "LElbowYaw": 0, "LAnklePitch": -4.159488238587443, "RHipRoll": -3.7777798773559255, "RAnklePitch": 6.145545238030508, "LHipPitch": -0.21268127505655343, "LKneePitch": 6.754251119510144, "LHipRoll": 4.536300165490303, "RHipPitch": 10.324500004939097, "LElbowRoll": -51.483284901098415, "RKneePitch": 4.545995317542378, "RElbowRoll": 33.83087253279339, "RElbowYaw": 46.27012539379769, "RShoulderPitch": 7.318078461551195}}