{"supportLeg": "Legs", "angles": {"LShoulderRoll": 37.83197066265648, "LShoulderPitch": 20.2758985075089, "RShoulderRoll": -38.578835919645805, "LElbowYaw": 0, "LAnklePitch": -4.978571461607572, "RHipRoll": -3.304632173322659, "RAnklePitch": 6.013826240116089, "LHipPitch": 0.5898852256360954, "LKneePitch": 8.641298254872964, "LHipRoll": 3.2835046778417336, "RHipPitch": 9.80702640274285, "LElbowRoll": -50.817649321142994, "RKneePitch": 4.197054738937368, "RElbowRoll": 31.89690892933828, "RElbowYaw": 44.17503655652057, "RShoulderPitch": 9.689751284245574}}