{"supportLeg": "Legs", "angles": {"LShoulderRoll": 38.134265229698606, "LShoulderPitch": 19.63740759590854, "RShoulderRoll": -38.457067370056414, "LElbowYaw": 0, "LAnklePitch": -4.683138794425815, "RHipRoll": -2.748155703135211, "RAnklePitch": 7.131314557232628, "LHipPitch": -0.47388345443951607, "LKneePitch": 6.182886933043676, "LHipRoll": 4.2808705247835235, "RHipPitch": 9.422536554029477, "LElbowRoll": -50.602781206329325, "RKneePitch": 4.156005551970253, "RElbowRoll": 32.596896827941976, "RElbowYaw": 44.28379678925932, "RShoulderPitch": 9.343499231631341}}