{"supportLeg": "Legs", "angles": {"LShoulderRoll": 37.62135263572831, "LShoulderPitch": 18.63970780082431, "RShoulderRoll": -37.965023625255135, "LElbowYaw": 0, "LAnklePitch": -4.647396498380232, "RHipRoll": -1.996826453001205, "RAnklePitch": 8.258088554547783, "LHipPitch": -0.9831067953069805, "LKneePitch": 5.912846003480581, "LHipRoll": 3.8207588401454586, "RHipPitch": 8.671240991025115, "LElbowRoll": -50.07871209977185, "RKneePitch": 4.915621743718759, "RElbowRoll": 31.595995701044075, "RElbowYaw": 44.090973126956236, "RShoulderPitch": 10.040764233706227}}