{"supportLeg": "Legs", "angles": {"LShoulderRoll": 36.812424556078895, "LShoulderPitch": 17.322511165052916, "RShoulderRoll": -38.20362811687217, "LElbowYaw": 0, "LAnklePitch": -6.354970216281174, "RHipRoll": -1.1455295679964763, "RAnklePitch": 8.145179415946131, "LHipPitch": -0.3852159929566028, "LKneePitch": 6.084408590451346, "LHipRoll": 4.483180488078489, "RHipPitch": 7.757882354551072, "LElbowRoll": -48.3798581384128, "RKneePitch": 5.353571478293247, "RElbowRoll": 31.671236090659136, "RElbowYaw": 44.97556226085559, "RShoulderPitch": 10.107386990513035}}