{"supportLeg": "Legs", "angles": {"LShoulderRoll": 36.912308169692274, "LShoulderPitch": 16.30744846534877, "RShoulderRoll": -37.84019820453323, "LElbowYaw": 0, "LAnklePitch": -5.695121617119611, "RHipRoll": -0.447448940552448, "RAnklePitch": 8.557422343195782, "LHipPitch": -1.7387863678790154, "LKneePitch": 4.248878535777891, "LHipRoll": 3.8470745543404234, "RHipPitch": 6.97260915307379, "LElbowRoll": -49.01687199982803, "RKneePitch": 5.83136730530174, "RElbowRoll": 30.072879666031582, "RElbowYaw": 45.016962950176094, "RShoulderPitch": 10.90126979268652}}