{"supportLeg": "Legs", "angles": {"LShoulderRoll": 26.163015934440363, "LShoulderPitch": 93.81100551639179, "RShoulderRoll": -5.33589895907712, "LElbowYaw": -39.89762204143758, "LElbowRoll": -40.18478610935426, "RElbowRoll": 25.318698102968682, "RElbowYaw": 7.220843011886728, "RShoulderPitch": 79.85007637250501}}