{"supportLeg": "Legs", "angles": {"LShoulderRoll": 37.38184989511227, "LShoulderPitch": 15.86359308013921, "RShoulderRoll": -37.72759007631531, "LElbowYaw": 0, "LAnklePitch": -5.969720569382304, "RHipRoll": -0.8257335947349418, "RAnklePitch": 7.361084165357312, "LHipPitch": -2.2273115412218942, "LKneePitch": 3.9016549900613313, "LHipRoll": 3.5522444576310193, "RHipPitch": 7.012428708354321, "LElbowRoll": -49.69545776023011, "RKneePitch": 3.114960728398273, "RElbowRoll": 30.764578260089138, "RElbowYaw": 45.08259697175178, "RShoulderPitch": 10.849778832018302}}