{"supportLeg": "Legs", "angles": {"LShoulderRoll": 35.98658470480263, "LShoulderPitch": 16.659309883378697, "RShoulderRoll": -37.610835292003955, "LElbowYaw": 0, "LAnklePitch": -5.869141836732297, "RHipRoll": -0.7457259375576655, "RAnklePitch": 6.986545784910987, "LHipPitch": -3.1068262626040166, "LKneePitch": 3.1155591475245785, "LHipRoll": 3.026693156959311, "RHipPitch": 6.819510394963288, "LElbowRoll": -48.73544062857238, "RKneePitch": 2.611370221781698, "RElbowRoll": 30.889647901189335, "RElbowYaw": 45.6455645750944, "RShoulderPitch": 10.410768310905027}}