{"supportLeg": "Legs", "angles": {"LShoulderRoll": 36.28763893630394, "LShoulderPitch": 16.148298611081756, "RShoulderRoll": -37.70291272779846, "LElbowYaw": 0, "LAnklePitch": -6.039902380584721, "RHipRoll": -0.6525678623291924, "RAnklePitch": 7.0177769452684515, "LHipPitch": -3.5932472941632057, "LKneePitch": 3.071262354688713, "LHipRoll": 2.560496104372021, "RHipPitch": 6.654783571754081, "LElbowRoll": -49.30322453527211, "RKneePitch": 2.3086254412013147, "RElbowRoll": 31.087671136247508, "RElbowYaw": 46.80002585020664, "RShoulderPitch": 9.556605912556165}}