{"supportLeg": "Legs", "angles": {"LShoulderRoll": 35.65612833792291, "LShoulderPitch": 16.600302343655756, "RShoulderRoll": -36.88220227538748, "LElbowYaw": 0, "LAnklePitch": -6.5932394290378795, "RHipRoll": -0.03045755593225863, "RAnklePitch": 7.141116259249145, "LHipPitch": -4.010707500819848, "LKneePitch": 3.553201748770448, "LHipRoll": 1.7094640740060925, "RHipPitch": 6.239911703361457, "LElbowRoll": -48.42504903938456, "RKneePitch": 3.0102010857036134, "RElbowRoll": 27.94948429749485, "RElbowYaw": 48.52843038011417, "RShoulderPitch": 9.383593410167734}}