{"supportLeg": "Legs", "angles": {"LShoulderRoll": 35.70441302374829, "LShoulderPitch": 16.301926234917886, "RShoulderRoll": -36.83139294711722, "LElbowYaw": 0, "LAnklePitch": -7.352314274639866, "RHipRoll": 0.47830618879581266, "RAnklePitch": 6.875358931743449, "LHipPitch": -3.6271056538534197, "LKneePitch": 3.7522999073056553, "LHipRoll": 2.1424926371972504, "RHipPitch": 5.535178582098581, "LElbowRoll": -49.35486448119312, "RKneePitch": 3.0026406815677262, "RElbowRoll": 27.7823425617066, "RElbowYaw": 49.83891642314883, "RShoulderPitch": 8.917173260548168}}