{"supportLeg": "Legs", "angles": {"LShoulderRoll": 35.07314502941881, "LShoulderPitch": 16.54032653348061, "RShoulderRoll": -36.4829354541479, "LElbowYaw": 0, "LAnklePitch": -8.679137461541984, "RHipRoll": 1.4906166555212224, "RAnklePitch": 6.725081673633753, "LHipPitch": -2.953902153716797, "LKneePitch": 6.3370271083417435, "LHipRoll": 2.76296407591596, "RHipPitch": 4.81639531052835, "LElbowRoll": -47.91739362685007, "RKneePitch": 4.0285720954570365, "RElbowRoll": 30.417843695481537, "RElbowYaw": 51.10734784760349, "RShoulderPitch": 7.412198903192888}}