{"supportLeg": "Legs", "angles": {"LShoulderRoll": 35.69965735913376, "LShoulderPitch": 15.953749089463983, "RShoulderRoll": -36.57838540839936, "LElbowYaw": 0, "LAnklePitch": -9.42864038320809, "RHipRoll": 2.156847151172741, "RAnklePitch": 6.509644328256201, "LHipPitch": -2.528725517716282, "LKneePitch": 7.80357242371025, "LHipRoll": 2.4654939816752517, "RHipPitch": 4.256832536477816, "LElbowRoll": -50.46578831496373, "RKneePitch": 4.3427107710104735, "RElbowRoll": 31.025352418659196, "RElbowYaw": 53.39051652709246, "RShoulderPitch": 5.082213297589547}}