{"supportLeg": "Legs", "angles": {"LShoulderRoll": 35.416953523206, "LShoulderPitch": 16.66238652103162, "RShoulderRoll": -37.50005210751043, "LElbowYaw": 0, "LAnklePitch": -9.930618027087377, "RHipRoll": 2.809441107472338, "RAnklePitch": 6.304510465562316, "LHipPitch": -2.135950828416753, "LKneePitch": 9.843812888649524, "LHipRoll": 2.980304335806096, "RHipPitch": 3.589194767039743, "LElbowRoll": -50.375060091074374, "RKneePitch": 4.726774327413494, "RElbowRoll": 33.93125102391434, "RElbowYaw": 53.58050757607922, "RShoulderPitch": 4.170551644203144}}