{"supportLeg": "Legs", "angles": {"LShoulderRoll": 34.78501414916464, "LShoulderPitch": 16.862143038457944, "RShoulderRoll": -37.36221434426044, "LElbowYaw": 0, "LAnklePitch": -8.99071566717538, "RHipRoll": 4.156938030831384, "RAnklePitch": 6.290132027105415, "LHipPitch": -2.7453461399719856, "LKneePitch": 8.439724407424194, "LHipRoll": 2.3444794032629943, "RHipPitch": 2.921928566403011, "LElbowRoll": -50.99509295445358, "RKneePitch": 6.475031866246297, "RElbowRoll": 35.47612540652196, "RElbowYaw": 51.66983648440059, "RShoulderPitch": 4.205891786449925}}