{"supportLeg": "Legs", "angles": {"LShoulderRoll": 34.54334570323776, "LShoulderPitch": 18.009441289521348, "RShoulderRoll": -36.31427006971952, "LElbowYaw": 0, "LAnklePitch": -5.31776443367788, "RHipRoll": 4.635714722619684, "RAnklePitch": -68, "LHipPitch": -1.7434466910078044, "LKneePitch": 7.169783271414701, "LHipRoll": 0.03574097613930634, "RHipPitch": -87.19150986893494, "LElbowRoll": -48.941697716984265, "RKneePitch": 3.563573738009495, "RElbowRoll": 34.036988178501616, "RElbowYaw": 52.03697541961869, "RShoulderPitch": 3.870703515279658}}