{"supportLeg": "Legs", "angles": {"LShoulderRoll": 25.423674540193456, "LShoulderPitch": 93.17788161673774, "RShoulderRoll": -6.203785375521106, "LElbowYaw": -32.75772914729046, "LElbowRoll": -31.848628835010572, "RElbowRoll": 24.700865307450783, "RElbowYaw": 7.1651245567739466, "RShoulderPitch": 79.47883225708635}}