{"supportLeg": "Legs", "angles": {"LShoulderRoll": 35.01368227151064, "LShoulderPitch": 18.494501168972548, "RShoulderRoll": -36.03536489025215, "LElbowYaw": 0, "LAnklePitch": -3.7211466350346427, "RHipRoll": 4.359275564762153, "RAnklePitch": -68, "LHipPitch": -88, "LKneePitch": 6.835392043183077, "LHipRoll": 0.009122831349084091, "RHipPitch": -86.5932804009838, "LElbowRoll": -49.556456230571825, "RKneePitch": 1.8296020825238202, "RElbowRoll": 35.08366471120124, "RElbowYaw": 49.922352608863505, "RShoulderPitch": 5.047397843970913}}