{"supportLeg": "Legs", "angles": {"LShoulderRoll": 34.51165219168888, "LShoulderPitch": 18.63030487272593, "RShoulderRoll": -36.32303228524267, "LElbowYaw": 0, "LAnklePitch": -68, "RHipRoll": 3.4016221310812553, "RAnklePitch": -68, "LHipPitch": -86.2377528014915, "LKneePitch": 4.515228441972681, "LHipRoll": -0.00012609887501385082, "RHipPitch": -86.331915278793, "LElbowRoll": -48.35547509964809, "RKneePitch": 1.5442752290121007, "RElbowRoll": 36.41916289986369, "RElbowYaw": 49.83619498663974, "RShoulderPitch": 4.91972830369447}}