{"supportLeg": "Legs", "angles": {"LShoulderRoll": 35.00156121023778, "LShoulderPitch": 18.621809281364364, "RShoulderRoll": -36.527670865097946, "LElbowYaw": 0, "LAnklePitch": -68, "RHipRoll": 3.6252458138562957, "RAnklePitch": -68, "LHipPitch": -85.02744835046889, "LKneePitch": 5.116805584800915, "LHipRoll": -0.004669761363850083, "RHipPitch": -86.34201449148546, "LElbowRoll": -49.45679992584084, "RKneePitch": 1.9147736359979604, "RElbowRoll": 37.10653374541087, "RElbowYaw": 50.41134328900915, "RShoulderPitch": 4.368758241136732}}