{"supportLeg": "Legs", "angles": {"LShoulderRoll": 35.61230008815972, "LShoulderPitch": 17.675165099173483, "RShoulderRoll": -35.86488896088281, "LElbowYaw": 33.625176847788026, "LAnklePitch": -68, "RHipRoll": 4.3128945117489, "RAnklePitch": -68, "LHipPitch": -84.32028811056867, "LKneePitch": 4.5581252201986615, "LHipRoll": 2.925167578984092e-05, "RHipPitch": -86.32769119247844, "LElbowRoll": -50.2670935394149, "RKneePitch": 1.0649088775633118, "RElbowRoll": 36.28943950059178, "RElbowYaw": 50.203671588330074, "RShoulderPitch": 4.523025431188856}}