{"supportLeg": "Legs", "angles": {"LShoulderRoll": 35.25863394299048, "LShoulderPitch": 19.19878441858701, "RShoulderRoll": -35.84736087433881, "LElbowYaw": 0, "LAnklePitch": -68, "RHipRoll": 4.511385736088642, "RAnklePitch": -68, "LHipPitch": -83.4265522680957, "LKneePitch": 4.552946076742387, "LHipRoll": 0.0013970466507973148, "RHipPitch": -86.40801836055174, "LElbowRoll": -49.2307335829324, "RKneePitch": 0.610206473558975, "RElbowRoll": 37.15502075766969, "RElbowYaw": 50.71638378798317, "RShoulderPitch": 3.6865920640697425}}