{"supportLeg": "Legs", "angles": {"LShoulderRoll": 35.2358832484654, "LShoulderPitch": 19.68421633182372, "RShoulderRoll": -35.96665241468727, "LElbowYaw": 0, "LAnklePitch": -68, "RHipRoll": 5.142891713237425, "RAnklePitch": -68, "LHipPitch": -82.89016565928435, "LKneePitch": 4.605265165433821, "LHipRoll": 0.0036960161267163474, "RHipPitch": -86.41990412356144, "LElbowRoll": -49.0024732123145, "RKneePitch": 1.4535962152627349, "RElbowRoll": 35.344108897306626, "RElbowYaw": 52.442727595046044, "RShoulderPitch": 2.821226539727462}}