{"supportLeg": "Legs", "angles": {"LShoulderRoll": 35.572480414244495, "LShoulderPitch": 19.6624046858163, "RShoulderRoll": -35.12648063580454, "LElbowYaw": 0, "LAnklePitch": -68, "RHipRoll": 5.054053649137547, "RAnklePitch": -68, "LHipPitch": -81.95796246378742, "LKneePitch": 4.584291050812794, "LHipRoll": -0.007534898405995535, "RHipPitch": -86.41338743545045, "LElbowRoll": -50.54478722172507, "RKneePitch": 1.7299803506409717, "RElbowRoll": 35.37129425004608, "RElbowYaw": 50.88986723359738, "RShoulderPitch": 3.5459998043797327}}