{"supportLeg": "Legs", "angles": {"LShoulderRoll": 35.55094704086595, "LShoulderPitch": 20.227080695195866, "RShoulderRoll": -35.29164831240653, "LElbowYaw": 0, "LAnklePitch": -68, "RHipRoll": 4.88893982996033, "RAnklePitch": -68, "LHipPitch": -80.955305065565, "LKneePitch": 4.160681249571894, "LHipRoll": -0.01628967503179631, "RHipPitch": -86.61667914469248, "LElbowRoll": -50.118240149547404, "RKneePitch": 1.49368644127361, "RElbowRoll": 35.6458283240311, "RElbowYaw": 49.4147010254777, "RShoulderPitch": 4.77750345176878}}