{"supportLeg": "Legs", "angles": {"LShoulderRoll": 36.01022387414124, "LShoulderPitch": 20.27427919459531, "RShoulderRoll": -35.42048110083137, "LElbowYaw": 0, "LAnklePitch": -68, "RHipRoll": 4.767431939060989, "RAnklePitch": -68, "LHipPitch": -80.45181571045106, "LKneePitch": 3.610764766538466, "LHipRoll": -0.020892063385558917, "RHipPitch": -86.36173328151112, "LElbowRoll": -49.97485673164459, "RKneePitch": 2.585025945124954, "RElbowRoll": 35.82707374618215, "RElbowYaw": 49.165159312001116, "RShoulderPitch": 5.091865686282219}}