{"supportLeg": "Legs", "angles": {"LShoulderRoll": 36.39093911628498, "LShoulderPitch": 20.291327457771317, "RShoulderRoll": -35.53923003571353, "LElbowYaw": 0, "LAnklePitch": -68, "RHipRoll": 4.5138060271918805, "RAnklePitch": -68, "LHipPitch": -80.35372948563429, "LKneePitch": 3.500876058961893, "LHipRoll": -0.0241123322081228, "RHipPitch": -86.54672842141717, "LElbowRoll": -50.014879514215096, "RKneePitch": 1.965290145845728, "RElbowRoll": 34.02537237862808, "RElbowYaw": 49.02308197003215, "RShoulderPitch": 6.06587564960634}}