{"agdxwwnnyahbzwcr": 0.6481481481481481, "arbcewmnkapbzwxc": 0.6018518518518519, "azbvwwlnyahbzwxr": 0.6018518518518519, "average_typicality": 0.6212962962962962, "azbvewlnyahbzmxr": 0.6111111111111112, "azbvwwinyahbzmxr": 0.6111111111111112, "azbvewmnyahbzwxrazbvwwinyahbzmxrazkxvzxnyahczmxrarbcewmnkapbzwxcazbvwwlnyahbzwxrkuhxewxqxjzdayxkazbvewlnyahbzmxragdxwwnnyahbzwcrazuxewxqgjcbaywwszbxedknmlzddmx": 0.7007874015748031, "kuhxewxqxjzdayxk": 0.6296296296296297, "azkxvzxnyahczmxr": 0.6111111111111112, "azbvewmnyahbzwxr": 0.6018518518518519, "szbxedknmlzddmx": 0.6574074074074074, "azuxewxqgjcbayww": 0.6388888888888888}