{"min_typicality": [0.44657894736842096, 0.4766666666666667, 0.4614705882352941, 0.391578947368421, 0.4238888888888888, 0.3814705882352941, 0.4478947368421053, 0.4766666666666667, 0.391578947368421, 0.30374999999999996], "criterion2": 1, "azbvewmnyahbzwxrazbvwwinyahbzmxrazkxvzxnyahczmxrarbcewmnkapbzwxcazbvwwlnyahbzwxrkuhxewxqxjzdayxkazbvewlnyahbzmxragdxwwnnyahbzwcrazuxewxqgjcbaywwszbxedknmlzddmx": 0.7007874015748031, "single_results": {"agdxwwnnyahbzwcr": 0.6481481481481481, "arbcewmnkapbzwxc": 0.6018518518518519, "azbvwwlnyahbzwxr": 0.6018518518518519, "azbvewlnyahbzmxr": 0.6111111111111112, "azbvwwinyahbzmxr": 0.6111111111111112, "kuhxewxqxjzdayxk": 0.6296296296296297, "azkxvzxnyahczmxr": 0.6111111111111112, "azbvewmnyahbzwxr": 0.6018518518518519, "szbxedknmlzddmx": 0.6574074074074074, "azuxewxqgjcbayww": 0.6388888888888888}, "average_typicality Criterion1": 0.6212962962962962}