{"supportLeg": "Legs", "angles": {"LShoulderRoll": 28.755475609319184, "LShoulderPitch": 79.7131968318627, "RShoulderRoll": -27.284671466121857, "LElbowYaw": -90, "LElbowRoll": -49.93196886432236, "RElbowRoll": 36.49358518329828, "RElbowYaw": 8.075984981632914, "RShoulderPitch": 65.42968771049286}}