{"supportLeg": "Legs", "angles": {"LShoulderRoll": -1.84094455717392, "LShoulderPitch": 96.24176156985506, "RShoulderRoll": -14.297370499261339, "LElbowYaw": 0, "LElbowRoll": -16.584051839673293, "RElbowRoll": 19.744886387823414, "RElbowYaw": 90, "RShoulderPitch": 81.40647464115004}}