{"supportLeg": "Legs", "angles": {"LShoulderRoll": 29.447454967412128, "LShoulderPitch": 94.18879293757831, "RShoulderRoll": -33.95013548177165, "LElbowYaw": -31.17458801682008, "LElbowRoll": -34.67006962299959, "RElbowRoll": 31.97432828979629, "RElbowYaw": -20.455339945401306, "RShoulderPitch": 86.26294514984606}}