{"supportLeg": "Legs", "angles": {"LShoulderRoll": 36.19601877408368, "LShoulderPitch": 102.46942577721255, "RShoulderRoll": -40.125058824586205, "LElbowYaw": -40.14193789795491, "LElbowRoll": -37.34979498788013, "RElbowRoll": 35.22065699252224, "RElbowYaw": -24.398647889402355, "RShoulderPitch": 89.14398036998986}}