{"supportLeg": "Legs", "angles": {"LShoulderRoll": 34.538244240194686, "LShoulderPitch": 106.1200799541522, "RShoulderRoll": -43.169582733958535, "LElbowYaw": -43.33341126597113, "LElbowRoll": -38.38603365361729, "RElbowRoll": 38.40740405625459, "RElbowYaw": -24.402106952768378, "RShoulderPitch": 89.03740812724064}}