{"supportLeg": "Legs", "angles": {"LShoulderRoll": 35.80761578491523, "LShoulderPitch": 111.91968343054461, "RShoulderRoll": -46.84662333537411, "LElbowYaw": -50.345370906595846, "LElbowRoll": -44.139626829012116, "RElbowRoll": 42.76964383591482, "RElbowYaw": -27.317490023948366, "RShoulderPitch": 88.23966190591486}}