{"supportLeg": "Legs", "angles": {"LShoulderRoll": 35.80222741872271, "LShoulderPitch": 114.88597847729407, "RShoulderRoll": -47.91255102973526, "LElbowYaw": -57.65386946739538, "LElbowRoll": -46.27328742708028, "RElbowRoll": 45.9038077144065, "RElbowYaw": -37.53744233040314, "RShoulderPitch": 94.91376627138918}}