{"supportLeg": "Legs", "angles": {"LShoulderRoll": 31.769415265509416, "LShoulderPitch": 116.98799349588138, "RShoulderRoll": -45.21918356649685, "LElbowYaw": -62.67406287448846, "LElbowRoll": -40.2086269875839, "RElbowRoll": 43.05384127368052, "RElbowYaw": -45.87315048978424, "RShoulderPitch": 99.77523094396923}}