{"supportLeg": "Legs", "angles": {"LShoulderRoll": 27.455674602657744, "LShoulderPitch": 116.9313682731905, "RShoulderRoll": -41.929247306311815, "LElbowYaw": 0, "LElbowRoll": -38.920339037569505, "RElbowRoll": 42.957822747835564, "RElbowYaw": -45.06795328062565, "RShoulderPitch": 99.2171050185181}}