{"supportLeg": "Legs", "angles": {"LShoulderRoll": 27.539848446081074, "LShoulderPitch": 116.79481031788745, "RShoulderRoll": -40.15049345774502, "LElbowYaw": 0, "LElbowRoll": -39.26395811961939, "RElbowRoll": 41.714162539029246, "RElbowYaw": -42.92319427293706, "RShoulderPitch": 97.83568540507366}}