{"supportLeg": "Legs", "angles": {"LShoulderRoll": 27.408428467722494, "LShoulderPitch": 114.46638148184626, "RShoulderRoll": -37.732195407234684, "LElbowYaw": 0, "LElbowRoll": -38.92754656212688, "RElbowRoll": 40.57071580615627, "RElbowYaw": -40.15589877112908, "RShoulderPitch": 95.6478050661147}}