{"supportLeg": "Legs", "angles": {"LShoulderRoll": 28.09096342806297, "LShoulderPitch": 113.938365658645, "RShoulderRoll": -37.64105313129873, "LElbowYaw": 0, "LElbowRoll": -39.38246645201795, "RElbowRoll": 39.91184871255257, "RElbowYaw": -39.836073802835806, "RShoulderPitch": 95.14538405272732}}