{"supportLeg": "Legs", "angles": {"LShoulderRoll": 27.19790697246419, "LShoulderPitch": 91.43278389785951, "RShoulderRoll": -17.406861263945473, "LElbowYaw": -90, "LElbowRoll": -26.394693487108242, "RElbowRoll": 20.809255213622663, "RElbowYaw": -2.9400262981636587, "RShoulderPitch": 81.24145525680086}}