{"supportLeg": "Legs", "angles": {"LShoulderRoll": 35.8722882167967, "LShoulderPitch": 115.46278946721478, "RShoulderRoll": -39.61665065448509, "LElbowYaw": -60.81537675339339, "LElbowRoll": -38.381991666280726, "RElbowRoll": 34.64137599427204, "RElbowYaw": -41.16781640310136, "RShoulderPitch": 96.06488831444156}}