{"supportLeg": "Legs", "angles": {"LShoulderRoll": 45.555644344799, "LShoulderPitch": 118, "RShoulderRoll": -50.12396278378724, "LElbowYaw": -62.998396521857885, "LElbowRoll": -38.18426698384769, "RElbowRoll": 38.817033881209056, "RElbowYaw": -36.01881436849763, "RShoulderPitch": 93.9356766849379}}