{"supportLeg": "Legs", "angles": {"LShoulderRoll": 42.64065671135839, "LShoulderPitch": 116.71740938520031, "RShoulderRoll": -49.450761507525264, "LElbowYaw": -62.423085653747165, "LElbowRoll": -36.46505290282357, "RElbowRoll": 37.52473998809057, "RElbowYaw": -31.027722231115852, "RShoulderPitch": 90.96918672075225}}