{"supportLeg": "Legs", "angles": {"LShoulderRoll": 40.495617001497195, "LShoulderPitch": 114.11035100090824, "RShoulderRoll": -47.11196365119467, "LElbowYaw": -60.11429820508015, "LElbowRoll": -36.90212287823638, "RElbowRoll": 38.15237562342304, "RElbowYaw": -29.839726931214265, "RShoulderPitch": 89.37954312404055}}