{"supportLeg": "Legs", "angles": {"LShoulderRoll": 40.601872059635994, "LShoulderPitch": 113.5279232080114, "RShoulderRoll": -46.87258256277287, "LElbowYaw": -59.73477168971976, "LElbowRoll": -37.386678058305336, "RElbowRoll": 38.8612213037527, "RElbowYaw": -30.83661980491791, "RShoulderPitch": 90.0602022126872}}