{"supportLeg": "Legs", "angles": {"LShoulderRoll": 40.77163123892724, "LShoulderPitch": 113.28821116544397, "RShoulderRoll": -46.770631457113936, "LElbowYaw": -58.61400424384828, "LElbowRoll": -38.15932625974759, "RElbowRoll": 40.053478272367016, "RElbowYaw": -32.16467282251384, "RShoulderPitch": 90.57256480941817}}