{"supportLeg": "Legs", "angles": {"LShoulderRoll": 40.391485459234424, "LShoulderPitch": 112.74206184146563, "RShoulderRoll": -46.50202990970232, "LElbowYaw": -58.72445421614797, "LElbowRoll": -37.54639315115793, "RElbowRoll": 39.17562573998552, "RElbowYaw": -32.1081699843954, "RShoulderPitch": 90.82196143537308}}