{"supportLeg": "Legs", "angles": {"LShoulderRoll": 37.488833147867155, "LShoulderPitch": 111.81401415941383, "RShoulderRoll": -42.378707605122564, "LElbowYaw": -55.688848440706025, "LElbowRoll": -36.181005562874304, "RElbowRoll": 36.62771919706756, "RElbowYaw": -30.917776331964717, "RShoulderPitch": 89.47458662247541}}