{"supportLeg": "Legs", "angles": {"LShoulderRoll": 26.420185931461635, "LShoulderPitch": 105.37764858053089, "RShoulderRoll": -32.171824433988014, "LElbowYaw": -51.50566837494972, "LElbowRoll": -31.46492944275377, "RElbowRoll": 33.085377141286756, "RElbowYaw": -30.716414435407486, "RShoulderPitch": 88.68165888287147}}