{"supportLeg": "Legs", "angles": {"LShoulderRoll": 23.42803252439097, "LShoulderPitch": 107.01956235305029, "RShoulderRoll": -28.897307780240492, "LElbowYaw": -49.82439326914427, "LElbowRoll": -28.478565463912588, "RElbowRoll": 29.579147099512653, "RElbowYaw": -31.665452924523244, "RShoulderPitch": 91.16785257605713}}