{"supportLeg": "Legs", "angles": {"LShoulderRoll": 24.323457331126964, "LShoulderPitch": 83.48067917888025, "RShoulderRoll": -16.949818521959962, "LElbowYaw": -90, "LElbowRoll": -32.00767972553521, "RElbowRoll": 24.421404913817156, "RElbowYaw": 90, "RShoulderPitch": 89.35378788019256}}