{"supportLeg": "Legs", "angles": {"LShoulderRoll": 22.425876830939973, "LShoulderPitch": 107.48621968593636, "RShoulderRoll": -32.344990302430325, "LElbowYaw": -40.83197034138776, "LElbowRoll": -29.987681853293054, "RElbowRoll": 30.921792585928557, "RElbowYaw": 90, "RShoulderPitch": 97.53649546128791}}