{"supportLeg": "Legs", "angles": {"LShoulderRoll": 16.041125599514444, "LShoulderPitch": 104.1612868970521, "RShoulderRoll": -27.248994811582293, "LElbowYaw": -42.53415223691148, "LElbowRoll": -27.04330211810384, "RElbowRoll": 30.063270972510196, "RElbowYaw": -31.326356147749593, "RShoulderPitch": 98.81220803476013}}