{"supportLeg": "Legs", "angles": {"LShoulderRoll": 16.123453457007788, "LShoulderPitch": 105.52898872043315, "RShoulderRoll": -27.49315419271549, "LElbowYaw": -50.196870865165444, "LElbowRoll": -30.271456432125518, "RElbowRoll": 32.51195571546398, "RElbowYaw": -40.667651823468375, "RShoulderPitch": 101.74071738187085}}