{"supportLeg": "Legs", "angles": {"LShoulderRoll": 9.817897171495165, "LShoulderPitch": 105.53162812551183, "RShoulderRoll": -25.720022873295296, "LElbowYaw": 0, "LElbowRoll": -28.431273557551805, "RElbowRoll": 31.084690812308196, "RElbowYaw": -47.42449131014395, "RShoulderPitch": 104.95512751143701}}