{"supportLeg": "Legs", "angles": {"LShoulderRoll": 7.359666490882617, "LShoulderPitch": 104.87008430628323, "RShoulderRoll": -21.1573799410673, "LElbowYaw": 0, "LElbowRoll": -28.681582254987916, "RElbowRoll": 25.935283044797615, "RElbowYaw": -48.04931431336739, "RShoulderPitch": 105.94349548718998}}