{"supportLeg": "Legs", "angles": {"LShoulderRoll": 8.801135848298996, "LShoulderPitch": 103.54746809897807, "RShoulderRoll": -18.568129772448426, "LElbowYaw": 0, "LElbowRoll": -27.711737696812747, "RElbowRoll": 25.475884192081054, "RElbowYaw": -44.14441486942783, "RShoulderPitch": 103.37284470999117}}