{"supportLeg": "Legs", "angles": {"LShoulderRoll": 15.423640314403222, "LShoulderPitch": 104.70531938246448, "RShoulderRoll": -19.96661030356885, "LElbowYaw": -46.7299563077223, "LElbowRoll": -29.55446187166794, "RElbowRoll": 27.82090061336865, "RElbowYaw": -43.490777980765266, "RShoulderPitch": 102.61974353728205}}