{"supportLeg": "Legs", "angles": {"LShoulderRoll": 15.452398830707144, "LShoulderPitch": 105.19932371833754, "RShoulderRoll": -19.639855646198473, "LElbowYaw": -46.003299956410316, "LElbowRoll": -28.35904456978173, "RElbowRoll": 27.411779520283176, "RElbowYaw": -44.65542405002995, "RShoulderPitch": 103.42936460754925}}