{"supportLeg": "Legs", "angles": {"LShoulderRoll": 14.831439188461642, "LShoulderPitch": 104.92209510554618, "RShoulderRoll": -19.77018262942572, "LElbowYaw": -46.33480391183502, "LElbowRoll": -27.99540942336833, "RElbowRoll": 27.48884028381599, "RElbowYaw": -44.30846241530776, "RShoulderPitch": 103.35814411917924}}