{"supportLeg": "Legs", "angles": {"LShoulderRoll": 14.098344851900785, "LShoulderPitch": 103.5285192918072, "RShoulderRoll": -19.447333903258972, "LElbowYaw": -44.611299541217356, "LElbowRoll": -28.303644983648297, "RElbowRoll": 27.553904009371564, "RElbowYaw": -43.14537217969587, "RShoulderPitch": 102.04028792564588}}