{"supportLeg": "Legs", "angles": {"LShoulderRoll": 17.722514590480852, "LShoulderPitch": 83.83035593892765, "RShoulderRoll": -14.964085973717044, "LElbowYaw": -90, "LElbowRoll": -30.285892168847738, "RElbowRoll": 18.428830460082366, "RElbowYaw": 90, "RShoulderPitch": 81.60491825717877}}