{"supportLeg": "Legs", "angles": {"LShoulderRoll": 14.55361762971864, "LShoulderPitch": 104.93538702526142, "RShoulderRoll": -19.959237941429993, "LElbowYaw": -45.11421069080466, "LElbowRoll": -29.024137264035545, "RElbowRoll": 28.829447401171706, "RElbowYaw": -39.98973504702593, "RShoulderPitch": 99.10502524026117}}