{"supportLeg": "Legs", "angles": {"LShoulderRoll": 15.790546649821104, "LShoulderPitch": 105.75848604599807, "RShoulderRoll": -22.311075191865324, "LElbowYaw": -90, "LElbowRoll": -30.18778383803223, "RElbowRoll": 29.641590724270543, "RElbowYaw": -40.02346557663901, "RShoulderPitch": 96.84075115822553}}