{"supportLeg": "Legs", "angles": {"LShoulderRoll": 19.22759014640875, "LShoulderPitch": 102.29672435930922, "RShoulderRoll": -21.863857648542204, "LElbowYaw": -42.153737667947425, "LElbowRoll": -30.446771682011274, "RElbowRoll": 30.307098049519908, "RElbowYaw": -40.04641769727517, "RShoulderPitch": 99.80958986074788}}