{"supportLeg": "Legs", "angles": {"LShoulderRoll": 20.415817256676977, "LShoulderPitch": 101.39188302715105, "RShoulderRoll": -23.4568769713144, "LElbowYaw": -43.2926386082613, "LElbowRoll": -32.381201690277294, "RElbowRoll": 29.12256690334985, "RElbowYaw": -41.90172251510902, "RShoulderPitch": 102.24715875218621}}