{"supportLeg": "Legs", "angles": {"LShoulderRoll": 20.405604107850415, "LShoulderPitch": 103.4863041195837, "RShoulderRoll": -26.977618738745587, "LElbowYaw": -43.00436590028821, "LElbowRoll": -31.802362486516444, "RElbowRoll": 33.36998352389509, "RElbowYaw": -33.851024443821615, "RShoulderPitch": 94.70979978037111}}