{"supportLeg": "Legs", "angles": {"LShoulderRoll": 29.022667635886314, "LShoulderPitch": 109.36444445126145, "RShoulderRoll": -37.26012264273694, "LElbowYaw": -47.15312875163252, "LElbowRoll": -37.063496564944785, "RElbowRoll": 33.46070838271359, "RElbowYaw": -29.613935881159414, "RShoulderPitch": 92.26359846423692}}