{"supportLeg": "Legs", "angles": {"LShoulderRoll": 42.18569825663054, "LShoulderPitch": 111.64155352469731, "RShoulderRoll": -48.21084957098714, "LElbowYaw": -56.41645003216413, "LElbowRoll": -37.178965073113034, "RElbowRoll": 35.200479818893626, "RElbowYaw": -26.45962936954559, "RShoulderPitch": 88.2674457279104}}