{"supportLeg": "Legs", "angles": {"LShoulderRoll": 44.30298545700666, "LShoulderPitch": 114.71236815261916, "RShoulderRoll": -53.339530252594336, "LElbowYaw": -63.933375992922514, "LElbowRoll": -38.250203126397395, "RElbowRoll": 35.78433477408336, "RElbowYaw": -20.812815876254525, "RShoulderPitch": 81.14136481389075}}