{"supportLeg": "Legs", "angles": {"LShoulderRoll": 43.41548281293263, "LShoulderPitch": 115.31027814602533, "RShoulderRoll": -53.49560491304254, "LElbowYaw": -65.26047136895995, "LElbowRoll": -37.59916259383854, "RElbowRoll": 37.33636225246491, "RElbowYaw": -21.251849043105615, "RShoulderPitch": 80.72586398350101}}