{"supportLeg": "Legs", "angles": {"LShoulderRoll": 42.788520288688396, "LShoulderPitch": 114.75885489492642, "RShoulderRoll": -52.560754814973954, "LElbowYaw": -64.80933968474432, "LElbowRoll": -36.39121950596737, "RElbowRoll": 37.58183578012461, "RElbowYaw": -26.291783081890152, "RShoulderPitch": 84.69655283192597}}