{"supportLeg": "Legs", "angles": {"LShoulderRoll": 21.36869738007206, "LShoulderPitch": 84.92216678602196, "RShoulderRoll": -17.571371061196434, "LElbowYaw": -90, "LElbowRoll": -21.03880950693113, "RElbowRoll": 25.429785938631, "RElbowYaw": 90, "RShoulderPitch": 79.50614625589267}}