{"supportLeg": "Legs", "angles": {"LShoulderRoll": 43.32858423560739, "LShoulderPitch": 113.36375863939193, "RShoulderRoll": -53.07311384025368, "LElbowYaw": -61.49040108449562, "LElbowRoll": -37.57255646289397, "RElbowRoll": 37.974561653324685, "RElbowYaw": -23.595379226084205, "RShoulderPitch": 83.40255152175425}}