{"supportLeg": "Legs", "angles": {"LShoulderRoll": 43.97331212050959, "LShoulderPitch": 113.53359647724842, "RShoulderRoll": -51.19970182881621, "LElbowYaw": -60.343810543113676, "LElbowRoll": -37.932254151415066, "RElbowRoll": 38.553907883871716, "RElbowYaw": -22.61495238458825, "RShoulderPitch": 83.28462674894743}}