{"supportLeg": "Legs", "angles": {"LShoulderRoll": 43.03021752176978, "LShoulderPitch": 113.6640123557049, "RShoulderRoll": -49.59144716908754, "LElbowYaw": -59.983970613973504, "LElbowRoll": -37.72411965488223, "RElbowRoll": 38.15119325355869, "RElbowYaw": -24.315421562388437, "RShoulderPitch": 84.92800413099852}}