{"supportLeg": "Legs", "angles": {"LShoulderRoll": 42.48061472873876, "LShoulderPitch": 112.96427790882157, "RShoulderRoll": -49.27918802286837, "LElbowYaw": -58.963303874588604, "LElbowRoll": -37.10987314995401, "RElbowRoll": 38.26914763870707, "RElbowYaw": -25.410868283832343, "RShoulderPitch": 85.9817914784454}}