{"supportLeg": "Legs", "angles": {"LShoulderRoll": 42.449992950922734, "LShoulderPitch": 113.05843128339346, "RShoulderRoll": -49.26495251336733, "LElbowYaw": -59.0994734737166, "LElbowRoll": -36.40503458110604, "RElbowRoll": 38.065749659258756, "RElbowYaw": -25.964546345296355, "RShoulderPitch": 86.49685775081558}}