{"supportLeg": "Legs", "angles": {"LShoulderRoll": 42.37193100367027, "LShoulderPitch": 113.3192916939028, "RShoulderRoll": -49.014470655560004, "LElbowYaw": -59.20196476445616, "LElbowRoll": -36.17771662865417, "RElbowRoll": 37.63333753457846, "RElbowYaw": -25.637224343935188, "RShoulderPitch": 86.74587372529278}}