{"supportLeg": "Legs", "angles": {"LShoulderRoll": 42.443393946114874, "LShoulderPitch": 112.93411079690796, "RShoulderRoll": -48.413316078361625, "LElbowYaw": -58.85240905612097, "LElbowRoll": -36.57628471438696, "RElbowRoll": 37.52278431271671, "RElbowYaw": -26.22417056515905, "RShoulderPitch": 87.21253887220097}}