{"supportLeg": "Legs", "angles": {"LShoulderRoll": 42.3229542156375, "LShoulderPitch": 112.30460224550076, "RShoulderRoll": -48.05614332842262, "LElbowYaw": -58.12599843535763, "LElbowRoll": -36.928169483277, "RElbowRoll": 37.27538418103842, "RElbowYaw": -26.74243494870376, "RShoulderPitch": 87.7214266631248}}