{"supportLeg": "Legs", "angles": {"LShoulderRoll": 39.19357979230377, "LShoulderPitch": 108.44556229967083, "RShoulderRoll": -47.666148124376356, "LElbowYaw": -49.07592032922938, "LElbowRoll": -38.68708751771658, "RElbowRoll": 40.39249914673428, "RElbowYaw": -25.789860643830465, "RShoulderPitch": 86.72031534348255}}