{"supportLeg": "Legs", "angles": {"LShoulderRoll": 29.390471971257238, "LShoulderPitch": 98.47150095117868, "RShoulderRoll": -44.7532389432328, "LElbowYaw": -34.014782450130895, "LElbowRoll": -34.23411565055693, "RElbowRoll": 37.78236806853292, "RElbowYaw": -19.6211479875386, "RShoulderPitch": 83.50457377019777}}