{"supportLeg": "Legs", "angles": {"LShoulderRoll": 17.527830076242797, "LShoulderPitch": 84.48411653914661, "RShoulderRoll": -17.45173532161486, "LElbowYaw": -90, "LElbowRoll": -27.071425145529417, "RElbowRoll": 24.56712755006413, "RElbowYaw": 90, "RShoulderPitch": 83.10409389085979}}