{"supportLeg": "Legs", "angles": {"LShoulderRoll": 24.138128620841815, "LShoulderPitch": 92.26867996967158, "RShoulderRoll": -45.02149294741739, "LElbowYaw": -90, "LElbowRoll": -30.273278107448732, "RElbowRoll": 36.85712969509518, "RElbowYaw": -23.35057344129335, "RShoulderPitch": 87.12939679777061}}