{"supportLeg": "Legs", "angles": {"LShoulderRoll": 21.96359194443521, "LShoulderPitch": 87.94728794803588, "RShoulderRoll": -42.68772989911069, "LElbowYaw": -90, "LElbowRoll": -32.37591876948787, "RElbowRoll": 35.18983302122186, "RElbowYaw": -24.861136211726865, "RShoulderPitch": 87.97729271371115}}