{"supportLeg": "Legs", "angles": {"LShoulderRoll": 19.51693123459553, "LShoulderPitch": 91.28446324733113, "RShoulderRoll": -37.90666971917943, "LElbowYaw": -26.265451550511244, "LElbowRoll": -34.51818829091687, "RElbowRoll": 37.365148244357385, "RElbowYaw": -14.228473558974756, "RShoulderPitch": 78.63975579944035}}