{"supportLeg": "Legs", "angles": {"LShoulderRoll": 22.093285483154382, "LShoulderPitch": 93.04617246814425, "RShoulderRoll": -35.63050931834537, "LElbowYaw": -29.791113005611038, "LElbowRoll": -34.8719661841113, "RElbowRoll": 37.18402061968436, "RElbowYaw": -17.62883667426359, "RShoulderPitch": 80.95837503828494}}