{"supportLeg": "Legs", "angles": {"LShoulderRoll": 27.528422218533482, "LShoulderPitch": 93.8142165211527, "RShoulderRoll": -32.09470451732461, "LElbowYaw": -28.645837609298596, "LElbowRoll": -40.743931754675486, "RElbowRoll": 34.5546060220218, "RElbowYaw": -18.040853001424026, "RShoulderPitch": 82.58365632234992}}