{"supportLeg": "Legs", "angles": {"LShoulderRoll": 28.24106429493161, "LShoulderPitch": 93.74436850234181, "RShoulderRoll": -32.442208174413615, "LElbowYaw": -90, "LElbowRoll": -40.79736390864454, "RElbowRoll": 37.02360737769905, "RElbowYaw": -20.335010936047333, "RShoulderPitch": 82.868015035551}}