{"supportLeg": "Legs", "angles": {"LShoulderRoll": 30.750289883449316, "LShoulderPitch": 92.77807535316902, "RShoulderRoll": -29.49196786342428, "LElbowYaw": -90, "LElbowRoll": -43.94395239149915, "RElbowRoll": 33.68947536984717, "RElbowYaw": 90, "RShoulderPitch": 82.17197455509779}}