{"supportLeg": "Legs", "angles": {"LShoulderRoll": 27.290284558976797, "LShoulderPitch": 94.51872233383999, "RShoulderRoll": -17.52395773414051, "LElbowYaw": -90, "LElbowRoll": -34.280771219325175, "RElbowRoll": 40.68775472532894, "RElbowYaw": -26.087885069787184, "RShoulderPitch": 81.6969002345546}}