{"supportLeg": "Legs", "angles": {"LShoulderRoll": 28.831407386045413, "LShoulderPitch": 111.29790117049738, "RShoulderRoll": -27.986969602023084, "LElbowYaw": 0, "LElbowRoll": -47.34104326433342, "RElbowRoll": 50.067083185632555, "RElbowYaw": -26.45737306230459, "RShoulderPitch": 73.9135716207199}}