{"supportLeg": "RLeg", "angles": {"LShoulderRoll": -9.487635365483156, "LShoulderPitch": 96.72732160201387, "RShoulderRoll": -76, "LElbowYaw": -90, "LElbowRoll": -8.224757762079264, "RElbowRoll": 2.7129381649362756, "RElbowYaw": 0, "RShoulderPitch": 32.68856110949133}}