{"supportLeg": "Legs", "angles": {"LShoulderRoll": 18.754190814797443, "LShoulderPitch": 83.24219379543449, "RShoulderRoll": -17.832205022492822, "LElbowYaw": -90, "LElbowRoll": -27.49796986904923, "RElbowRoll": 24.151104005021097, "RElbowYaw": 90, "RShoulderPitch": 82.0148590702124}}