{"supportLeg": "RLeg", "angles": {"LShoulderRoll": -18, "LShoulderPitch": 118, "RShoulderRoll": -76, "LElbowYaw": -196.25534119219677, "LElbowRoll": -82.59328774305406, "RElbowRoll": 2.7131505913012575, "RElbowYaw": 0, "RShoulderPitch": 28.447246506034226}}