{"supportLeg": "RLeg", "angles": {"LShoulderRoll": 19.845736817540597, "LShoulderPitch": 40.55946807030648, "RShoulderRoll": -76, "LElbowYaw": -118.39248761205123, "LElbowRoll": -137.6464929494515, "RElbowRoll": 2.717804751531105, "RElbowYaw": 0, "RShoulderPitch": 28.454460906154573}}