{"supportLeg": "RLeg", "angles": {"LShoulderRoll": 23.5896070825072, "LShoulderPitch": 40.80594230887647, "RShoulderRoll": -76, "LElbowYaw": -116.09160789407451, "LElbowRoll": -140.41079191895255, "RElbowRoll": 2.71894951687338, "RElbowYaw": 0, "RShoulderPitch": 28.457923712967087}}