{"supportLeg": "RLeg", "angles": {"LShoulderRoll": 26.032869741286788, "LShoulderPitch": 39.3623786292616, "RShoulderRoll": -76, "LElbowYaw": -114.13079004707967, "LElbowRoll": -139.17656504707477, "RElbowRoll": 2.722663973967542, "RElbowYaw": 0, "RShoulderPitch": 28.463322603359472}}