{"supportLeg": "Legs", "angles": {"LShoulderRoll": 23.366098554341445, "LShoulderPitch": 86.59318478682405, "RShoulderRoll": -19.640340801738397, "LElbowYaw": -90, "LElbowRoll": -28.558361301988327, "RElbowRoll": 18.669932809091137, "RElbowYaw": 90, "RShoulderPitch": 81.37937847940508}}