{"supportLeg": "Legs", "angles": {"LShoulderRoll": 24.604184364918986, "LShoulderPitch": 89.61496238734132, "RShoulderRoll": -25.439541971058965, "LElbowYaw": -90, "LElbowRoll": -28.804126507876475, "RElbowRoll": 24.659280085846973, "RElbowYaw": 90, "RShoulderPitch": 80.80327198167939}}