{"min_typicality": [0.595, 0.3733333333333333, 0.4275, 0.47333333333333333, 0.5033333333333334, 0.34388888888888886, 0.5700000000000001, 0.43166666666666664, 0.6266666666666667, 0.47833333333333333], "criterion2": 0, "average_typicality Criterion1": 0.42028985507246375, "single_results": {"abevxuhnwbhewzza": 0.43478260869565216, "fcevxzhnwbwrwazl": 0.4057971014492754, "acevxuhnwbzrwaea": 0.37681159420289856, "msevxuhnwihcaze": 0.43478260869565216, "abevxuhnwbzrwazc": 0.37681159420289856, "ncwixpmnwbzrwazc": 0.42028985507246375, "wbevysgnwfhqwvza": 0.43478260869565216, "ncwixpmwnczrwazc": 0.4492753623188406, "ebevyitcjifqwvyl": 0.4492753623188406, "ebmvxuhnwbzqwvyl": 0.42028985507246375}, "abevxuhnwbzrwazcncwixpmwnczrwazcfcevxzhnwbwrwazlwbevysgnwfhqwvzaebmvxuhnwbzqwvylebevyitcjifqwvylacevxuhnwbzrwaeancwixpmnwbzrwazcabevxuhnwbhewzzamsevxuhnwihcaze": 0.6837606837606838}