{"azbvmwmnyacdzwxr": 0.5925925925925926, "average_typicality": 0.6250000000000002, "arfqgrmnylrrqoxr": 0.6111111111111112, "anbihrpnaacwzwth": 0.6203703703703703, "azbihrpnyaubzwtrazbvhwmnyrrrzwxrazbvhwmnyaubzwxrazevhwjnyhubpbxrarfqgrmnylrrqoxrazbvmwmnyacdzwxranbihrpnaacwzwthazfqgrmnylrrzdtrazbvhelnxacwzwxrmrsqbrpfyrrrqxx": 0.6976744186046512, "azfqgrmnylrrzdtr": 0.6388888888888888, "azbvhwmnyrrrzwxr": 0.6296296296296297, "mrsqbrpfyrrrqxx": 0.6388888888888888, "azbvhelnxacwzwxr": 0.6388888888888888, "azevhwjnyhubpbxr": 0.6481481481481481, "azbihrpnyaubzwtr": 0.6111111111111112, "azbvhwmnyaubzwxr": 0.6203703703703703}