{"min_typicality": [0.4766666666666667, 0.4238888888888888, 0.44657894736842096, 0.3840476190476191, 0.3432352941176471, 0.4766666666666667, 0.4038888888888889, 0.3402631578947368, 0.365, 0.2632352941176471], "criterion2": 1, "single_results": {"azbvmwmnyacdzwxr": 0.5925925925925926, "arfqgrmnylrrqoxr": 0.6111111111111112, "anbihrpnaacwzwth": 0.6203703703703703, "azfqgrmnylrrzdtr": 0.6388888888888888, "azbvhwmnyrrrzwxr": 0.6296296296296297, "mrsqbrpfyrrrqxx": 0.6388888888888888, "azbvhelnxacwzwxr": 0.6388888888888888, "azevhwjnyhubpbxr": 0.6481481481481481, "azbihrpnyaubzwtr": 0.6111111111111112, "azbvhwmnyaubzwxr": 0.6203703703703703}, "azbihrpnyaubzwtrazbvhwmnyrrrzwxrazbvhwmnyaubzwxrazevhwjnyhubpbxrarfqgrmnylrrqoxrazbvmwmnyacdzwxranbihrpnaacwzwthazfqgrmnylrrzdtrazbvhelnxacwzwxrmrsqbrpfyrrrqxx": 0.6976744186046512, "average_typicality Criterion1": 0.6250000000000002}