{"avdxbnzhaywtzulr": 0.5119047619047619, "abtxbnzhgvwizmyr": 0.5238095238095238, "avtxbnzhgywizmy": 0.5119047619047619, "avtxvnxtwywizmyr": 0.5357142857142857, "avtxvnxtwywizmyrabimvnzkgyvzzjldabdcbnztgyvizmyrabervnzxgywizmyrabimvnpkgyvnzjlbabyrfnqtwywizmynabtxbnzhgvwizmyravdxbnzhaywtzulrabtxbnzhgywizmyravtxbnzhgywizmy": 0.6916666666666667, "average_typicality": 0.519047619047619, "abdcbnztgyvizmyr": 0.5357142857142857, "abervnzxgywizmyr": 0.5119047619047619, "abimvnzkgyvzzjld": 0.5, "abimvnpkgyvnzjlb": 0.5357142857142857, "abtxbnzhgywizmyr": 0.5, "abyrfnqtwywizmyn": 0.5238095238095238}