{"min_typicality": [0.4808823529411765, 0.4808823529411765, 0.4808823529411765, 0.4808823529411765, 0.4808823529411765, 0.4808823529411765, 0.4808823529411765, 0.4808823529411765, 0.4808823529411765, 0.49875], "criterion2": 0, "average_typicality Criterion1": 0.5023809523809524, "single_results": {"ratyvmnbaharyizx": 0.5, "ratyvmnbaharyiz": 0.5238095238095238}, "ratyvmnbaharyizxratyvmnbaharyizxratyvmnbaharyizxratyvmnbaharyizxratyvmnbaharyizxratyvmnbaharyizxratyvmnbaharyizxratyvmnbaharyizxratyvmnbaharyizxratyvmnbaharyiz": 0.5714285714285714}