{"min_typicality": [0.41500000000000004, 0.41500000000000004, 0.41500000000000004, 0.41500000000000004, 0.41500000000000004, 0.41500000000000004, 0.41500000000000004, 0.41500000000000004, 0.41500000000000004, 0.375], "single_results": {"cahzvmyazwnfxybr": 0.6111111111111112, "cahzvmyazwnfxyb": 0.6018518518518519}, "criterion2": 1, "cahzvmyazwnfxybrcahzvmyazwnfxybrcahzvmyazwnfxybrcahzvmyazwnfxybrcahzvmyazwnfxybrcahzvmyazwnfxybrcahzvmyazwnfxybrcahzvmyazwnfxybrcahzvmyazwnfxybrcahzvmyazwnfxyb": 0.7222222222222222, "average_typicality Criterion1": 0.6101851851851852}