{"afrzjxntbygymqp": 0.6203703703703703, "azrlexnvryahzxcr": 0.5925925925925926, "airceknqkxihzqpn": 0.6296296296296297, "aircewnvbyahzxcr": 0.6018518518518519, "azjbhbntbygymkpr": 0.6296296296296297, "azxuewnubxahauwr": 0.6296296296296297, "azrbewnvbyahzxcr": 0.6111111111111112, "azrbewnvbyahzxcrazrlexnvryahzxcracrjlwctbpahztddaircewnvbyahzxcrazxuewnubxahauwrazruewctbylhtxdrairceknqkxihzqpnazjbhbntbygymkprazrbebntbylhtxdrafrzjxntbygymqp": 0.7674418604651163, "average_typicality": 0.6185185185185185, "azrbebntbylhtxdr": 0.6481481481481481, "acrjlwctbpahztdd": 0.6388888888888888, "azruewctbylhtxdr": 0.5833333333333334}