{"min_typicality": [0.41264705882352937, 0.4525, 0.5700000000000001, 0.35833333333333334, 0.5058823529411764, 0.5075000000000001, 0.4728947368421052, 0.5422222222222223, 0.5208823529411764, 0.4714705882352941], "criterion2": 0, "adntzaiykkngiawzavntwrwyxwygyawzavntzriybmbgyawzavnzwzwzvtnhfauzavntzrhybmbaiawzavnzgrhykybaiauzavwngzpzxrbaiackavntzrhyxmbgiawzavntzrhwbjbgyawzamnizrhyxmnavaw": 0.6166666666666667, "single_results": {"adntzaiykkngiawz": 0.5476190476190477, "avntwrwyxwygyawz": 0.5238095238095238, "avnzgrhykybaiauz": 0.5, "avwngzpzxrbaiack": 0.5476190476190477, "avnzwzwzvtnhfauz": 0.5476190476190477, "avntzriybmbgyawz": 0.47619047619047616, "avntzrhybmbaiawz": 0.5, "avntzrhwbjbgyawz": 0.5119047619047619, "avntzrhyxmbgiawz": 0.5119047619047619, "amnizrhyxmnavaw": 0.47619047619047616}, "average_typicality Criterion1": 0.5142857142857143}