{"min_typicality": [0.7540909090909091, 0.745, 0.4325, 0.6207142857142857, 0.3870588235294118, 0.975, 0.8995454545454546, 0.8200000000000001, 0.5137499999999999, 0.6661538461538462], "criterion2": 0, "single_results": {"azrtxnwymzgtwxay": 0.18, "ptrtomucmzvtwxdt": 0.26, "vgrnxnlymzvtwxd": 0.21568627450980393, "azrtxnwymzeswxay": 0.21568627450980393, "ptrtxnwymzgtwxdt": 0.22, "lmztxnwympjsuldj": 0.28, "fmzionwcmzdjuxdj": 0.3, "aykgdnoytzjtwxaa": 0.22, "gzrnxnwymzvxxxay": 0.22448979591836735, "azrtxnwomngowxay": 0.22}, "gzrnxnwymzvxxxayptrtxnwymzgtwxdtptrtomucmzvtwxdtaykgdnoytzjtwxaafmzionwcmzdjuxdjazrtxnwymzgtwxayazrtxnwomngowxayazrtxnwymzeswxaylmztxnwympjsuldjvgrnxnlymzvtwxd": 0.6640625, "average_typicality Criterion1": 0.23358623449379756}