{"azbevxwhnrmywzbaavbraxwvnrypazksavwraxwhgriyggxcazbraxwhnrmywzbaazbevxwhnbmywzbadegwatuhnaumbzxaafjkglwvztypazktazbjwxwtnrypunuaazbevxwhnrmywazaazbevxwhnrmywzb": 0.6859504132231405, "degwatuhnaumbzxa": 0.6018518518518519, "azbjwxwtnrypunua": 0.5925925925925926, "azbevxwhnrmywzba": 0.6111111111111112, "azbraxwhnrmywzba": 0.6574074074074074, "afjkglwvztypazkt": 0.6018518518518519, "azbevxwhnrmywzb": 0.6203703703703703, "avwraxwhgriyggxc": 0.6481481481481481, "average_typicality": 0.6157407407407408, "azbevxwhnrmywaza": 0.6111111111111112, "azbevxwhnbmywzba": 0.6018518518518519, "avbraxwvnrypazks": 0.6111111111111112}