{"ayrgoeiyvaiajhvfazrtbhmyzniwgxvaazrtehnyzniwgovaazrtbhmyzniwghvaazrtbemyzniwgxvauzrtbwmyvpuxbawaamrwxeayvniagziaazxkoeiytniaauyxamrwxeayvpuagsaaamrwxeayvpuxlsa": 0.6341463414634146, "average_typicality": 0.5190476190476191, "azxkoeiytniaauyx": 0.5357142857142857, "azrtbhmyzniwghva": 0.47619047619047616, "amrwxeayvniagzia": 0.5238095238095238, "amrwxeayvpuxlsa": 0.5595238095238095, "ayrgoeiyvaiajhvf": 0.5476190476190477, "azrtbemyzniwgxva": 0.5, "azrtehnyzniwgova": 0.5238095238095238, "amrwxeayvpuagsaa": 0.5357142857142857, "azrtbhmyzniwgxva": 0.5, "uzrtbwmyvpuxbawa": 0.4880952380952381}