{"min_typicality": [0.37764705882352945, 0.5772222222222222, 0.5294444444444444, 0.56, 0.5387500000000001, 0.47166666666666657, 0.4708823529411765, 0.3820588235294118, 0.366578947368421, 0.38264705882352945], "criterion2": 0, "ayrgoeiyvaiajhvfazrtbhmyzniwgxvaazrtehnyzniwgovaazrtbhmyzniwghvaazrtbemyzniwgxvauzrtbwmyvpuxbawaamrwxeayvniagziaazxkoeiytniaauyxamrwxeayvpuagsaaamrwxeayvpuxlsa": 0.6341463414634146, "single_results": {"azxkoeiytniaauyx": 0.5357142857142857, "azrtbhmyzniwghva": 0.47619047619047616, "amrwxeayvniagzia": 0.5238095238095238, "amrwxeayvpuxlsa": 0.5595238095238095, "ayrgoeiyvaiajhvf": 0.5476190476190477, "azrtbemyzniwgxva": 0.5, "azrtehnyzniwgova": 0.5238095238095238, "amrwxeayvpuagsaa": 0.5357142857142857, "azrtbhmyzniwgxva": 0.5, "uzrtbwmyvpuxbawa": 0.4880952380952381}, "average_typicality Criterion1": 0.5190476190476191}