{"avtxvnxtwywizmyrabimvnzkgyvzzjldabdcbnztgyvizmyrabervnzxgywizmyrabimvnpkgyvnzjlbabyrfnqtwywizmynabtxbnzhgvwizmyravdxbnzhaywtzulrabtxbnzhgywizmyravtxbnzhgywizmy": 0.6916666666666667, "min_typicality": [0.50875, 0.42157894736842105, 0.5208823529411764, 0.5144444444444445, 0.42157894736842105, 0.43647058823529417, 0.5422222222222223, 0.5042105263157896, 0.5552941176470589, 0.48944444444444435], "criterion2": 0, "single_results": {"avdxbnzhaywtzulr": 0.5119047619047619, "abtxbnzhgvwizmyr": 0.5238095238095238, "avtxbnzhgywizmy": 0.5119047619047619, "avtxvnxtwywizmyr": 0.5357142857142857, "abdcbnztgyvizmyr": 0.5357142857142857, "abervnzxgywizmyr": 0.5119047619047619, "abimvnzkgyvzzjld": 0.5, "abimvnpkgyvnzjlb": 0.5357142857142857, "abtxbnzhgywizmyr": 0.5, "abyrfnqtwywizmyn": 0.5238095238095238}, "average_typicality Criterion1": 0.519047619047619}