{"avndzmhyxvzartky": 0.5119047619047619, "ovvnrrsykajartxg": 0.5119047619047619, "avntzmhyxvzaiawzahrwrfcrtqzwiawzavndzrhykajartwyavntzrhyxmbgiawzovvnrrsykajartxgavndzmhyxvzartkyahrwrfcrtljzrwfzavndzrurtajhrtsyovjwrnvwmljzdwwgovvwrfcrtqjzrww": 0.6744186046511628, "avndzrhykajartwy": 0.4880952380952381, "ovvwrfcrtqjzrww": 0.5476190476190477, "avntzrhyxmbgiawz": 0.5119047619047619, "ahrwrfcrtljzrwfz": 0.5595238095238095, "average_typicality": 0.5214285714285714, "ahrwrfcrtqzwiawz": 0.5357142857142857, "ovjwrnvwmljzdwwg": 0.5238095238095238, "avndzrurtajhrtsy": 0.5238095238095238, "avntzmhyxvzaiawz": 0.5}