{"min_typicality": [0.4714705882352941, 0.4183333333333332, 0.5349999999999999, 0.5422222222222223, 0.34388888888888886, 0.52, 0.33375, 0.48249999999999993, 0.2632352941176471, 0.2688235294117647], "criterion2": 0, "average_typicality Criterion1": 0.5214285714285714, "single_results": {"avndzmhyxvzartky": 0.5119047619047619, "ovvnrrsykajartxg": 0.5119047619047619, "avndzrhykajartwy": 0.4880952380952381, "ovvwrfcrtqjzrww": 0.5476190476190477, "avntzrhyxmbgiawz": 0.5119047619047619, "ahrwrfcrtljzrwfz": 0.5595238095238095, "ahrwrfcrtqzwiawz": 0.5357142857142857, "ovjwrnvwmljzdwwg": 0.5238095238095238, "avndzrurtajhrtsy": 0.5238095238095238, "avntzmhyxvzaiawz": 0.5}, "avntzmhyxvzaiawzahrwrfcrtqzwiawzavndzrhykajartwyavntzrhyxmbgiawzovvnrrsykajartxgavndzmhyxvzartkyahrwrfcrtljzrwfzavndzrurtajhrtsyovjwrnvwmljzdwwgovvwrfcrtqjzrww": 0.6744186046511628}