{"snwnwdfjtzxhuavc": 0.5476190476190477, "kgrgeibngcxhyizc": 0.5119047619047619, "anrgeibntgjhjazy": 0.5238095238095238, "anrgetbnmzavyazz": 0.5238095238095238, "avrgwtbnmzxhyazaanrgetbnmzavyazzavrgwtbnmzxbiayaanaheionmkmvyazzsnwnwdfjtzxhuavcanwujtfjizjhyazykgrgeibngcxhyizcanrgeibntgjhjazycjwgvirnsqavyaxyajwgeibnmzxhyaz": 0.7045454545454546, "avrgwtbnmzxhyaza": 0.5, "avrgwtbnmzxbiaya": 0.4880952380952381, "anaheionmkmvyazz": 0.5357142857142857, "anwujtfjizjhyazy": 0.5238095238095238, "average_typicality": 0.5178571428571428, "cjwgvirnsqavyaxy": 0.5357142857142857, "ajwgeibnmzxhyaz": 0.4880952380952381}