{"min_typicality": [0.4099999999999999, 0.434047619047619, 0.41657894736842094, 0.391578947368421, 0.43999999999999995, 0.381578947368421, 0.45666666666666667, 0.4766666666666667, 0.44657894736842096, 0.4120588235294118], "criterion2": 1, "azgenxprhwzbvybaazhenxvrcfzmwybaayzenxvrcwzdyyoaahhinbzuowzcylbaazhenxvrcwzmwybaizxmnxvucwzmvybaahhinxvrwwzmwlbaakhxnxvrzgzadybaazhxnxvrcwzmwybaahhinbzuzgzadyb": 0.6724137931034483, "single_results": {"ayzenxvrcwzdyyoa": 0.6481481481481481, "ahhinbzuowzcylba": 0.6296296296296297, "akhxnxvrzgzadyba": 0.6203703703703703, "azgenxprhwzbvyba": 0.6388888888888888, "ahhinbzuzgzadyb": 0.6759259259259259, "azhxnxvrcwzmwyba": 0.6203703703703703, "azhenxvrcwzmwyba": 0.6111111111111112, "azhenxvrcfzmwyba": 0.5925925925925926, "izxmnxvucwzmvyba": 0.6481481481481481, "ahhinxvrwwzmwlba": 0.6296296296296297}, "average_typicality Criterion1": 0.6314814814814814}