{"abevxuhnwbhewzza": 0.43478260869565216, "fcevxzhnwbwrwazl": 0.4057971014492754, "average_typicality": 0.42028985507246375, "acevxuhnwbzrwaea": 0.37681159420289856, "msevxuhnwihcaze": 0.43478260869565216, "abevxuhnwbzrwazcncwixpmwnczrwazcfcevxzhnwbwrwazlwbevysgnwfhqwvzaebmvxuhnwbzqwvylebevyitcjifqwvylacevxuhnwbzrwaeancwixpmnwbzrwazcabevxuhnwbhewzzamsevxuhnwihcaze": 0.6837606837606838, "abevxuhnwbzrwazc": 0.37681159420289856, "ncwixpmnwbzrwazc": 0.42028985507246375, "wbevysgnwfhqwvza": 0.43478260869565216, "ncwixpmwnczrwazc": 0.4492753623188406, "ebevyitcjifqwvyl": 0.4492753623188406, "ebmvxuhnwbzqwvyl": 0.42028985507246375}