{"znhvbacubxewzarb": 0.391304347826087, "gwoybtccbxazzalz": 0.4492753623188406, "abhvbarcbxapznrz": 0.4492753623188406, "anhvbacbbxewzarz": 0.4057971014492754, "abhvbaccbxuwzarz": 0.391304347826087, "anhsbhcbbhapznrb": 0.43478260869565216, "hncvkaccbbuzzho": 0.4492753623188406, "dnhwbacvbxewxarz": 0.37681159420289856, "average_typicality": 0.4144927536231885, "anhvbacubxewzarz": 0.37681159420289856, "znhvbacubxewzarbanhvbacbbxewzarzrnhveacubwapznrbdnhwbacvbxewxarzabhvbaccbxuwzarzanhsbhcbbhapznrbabhvbarcbxapznrzanhvbacubxewzarzgwoybtccbxazzalzhncvkaccbbuzzho": 0.6833333333333333, "rnhveacubwapznrb": 0.42028985507246375}