{"ayzenxvrcwzdyyoa": 0.6481481481481481, "ahhinbzuowzcylba": 0.6296296296296297, "akhxnxvrzgzadyba": 0.6203703703703703, "azgenxprhwzbvyba": 0.6388888888888888, "ahhinbzuzgzadyb": 0.6759259259259259, "azhxnxvrcwzmwyba": 0.6203703703703703, "azhenxvrcwzmwyba": 0.6111111111111112, "azhenxvrcfzmwyba": 0.5925925925925926, "izxmnxvucwzmvyba": 0.6481481481481481, "average_typicality": 0.6314814814814814, "azgenxprhwzbvybaazhenxvrcfzmwybaayzenxvrcwzdyyoaahhinbzuowzcylbaazhenxvrcwzmwybaizxmnxvucwzmvybaahhinxvrwwzmwlbaakhxnxvrzgzadybaazhxnxvrcwzmwybaahhinbzuzgzadyb": 0.6724137931034483, "ahhinxvrwwzmwlba": 0.6296296296296297}